-- phpMyAdmin SQL Dump
-- version 5.2.1
-- https://www.phpmyadmin.net/
--
-- Host: 127.0.0.1
-- Generation Time: Mar 05, 2026 at 02:08 PM
-- Server version: 10.4.28-MariaDB
-- PHP Version: 8.1.12

SET SQL_MODE = "NO_AUTO_VALUE_ON_ZERO";
START TRANSACTION;
SET time_zone = "+00:00";


/*!40101 SET @OLD_CHARACTER_SET_CLIENT=@@CHARACTER_SET_CLIENT */;
/*!40101 SET @OLD_CHARACTER_SET_RESULTS=@@CHARACTER_SET_RESULTS */;
/*!40101 SET @OLD_COLLATION_CONNECTION=@@COLLATION_CONNECTION */;
/*!40101 SET NAMES utf8mb4 */;

--
-- Database: `evaluation_db`
--

-- --------------------------------------------------------

--
-- Table structure for table `academic_list`
--

CREATE TABLE `academic_list` (
  `id` int(30) NOT NULL,
  `year` text NOT NULL,
  `semester` int(30) NOT NULL,
  `is_default` tinyint(1) NOT NULL DEFAULT 0,
  `status` int(1) NOT NULL DEFAULT 0 COMMENT '0=Pending,1=Start,2=Closed'
) ENGINE=InnoDB DEFAULT CHARSET=utf8mb4 COLLATE=utf8mb4_general_ci;

--
-- Dumping data for table `academic_list`
--

INSERT INTO `academic_list` (`id`, `year`, `semester`, `is_default`, `status`) VALUES
(5, '2025-2026', 1, 1, 1);

-- --------------------------------------------------------

--
-- Table structure for table `activity_logs`
--

CREATE TABLE `activity_logs` (
  `id` int(11) NOT NULL,
  `user_type` enum('admin','faculty','student') NOT NULL,
  `user_id` int(11) NOT NULL,
  `username` varchar(100) NOT NULL,
  `action` varchar(255) NOT NULL,
  `description` text NOT NULL,
  `timestamp` datetime NOT NULL DEFAULT current_timestamp()
) ENGINE=InnoDB DEFAULT CHARSET=utf8mb4 COLLATE=utf8mb4_general_ci;

--
-- Dumping data for table `activity_logs`
--

INSERT INTO `activity_logs` (`id`, `user_type`, `user_id`, `username`, `action`, `description`, `timestamp`) VALUES
(1, 'admin', 1, 'admin', 'Login', 'Admin Administrator  logged in', '2026-01-28 18:49:42'),
(2, 'faculty', 38, 'test123', 'Login', 'Faculty test 123 logged in', '2026-01-28 18:56:30'),
(3, 'admin', 1, 'admin', 'Login', 'Admin Administrator  logged in', '2026-01-28 18:58:23'),
(4, 'admin', 1, 'admin', 'Login', 'Admin Administrator  logged in', '2026-01-28 19:07:55'),
(5, 'admin', 5, 'test123', 'Password Changed', 'Admin \'test123\' changed their password', '2026-01-28 19:08:33'),
(6, 'faculty', 38, 'test123', 'Login', 'Faculty test 123 logged in', '2026-01-28 19:11:15'),
(7, 'faculty', 38, 'test123', 'Login', 'Faculty test 123 logged in', '2026-01-29 21:57:53'),
(8, 'admin', 1, 'admin', 'Login', 'Admin Administrator  logged in', '2026-01-29 21:58:45'),
(9, 'student', 20, 'Aizel123', 'Account Updated', 'Student account \'Aizel Dela Cruz\' was updated', '2026-01-29 21:59:54'),
(10, 'student', 90, 'asd123', 'Account Created', 'Student account \'asd 123\' (asd123) was created', '2026-01-29 22:23:09'),
(11, 'student', 90, 'asd123', 'Login', 'Student asd  123 logged in', '2026-01-29 22:23:18'),
(12, 'admin', 1, 'admin', 'Login', 'Admin Administrator   logged in', '2026-01-29 22:24:12'),
(13, 'faculty', 38, 'test123', 'Login', 'Faculty test  123 logged in', '2026-01-29 22:27:30'),
(14, 'student', 90, 'asd123', 'Login', 'Student asd  123 logged in', '2026-01-29 22:27:46'),
(15, 'admin', 1, 'admin', 'Login', 'Admin Administrator   logged in', '2026-01-29 22:28:06'),
(16, 'admin', 1, 'admin', 'Class Created', 'Class \'BSIT 2 - B\' was created', '2026-01-29 22:29:23'),
(17, 'faculty', 38, 'test123', 'Login', 'Faculty test  123 logged in', '2026-01-29 22:43:19'),
(18, 'admin', 1, 'admin', 'Login', 'Admin Administrator   logged in', '2026-01-29 22:43:35'),
(19, 'student', 90, 'asd123', 'Login', 'Student asd  123 logged in', '2026-01-29 22:44:38'),
(20, 'admin', 1, 'admin', 'Login', 'Admin Administrator   logged in', '2026-01-29 22:45:27'),
(21, 'student', 90, 'asd123', 'Account Updated', 'Student account \'asd 123\' was updated', '2026-01-29 22:46:17'),
(22, 'student', 90, 'asd123', 'Login', 'Student asd  123 logged in', '2026-01-29 22:46:30'),
(23, 'faculty', 38, 'test123', 'Login', 'Faculty test  123 logged in', '2026-01-29 22:46:50'),
(24, 'admin', 1, 'admin', 'Login', 'Admin Administrator   logged in', '2026-01-29 22:47:04'),
(25, 'admin', 1, 'admin', 'Class Created', 'Class \'BSIT 3 - C\' was created', '2026-01-29 22:48:55'),
(26, 'admin', 1, 'admin', 'Bulk Student Update', '1 student(s) updated to BSIT 3 - C', '2026-01-29 23:09:29'),
(27, 'student', 20, 'Aizel123', 'Login', 'Student Aizel  Dela Cruz logged in', '2026-02-01 20:58:44'),
(28, 'admin', 3, '', 'Class Created', 'Class \'BSAIS 4 - B\' was created', '2026-02-01 21:12:07'),
(29, 'student', 91, 'pogiakez', 'Account Created', 'Student account \'Ivan Joseph Lubao\' (pogiakez) was created', '2026-02-01 21:18:19'),
(30, 'student', 91, 'pogiakez', 'Login', 'Student Ivan Joseph Peralta Lubao logged in', '2026-02-01 21:18:39'),
(31, 'student', 91, 'pogiakez', 'Login', 'Student Ivan Joseph Peralta Lubao logged in', '2026-02-01 21:22:41'),
(32, 'student', 91, 'pogiakez', 'Login', 'Student Ivan Joseph Peralta Lubao logged in', '2026-02-01 21:28:23'),
(33, 'admin', 3, '', 'Subject Created', 'Subject \'BAHR 6 - Labor Relation and Negotiation\' was created', '2026-02-01 23:14:37'),
(34, 'student', 91, 'Alzeah', 'Account Updated', 'Student account \'Alzeah Andaya\' was updated', '2026-02-01 23:22:41'),
(35, 'student', 91, 'Alzeah', 'Login', 'Student Alzeah  Andaya logged in', '2026-02-01 23:22:49'),
(36, 'student', 91, 'Alzeah', 'Login', 'Student Alzeah  Andaya logged in', '2026-02-01 23:27:37'),
(37, 'admin', 1, 'admin', 'Login', 'Admin Administrator   logged in', '2026-02-01 23:50:59'),
(38, 'student', 91, 'Alzeah', 'Login', 'Student Alzeah  Andaya logged in', '2026-02-01 23:57:59'),
(39, 'student', 91, 'Alzeah', 'Login', 'Student Alzeah  Andaya logged in', '2026-02-01 23:58:47'),
(40, 'student', 91, 'alzeah@student.com', 'Login', 'Student Alzeah  Andaya logged in', '2026-02-02 00:56:34'),
(41, 'student', 468, 'carmela@student.com', 'Login', 'Student Carmela  Viernes logged in', '2026-02-02 01:11:05'),
(42, 'admin', 3, '', 'Subject Created', 'Subject \'BAHR 7 - Administrative and Office Management\' was created', '2026-02-02 01:24:09'),
(43, 'admin', 3, '', 'Subject Created', 'Subject \'BAHREL 2 - Managerial Accounting\' was created', '2026-02-02 01:24:59'),
(44, 'admin', 3, '', 'Subject Created', 'Subject \'BAHREL 3 - Project Management\' was created', '2026-02-02 01:25:34'),
(45, 'admin', 3, '', 'Subject Created', 'Subject \'BAHREL 4 - Performance Management\' was created', '2026-02-02 01:26:09'),
(46, 'admin', 3, '', 'Subject Created', 'Subject \'TEPEL 1 - Teaching Multi-Grade Classes\' was created', '2026-02-02 01:31:02'),
(47, 'admin', 3, '', 'Subject Created', 'Subject \'TEMAC 1 - Teaching Mathematics in the Primary Grades\' was created', '2026-02-02 01:31:53'),
(48, 'admin', 3, '', 'Subject Created', 'Subject \'TESC 1 - Teaching Science in the Primary Grades (Biology and Chemistry)\' was created', '2026-02-02 01:32:31'),
(49, 'admin', 3, '', 'Subject Created', 'Subject \'TEMUC 1 - Teaching Music in the Elementary Grades\' was created', '2026-02-02 01:33:03'),
(50, 'student', 192, 'abegail@student.com', 'Login', 'Student Abegail  Dupra logged in', '2026-02-02 01:39:18'),
(51, 'student', 506, 'johndaniele@student.com', 'Login', 'Student John Daniele  Manglicmot logged in', '2026-02-02 08:21:32'),
(52, 'admin', 1, 'admin', 'Subject Created', 'Subject \'GE 6 - Art Appreciation\' was created', '2026-02-02 08:22:17'),
(53, 'admin', 1, 'admin', 'Subject Created', 'Subject \'GEEL 5 - Philippine Popular Culture\' was created', '2026-02-02 08:23:43'),
(54, 'admin', 1, 'admin', 'Subject Created', 'Subject \'TEP 9  - Assessment of Learning 2\' was created', '2026-02-02 08:24:05'),
(55, 'admin', 1, 'admin', 'Subject Created', 'Subject \'TEP 10 - The Teacher and the Community, School Culture and Organizational Leadership\' was created', '2026-02-02 08:26:07'),
(56, 'admin', 1, 'admin', 'Subject Created', 'Subject \'TSEM 17 - Literacy Criticism\' was created', '2026-02-02 08:27:18'),
(57, 'admin', 1, 'admin', 'Subject Created', 'Subject \'TSEM 20 - Language Learning Materials Development\' was created', '2026-02-02 08:28:00'),
(58, 'admin', 1, 'admin', 'Subject Created', 'Subject \'TSEM 21 - Language Education Research\' was created', '2026-02-02 08:28:45'),
(59, 'student', 481, 'aileenrose@student.com', 'Login', 'Student Aileen Rose  Esquivel logged in', '2026-02-02 08:37:06'),
(60, 'admin', 1, 'admin', 'Academic Year Updated', 'Academic year \'2025-2026 - 1\' was updated', '2026-02-02 08:49:51'),
(61, 'student', 481, 'aileenrose@student.com', 'Login', 'Student Aileen Rose  Esquivel logged in', '2026-02-02 09:08:13'),
(62, 'student', 481, 'aileenrose@student.com', 'Login', 'Student Aileen Rose  Esquivel logged in', '2026-02-02 09:32:59'),
(63, 'student', 549, 'divinamae@student.com', 'Login', 'Student Divina Mae  Legaspi logged in', '2026-02-02 09:35:28'),
(64, 'student', 537, 'jerald@student.com', 'Login', 'Student Jerald  De Guzman logged in', '2026-02-02 09:35:33'),
(65, 'student', 539, 'joshuaangelo@student.com', 'Login', 'Student Joshua Angelo  De Jesus logged in', '2026-02-02 09:35:42'),
(66, 'student', 561, 'irish@student.com', 'Login', 'Student Irish  Simon logged in', '2026-02-02 09:35:44'),
(67, 'student', 533, 'shinjirivearth@student.com', 'Login', 'Student Shinji Rivearth  Aquino logged in', '2026-02-02 09:35:55'),
(68, 'student', 555, 'catherine1@student.com', 'Login', 'Student Catherine  Oracame logged in', '2026-02-02 09:36:57'),
(69, 'admin', 1, 'admin', 'Login', 'Admin Administrator   logged in', '2026-02-02 09:44:46'),
(70, 'admin', 1, 'admin', 'Subject Created', 'Subject \'geel 3 - Gender and Society\' was created', '2026-02-02 09:45:46'),
(71, 'admin', 1, 'admin', 'Subject Updated', 'Subject \'GEEL 3 - Gender and Society\' was updated', '2026-02-02 09:46:07'),
(72, 'admin', 1, 'admin', 'Subject Created', 'Subject \'BACC 4 - Good Governance and Social Responsibility\' was created', '2026-02-02 09:47:27'),
(73, 'admin', 1, 'admin', 'Subject Updated', 'Subject \'BACC 3 - Good Governance and Social Responsibility\' was updated', '2026-02-02 09:47:45'),
(74, 'admin', 1, 'admin', 'Subject Created', 'Subject \'BACC 4 - Business Research\' was created', '2026-02-02 09:48:05'),
(75, 'admin', 1, 'admin', 'Subject Created', 'Subject \'BAFM 4 - Financial Analysis and Reporting\' was created', '2026-02-02 09:48:41'),
(76, 'admin', 1, 'admin', 'Subject Created', 'Subject \'BAFM 5 - Investment and Portfolio Management\' was created', '2026-02-02 09:49:25'),
(77, 'admin', 1, 'admin', 'Subject Created', 'Subject \'BAFMEL 1 - Entrepreneurial Management\' was created', '2026-02-02 09:50:07'),
(78, 'student', 481, 'aileenrose@student.com', 'Login', 'Student Aileen Rose  Esquivel logged in', '2026-02-02 09:58:53'),
(79, 'admin', 4, 'alex', 'Account Updated', 'Admin account \'alex\' was updated', '2026-02-02 10:11:17'),
(80, 'admin', 3, 'helenxocute', 'Account Updated', 'Admin account \'helenxocute\' was updated', '2026-02-02 10:11:31'),
(81, 'admin', 2, 'kise', 'Account Updated', 'Admin account \'kise\' was updated', '2026-02-02 10:11:41'),
(82, 'admin', 6, 'Flore', 'Account Created', 'Admin account \'Flore\' was created', '2026-02-02 10:12:48'),
(83, 'faculty', 19, 'k.manglicmot@faculty.com', 'Login', 'Faculty Kayzel  Manglicmot logged in', '2026-02-02 10:15:37'),
(84, 'student', 424, 'triciamel@student.com', 'Login', 'Student Tricia Mel  Canoza logged in', '2026-02-02 10:41:20'),
(85, 'admin', 2, 'kise', 'Login', 'Admin Kayzy  Oligo logged in', '2026-02-02 10:41:30'),
(86, 'student', 441, 'ferdie@student.com', 'Login', 'Student Ferdie  Miranda logged in', '2026-02-02 10:41:34'),
(87, 'student', 436, 'daniel@student.com', 'Login', 'Student Daniel  Guilang logged in', '2026-02-02 10:41:38'),
(88, 'student', 431, 'roxane@student.com', 'Login', 'Student Roxane  Dumayas logged in', '2026-02-02 10:41:49'),
(89, 'student', 454, 'stephanierose@student.com', 'Login', 'Student Stephanie Rose  Tengco logged in', '2026-02-02 10:41:59'),
(90, 'student', 435, 'marcxander@student.com', 'Login', 'Student Marc Xander  Gaspar logged in', '2026-02-02 10:42:03'),
(91, 'student', 446, 'princess@student.com', 'Login', 'Student Princess  Palayon logged in', '2026-02-02 10:42:08'),
(92, 'student', 427, 'kimberly2@student.com', 'Login', 'Student Kimberly  Dela Cruz logged in', '2026-02-02 10:43:40'),
(93, 'student', 426, 'Joeyremezyra@student.com', 'Login', 'Student Joeyreme Zyra  De Leon logged in', '2026-02-02 10:43:54'),
(94, 'student', 449, 'jamesmichael@student.com', 'Login', 'Student James Michael  Rimando logged in', '2026-02-02 10:45:35'),
(95, 'student', 448, 'marygraze@student.com', 'Login', 'Student Mary Graze  Ramos logged in', '2026-02-02 10:47:46'),
(96, 'student', 439, 'justinejames@student.com', 'Login', 'Student Justine James  Maneclang logged in', '2026-02-02 10:49:24'),
(97, 'student', 185, 'Jodie@student.com', 'Login', 'Student Jodie  Calica logged in', '2026-02-02 12:08:46'),
(98, 'student', 215, 'jefty@student.com', 'Login', 'Student Jefty III  Sagud logged in', '2026-02-02 12:09:04'),
(99, 'student', 208, 'francelexter@student.com', 'Login', 'Student France Lexter  Muli logged in', '2026-02-02 12:09:10'),
(100, 'student', 202, 'rouierashley@student.com', 'Login', 'Student Rouier Ashley  Hermina logged in', '2026-02-02 12:09:12'),
(101, 'student', 182, 'jhebethprince@student.com', 'Login', 'Student Jhebeth Prince  Bunag logged in', '2026-02-02 12:09:45'),
(102, 'student', 223, 'jenielyn@student.com', 'Login', 'Student Jenielyn  Valdez logged in', '2026-02-02 12:10:03'),
(103, 'student', 190, 'mylesanjella@student.com', 'Login', 'Student Myles Anjella  De Jesus logged in', '2026-02-02 12:14:32'),
(104, 'student', 218, 'ellaiza@student.com', 'Login', 'Student Ellaiza  Taberna logged in', '2026-02-02 12:14:35'),
(105, 'student', 198, 'cherish@student.com', 'Login', 'Student Cherish  Garcia logged in', '2026-02-02 12:16:04'),
(106, 'admin', 1, 'admin', 'Login', 'Admin Administrator   logged in', '2026-02-02 12:17:33'),
(107, 'student', 188, 'johncarlo1@student.com', 'Login', 'Student John Carlo  Cunanan logged in', '2026-02-02 12:18:23'),
(108, 'student', 193, 'hazelann@student.com', 'Login', 'Student Hazel Ann  Estabillo logged in', '2026-02-02 12:21:02'),
(109, 'student', 203, 'andreamae@student.com', 'Login', 'Student Andrea Mae  Jose logged in', '2026-02-02 12:21:06'),
(110, 'student', 205, 'kylamariz@student.com', 'Login', 'Student Kyla Mariz  Magno logged in', '2026-02-02 12:21:34'),
(111, 'student', 179, 'marygrace4@student.com', 'Login', 'Student Mary Grace  Balderama logged in', '2026-02-02 12:24:32'),
(112, 'student', 178, 'ricamae@student.com', 'Login', 'Student Rica Mae  Asuncion logged in', '2026-02-02 12:26:08'),
(113, 'student', 219, 'jheraldyne@student.com', 'Login', 'Student Jheraldyne  Tobias logged in', '2026-02-02 12:27:41'),
(114, 'student', 221, 'pauleenjoyce@student.com', 'Login', 'Student Pauleen Joyce  Urmatan logged in', '2026-02-02 12:28:12'),
(115, 'student', 176, 'marjorie@student.com', 'Login', 'Student Marjorie  Arceo logged in', '2026-02-02 12:30:58'),
(116, 'student', 186, 'camille@student.com', 'Login', 'Student Camille  Cuevo logged in', '2026-02-02 12:30:59'),
(117, 'student', 192, 'abegail@student.com', 'Login', 'Student Abegail  Dupra logged in', '2026-02-02 12:32:38'),
(118, 'student', 200, 'russelann@student.com', 'Login', 'Student Russel Ann  Grospe logged in', '2026-02-02 12:32:45'),
(119, 'student', 195, 'airellashley@student.com', 'Login', 'Student Airell Ashley  Fernandez logged in', '2026-02-02 12:33:44'),
(120, 'student', 213, 'kazandracamille@student.com', 'Login', 'Student Kazandra Camille  Ramos logged in', '2026-02-02 12:33:47'),
(121, 'student', 196, 'jameserrol@student.com', 'Login', 'Student James Errol  Francisco logged in', '2026-02-02 12:35:25'),
(122, 'student', 207, 'jasper@student.com', 'Login', 'Student Jasper  Mariano logged in', '2026-02-02 12:35:58'),
(123, 'student', 49, 'alexareena@student.com', 'Login', 'Student alexa reena  bautista logged in', '2026-02-02 14:35:56'),
(124, 'student', 35, 'heartdezaire@student.com', 'Login', 'Student Heart Dezaire  Barcelo logged in', '2026-02-02 14:36:50'),
(125, 'student', 38, 'princesskrishamae@student.com', 'Login', 'Student princess krisha mae  muyot logged in', '2026-02-02 14:37:01'),
(126, 'student', 29, 'francisdion@student.com', 'Login', 'Student Francis Dion  Salvador logged in', '2026-02-02 14:40:15'),
(127, 'student', 34, 'russelvon@student.com', 'Login', 'Student Russel Von  Alarcon logged in', '2026-02-02 14:42:10'),
(128, 'student', 59, 'gilbertquiel@student.com', 'Login', 'Student gilbert quiel  villamar logged in', '2026-02-02 14:43:14'),
(129, 'student', 54, 'jomar@student.com', 'Login', 'Student jomar  marigsa logged in', '2026-02-02 14:43:47'),
(130, 'student', 52, 'michaelaangela@student.com', 'Login', 'Student michaela angela  fajardo logged in', '2026-02-02 14:44:37'),
(131, 'student', 58, 'riannemae@student.com', 'Login', 'Student rianne mae  urgino logged in', '2026-02-02 14:44:57'),
(132, 'student', 55, 'jadeann@student.com', 'Login', 'Student jade ann  paltao logged in', '2026-02-02 14:48:14'),
(133, 'student', 46, 'wilciejoyce@student.com', 'Login', 'Student wilcie joyce  bayan logged in', '2026-02-02 14:51:55'),
(134, 'student', 524, 'mariaashley@student.com', 'Login', 'Student Maria Ashley  Manusig logged in', '2026-02-02 15:11:57'),
(135, 'student', 521, 'karylle@student.com', 'Login', 'Student Karylle  Landeza logged in', '2026-02-02 15:12:01'),
(136, 'student', 525, 'jerome@student.com', 'Login', 'Student Jerome  Marigsa logged in', '2026-02-02 15:12:11'),
(137, 'student', 530, 'czarinajem@student.com', 'Login', 'Student Czarina Jem  Uraga logged in', '2026-02-02 15:13:38'),
(138, 'student', 481, 'aileenrose@student.com', 'Login', 'Student Aileen Rose  Esquivel logged in', '2026-02-03 09:44:38'),
(139, 'student', 122, 'eduardo@student.com', 'Login', 'Student Eduardo  Obina logged in', '2026-02-03 09:55:32'),
(140, 'student', 122, 'eduardo@student.com', 'Login', 'Student Eduardo  Obina logged in', '2026-02-03 10:04:21'),
(141, 'student', 129, 'bernadeth@student.com', 'Login', 'Student Bernadeth  Sacopla logged in', '2026-02-03 10:22:59'),
(142, 'student', 116, 'azhellefaithdyan@student.com', 'Login', 'Student Azhelle Faith Dyan  Guevarra logged in', '2026-02-03 10:23:22'),
(143, 'student', 91, 'alzeah@student.com', 'Login', 'Student Alzeah  Andaya logged in', '2026-02-03 10:23:33'),
(144, 'student', 107, 'lea@student.com', 'Login', 'Student Lea  Fiel logged in', '2026-02-03 10:23:34'),
(145, 'student', 111, 'eunyrhouze@student.com', 'Login', 'Student Euny Rhouze  Frany logged in', '2026-02-03 10:24:23'),
(146, 'student', 109, 'loriejane@student.com', 'Login', 'Student Lorie Jane  Flores logged in', '2026-02-03 10:25:10'),
(147, 'student', 100, 'preciouskate@student.com', 'Login', 'Student Precious Kate  Carpio logged in', '2026-02-03 10:25:37'),
(148, 'student', 95, 'haravel@student.com', 'Login', 'Student Haravel  Atienza logged in', '2026-02-03 10:25:40'),
(149, 'student', 118, 'reymark@student.com', 'Login', 'Student Reymark  Liciawa logged in', '2026-02-03 10:26:03'),
(150, 'student', 98, 'ma.theresa@student.com', 'Login', 'Student Ma. Theresa  Bergado logged in', '2026-02-03 10:28:20'),
(151, 'admin', 1, 'admin', 'Login', 'Admin Administrator   logged in', '2026-02-03 10:28:34'),
(152, 'student', 89, 'jenille@student.com', 'Login', 'Student Jenille  Abuan logged in', '2026-02-03 10:30:38'),
(153, 'student', 105, 'edmond@student.com', 'Login', 'Student Edmond  Domingo logged in', '2026-02-03 10:31:04'),
(154, 'student', 93, 'emmanuel@student.com', 'Login', 'Student Emmanuel  Andrada logged in', '2026-02-03 10:31:04'),
(155, 'student', 120, 'helaena@student.com', 'Login', 'Student Helaena  Melu logged in', '2026-02-03 10:31:29'),
(156, 'student', 103, 'jazlyn@student.com', 'Login', 'Student Jazlyn  Clemente logged in', '2026-02-03 10:31:38'),
(157, 'student', 127, 'Lyka@student.com', 'Login', 'Student Lyka  Quinto logged in', '2026-02-03 10:32:04'),
(158, 'student', 89, 'jenille@student.com', 'Login', 'Student Jenille  Abuan logged in', '2026-02-03 10:32:35'),
(159, 'student', 125, 'frederick@student.com', 'Login', 'Student Frederick  Quinto logged in', '2026-02-03 10:34:08'),
(160, 'student', 98, 'ma.theresa@student.com', 'Login', 'Student Ma. Theresa  Bergado logged in', '2026-02-03 10:34:47'),
(161, 'student', 109, 'loriejane@student.com', 'Login', 'Student Lorie Jane  Flores logged in', '2026-02-03 10:36:23'),
(162, 'student', 105, 'edmond@student.com', 'Login', 'Student Edmond  Domingo logged in', '2026-02-03 10:38:00'),
(163, 'student', 120, 'Helaena@student.com', 'Login', 'Student Helaena  Melu logged in', '2026-02-03 10:38:16'),
(164, 'admin', 2, 'kise', 'Login', 'Admin Kayzy  Oligo logged in', '2026-02-03 10:48:45'),
(165, 'student', 484, 'joyceann@student.com', 'Login', 'Student Joyce Ann  Lictawa logged in', '2026-02-03 11:10:52'),
(166, 'student', 480, 'precious@student.com', 'Login', 'Student Precious  Disameto logged in', '2026-02-03 11:10:56'),
(167, 'student', 487, 'jenmhar@student.com', 'Login', 'Student Jenmhar  Naredo logged in', '2026-02-03 11:10:56'),
(168, 'student', 485, 'berlyn@student.com', 'Login', 'Student Berlyn  Mallari logged in', '2026-02-03 11:11:13'),
(169, 'student', 487, 'jenmhar@student.com', 'Login', 'Student Jenmhar  Naredo logged in', '2026-02-03 11:11:37'),
(170, 'student', 496, 'johnpaul@student.com', 'Login', 'Student John Paul  Vegiga logged in', '2026-02-03 11:11:41'),
(171, 'admin', 1, 'admin', 'Login', 'Admin Administrator   logged in', '2026-02-03 11:12:02'),
(172, 'student', 490, 'rizzajean@student.com', 'Login', 'Student Rizza Jean  Paulino logged in', '2026-02-03 11:12:18'),
(173, 'student', 497, 'kyla@student.com', 'Login', 'Student Kyla  Velasquez logged in', '2026-02-03 11:12:19'),
(174, 'student', 498, 'babylyn1@student.com', 'Login', 'Student Babylyn  Zamora logged in', '2026-02-03 11:12:28'),
(175, 'student', 471, 'jestiny@student.com', 'Login', 'Student Jestiny  Alarcon logged in', '2026-02-03 11:12:39'),
(176, 'student', 494, 'jeric@student.com', 'Login', 'Student Jeric  Ulic-Ulic logged in', '2026-02-03 11:12:45'),
(177, 'student', 488, 'brexannjoy@student.com', 'Login', 'Student Brexann Joy  Nesa logged in', '2026-02-03 11:12:45'),
(178, 'student', 484, 'joyceann@student.com', 'Login', 'Student Joyce Ann  Lictawa logged in', '2026-02-03 11:14:27'),
(179, 'student', 494, 'jeric@student.com', 'Login', 'Student Jeric  Ulic-Ulic logged in', '2026-02-03 11:17:12'),
(180, 'admin', 1, 'admin', 'Login', 'Admin Administrator   logged in', '2026-02-03 11:18:34'),
(181, 'student', 484, 'joyceann@student.com', 'Login', 'Student Joyce Ann  Lictawa logged in', '2026-02-03 11:19:38'),
(182, 'admin', 1, 'admin', 'Login', 'Admin Administrator   logged in', '2026-02-13 19:49:55'),
(183, 'faculty', 19, 'k.manglicmot@faculty.com', 'Login', 'Faculty Kayzel  Manglicmot logged in', '2026-02-13 19:57:01'),
(184, 'student', 192, 'abegail@student.com', 'Login', 'Student Abegail  Dupra logged in', '2026-02-13 19:59:24'),
(185, 'admin', 1, 'admin', 'Login', 'Admin Administrator   logged in', '2026-02-13 20:10:01'),
(186, 'admin', 1, 'admin', 'Login', 'Admin Administrator   logged in', '2026-03-05 16:45:56'),
(187, 'admin', 1, 'admin', 'Bulk Student Update', '1 student(s) updated to BEED 1 - A', '2026-03-05 16:46:32'),
(188, 'admin', 1, 'admin', 'Bulk Student Update', '1 student(s) updated to BEED 2 - A', '2026-03-05 16:46:53'),
(189, 'admin', 1, 'admin', 'Login', 'Admin Administrator   logged in', '2026-03-05 17:09:27'),
(190, 'student', 565, 'test123', 'Account Created', 'Student account \'Test Test\' (test123) was created', '2026-03-05 17:16:46'),
(191, 'student', 565, 'test1234', 'Account Updated', 'Student account \'Test Test\' was updated', '2026-03-05 17:17:09'),
(192, 'student', 565, 'test1234', 'Account Updated', 'Student account \'Test Test\' was updated', '2026-03-05 17:20:12'),
(193, 'admin', 1, 'admin', 'Login', 'Admin Administrator   logged in', '2026-03-05 20:01:54'),
(194, 'student', 566, 'test12345', 'Account Created', 'Student account \'Test Test\' (test12345) was created', '2026-03-05 20:02:40'),
(195, 'student', 567, 'test123456', 'Account Created', 'Student account \'Test Test\' (test123456) was created', '2026-03-05 20:05:32'),
(196, 'student', 566, 'test12345', 'Account Updated', 'Student account \'Test Test\' was updated', '2026-03-05 20:05:49'),
(197, 'admin', 1, 'admin', 'Irregular Subject Added', 'Subject \'GE 6\' added to irregular student \'Test Test\'', '2026-03-05 20:06:04'),
(198, 'admin', 1, 'admin', 'Irregular Subject Added', 'Subject \'AEPEL 1\' added to irregular student \'Test Test\'', '2026-03-05 20:06:25'),
(199, 'admin', 1, 'admin', 'Irregular Subject Added', 'Subject \'GEEL 3\' added to irregular student \'Test Test\'', '2026-03-05 20:08:04'),
(200, 'admin', 1, 'admin', 'Irregular Subject Added', 'Subject \'AIS 10\' added to irregular student \'Test Test\'', '2026-03-05 20:10:28'),
(201, 'admin', 1, 'admin', 'Irregular Subject Added', 'Subject \'TSEM 7\' added to irregular student \'Test Test\'', '2026-03-05 20:14:05'),
(202, 'admin', 1, 'admin', 'Irregular Subject Added', 'Subject \'AEC1\' added to irregular student \'Test Test\'', '2026-03-05 20:18:05'),
(203, 'admin', 1, 'admin', 'Irregular Subject Added', 'Subject \'AEP 5\' added to irregular student \'Test Test\'', '2026-03-05 20:22:28'),
(204, 'admin', 1, 'admin', 'Irregular Subject Added', 'Subject \'TSMM 15\' added to irregular student \'Test Test\'', '2026-03-05 20:27:15'),
(205, 'student', 192, 'abegail@student.com', 'Account Updated', 'Student account \'Abegail Dupra\' was updated', '2026-03-05 20:43:04'),
(206, 'student', 566, 'test12345', 'Login', 'Student Test  Test logged in', '2026-03-05 20:58:19'),
(207, 'admin', 1, 'admin', 'Login', 'Admin Administrator   logged in', '2026-03-05 21:00:51'),
(208, 'student', 565, 'test1234', 'Account Updated', 'Student account \'Test Test\' was updated', '2026-03-05 21:01:05'),
(209, 'student', 566, 'test12345', 'Login', 'Student Test  Test logged in', '2026-03-05 21:01:17'),
(210, 'admin', 1, 'admin', 'Login', 'Admin Administrator   logged in', '2026-03-05 21:01:35'),
(211, 'student', 565, 'test1234', 'Password Changed', 'Student \'Test Test\' changed their password', '2026-03-05 21:01:46'),
(212, 'student', 565, 'test1234', 'Login', 'Student Test  Test logged in', '2026-03-05 21:01:54'),
(213, 'admin', 1, 'admin', 'Login', 'Admin Administrator   logged in', '2026-03-05 21:05:09');

-- --------------------------------------------------------

--
-- Table structure for table `additional_feedback`
--

CREATE TABLE `additional_feedback` (
  `id` int(11) NOT NULL,
  `rating` enum('Good','Neutral','Bad','') DEFAULT NULL,
  `comment` varchar(255) DEFAULT NULL
) ENGINE=InnoDB DEFAULT CHARSET=utf8mb4 COLLATE=utf8mb4_unicode_ci;

--
-- Dumping data for table `additional_feedback`
--

INSERT INTO `additional_feedback` (`id`, `rating`, `comment`) VALUES
(4, 'Neutral', 'sdf'),
(5, 'Good', ''),
(6, 'Good', ''),
(7, 'Good', ''),
(8, 'Neutral', ''),
(9, 'Good', ''),
(10, 'Good', ''),
(11, 'Good', ''),
(12, 'Good', 'Nag bibigay ng madaming examples and very engaging ang pag tuturo'),
(13, 'Good', 'thank u for sharing your knowledge on us'),
(14, 'Good', 'Nothing '),
(15, 'Good', 'Magaling mag turo and nag bibigay ng examples in real life situation. '),
(16, 'Good', 'thank u sir for sharing your knowledge to us'),
(17, 'Good', 'nothing '),
(18, 'Good', 'Mahusay sa pag tuturo, na eexplain ng maayos ang bawat lesson, at very engaging. '),
(19, 'Good', 'Thank you po'),
(20, 'Good', 'nothing '),
(21, 'Good', 'nothing'),
(22, 'Good', 'Maayos na pag tuturo, fun ang klase, at nakikipag engage ng mabuti sa student '),
(23, 'Good', 'Nothing '),
(24, 'Good', 'thank u maam for sharing your knowlege to us'),
(25, 'Good', 'nothing '),
(26, 'Good', 'Magaling mag turo'),
(27, 'Good', 'Nothing '),
(28, 'Good', ''),
(29, 'Good', ''),
(30, 'Good', 'Mahusay na pag tuturo, nag bibigay ng mga real life example, at engaging ang klase'),
(31, 'Good', 'Thank you po'),
(32, 'Good', 'Nothing '),
(33, 'Good', 'thank u maam for sharing you knowledge to us'),
(34, 'Good', 'nothing '),
(35, 'Good', 'Thank you po'),
(36, 'Good', ''),
(37, 'Good', 'thank u sir for sharing your knowlege to us'),
(38, 'Good', 'nothing'),
(39, 'Good', 'Good In discussion '),
(40, 'Good', 'nothing '),
(41, 'Good', 'thank u maam for sharing your knowledge to us'),
(42, 'Good', ''),
(43, 'Good', ''),
(44, 'Good', 'Thank you\r\n'),
(45, 'Good', 'Thank you '),
(46, 'Good', 'Nothing '),
(47, 'Good', 'Thank you'),
(48, 'Good', ''),
(49, 'Good', 'Thank you'),
(50, 'Good', 'Thank you'),
(51, 'Good', 'Thank you'),
(52, 'Good', 'Thank you'),
(53, 'Good', 'Thank you'),
(54, 'Good', 'Magaling po magturo'),
(55, 'Good', 'Good Job!! '),
(56, 'Good', ''),
(57, 'Good', ''),
(58, 'Good', 'Well done!! '),
(59, 'Good', 'thank you po'),
(60, 'Good', ''),
(61, 'Good', ''),
(62, 'Good', ''),
(63, 'Good', ''),
(64, 'Good', ''),
(65, 'Good', ''),
(66, 'Good', ''),
(67, 'Good', ''),
(68, 'Good', ''),
(69, 'Good', ''),
(70, 'Good', ''),
(71, 'Good', ''),
(72, 'Good', ''),
(73, 'Good', 'Good Job! '),
(74, 'Good', ''),
(75, 'Good', ''),
(76, 'Good', ''),
(77, 'Good', ''),
(78, 'Good', ''),
(79, 'Good', 'Well Done!! '),
(80, 'Good', 'Good'),
(81, 'Good', ''),
(82, 'Good', 'Good Job! '),
(83, 'Good', 'Good Job! '),
(84, 'Good', ''),
(85, 'Good', ''),
(86, 'Good', ''),
(87, 'Good', ''),
(88, 'Good', 'Good teaching'),
(89, 'Good', ''),
(90, 'Good', ''),
(91, 'Good', ''),
(92, 'Neutral', ''),
(93, 'Good', ''),
(94, 'Good', ''),
(95, 'Good', ''),
(96, 'Good', ''),
(97, 'Good', ''),
(98, 'Good', ''),
(99, 'Good', ''),
(100, 'Good', ''),
(101, 'Good', ''),
(102, 'Good', 'Good'),
(103, 'Good', ''),
(104, 'Good', ''),
(105, 'Good', ''),
(106, 'Good', ''),
(107, 'Good', ''),
(108, 'Good', ''),
(109, 'Good', 'Good'),
(110, 'Good', ''),
(111, 'Good', ''),
(112, 'Good', ''),
(113, 'Good', ''),
(114, 'Good', ''),
(115, 'Good', ''),
(116, 'Good', ''),
(117, 'Good', 'Good'),
(118, 'Good', ''),
(119, 'Good', ''),
(120, 'Good', ''),
(121, 'Good', ''),
(122, 'Good', ''),
(123, 'Good', ''),
(124, 'Good', ''),
(125, 'Good', ''),
(126, 'Good', ''),
(127, 'Good', ''),
(128, 'Good', ''),
(129, 'Good', ''),
(130, 'Good', ''),
(131, 'Good', ''),
(132, 'Good', ''),
(133, 'Good', ''),
(134, 'Good', ''),
(135, 'Good', ''),
(136, 'Good', ''),
(137, 'Good', ''),
(138, 'Good', ''),
(139, 'Good', ''),
(140, 'Good', ''),
(141, 'Good', 'The best teacher sa lahat.'),
(142, 'Good', ''),
(143, 'Good', ''),
(144, 'Good', ''),
(145, 'Good', ''),
(146, 'Good', ''),
(147, 'Good', ''),
(148, 'Good', ''),
(149, 'Good', ''),
(150, 'Good', ''),
(151, 'Good', ''),
(152, 'Good', ''),
(153, 'Good', ''),
(154, 'Good', ''),
(155, 'Good', ''),
(156, 'Good', ''),
(157, 'Good', ''),
(158, 'Good', ''),
(159, 'Good', ''),
(160, 'Good', ''),
(161, 'Good', ''),
(162, 'Good', ''),
(163, 'Good', ''),
(164, 'Good', ''),
(165, 'Good', ''),
(166, 'Good', ''),
(167, 'Good', ''),
(168, 'Good', ''),
(169, 'Good', ''),
(170, 'Good', ''),
(171, 'Good', ''),
(172, 'Good', ''),
(173, 'Good', ''),
(174, 'Good', ''),
(175, 'Good', ''),
(176, 'Good', ''),
(177, 'Good', 'Very considerate '),
(178, 'Good', ''),
(179, 'Good', ''),
(180, 'Good', ''),
(181, 'Good', ''),
(182, 'Good', ''),
(183, 'Good', ''),
(184, 'Good', ''),
(185, 'Good', ''),
(186, 'Good', ''),
(187, 'Good', ''),
(188, 'Good', ''),
(189, 'Good', ''),
(190, 'Good', ''),
(191, 'Good', ''),
(192, 'Good', ''),
(193, 'Good', ''),
(194, 'Good', ''),
(195, 'Good', ''),
(196, 'Good', ''),
(197, 'Good', ''),
(198, 'Good', ''),
(199, 'Good', '.'),
(200, 'Good', ''),
(201, 'Good', ''),
(202, 'Good', ''),
(203, 'Good', ''),
(204, 'Good', ''),
(205, 'Good', ''),
(206, 'Good', ''),
(207, 'Good', ''),
(208, 'Good', '.'),
(209, 'Good', ''),
(210, 'Good', ''),
(211, 'Good', ''),
(212, 'Good', ''),
(213, 'Good', ''),
(214, 'Good', ''),
(215, 'Good', ''),
(216, 'Good', ''),
(217, 'Good', ''),
(218, 'Good', ''),
(219, 'Good', ''),
(220, 'Good', ''),
(221, 'Good', ''),
(222, 'Good', ''),
(223, 'Good', ''),
(224, 'Good', ''),
(225, 'Good', ''),
(226, 'Good', ''),
(227, 'Good', '🥰🥰🥰'),
(228, 'Good', 'very approachable '),
(229, 'Good', ''),
(230, 'Good', ''),
(231, 'Good', ''),
(232, 'Good', ''),
(233, 'Good', ''),
(234, 'Good', ''),
(235, 'Good', 'so galing mo pooo! 💝'),
(236, 'Good', '😁😁'),
(237, 'Bad', 'nilaglag kami sa mass demo.'),
(238, 'Good', ''),
(239, 'Good', ''),
(240, 'Good', ''),
(241, 'Good', '💓'),
(242, 'Good', '😁😁'),
(243, 'Good', ''),
(244, 'Good', '💝💝💝'),
(245, 'Good', ''),
(246, 'Good', ''),
(247, 'Good', ''),
(248, 'Good', ''),
(249, 'Good', ''),
(250, 'Good', ''),
(251, 'Good', ''),
(252, 'Good', ''),
(253, 'Good', 'Great teacher'),
(254, 'Good', ''),
(255, 'Good', ''),
(256, 'Good', ''),
(257, 'Good', 'Great teacher'),
(258, 'Good', ''),
(259, 'Good', ''),
(260, 'Good', ''),
(261, 'Good', ''),
(262, 'Good', ''),
(263, 'Good', ''),
(264, 'Good', ''),
(265, 'Good', ''),
(266, 'Good', 'Strict but a great teacher.'),
(267, 'Good', ''),
(268, 'Good', ''),
(269, 'Good', ''),
(270, 'Good', ''),
(271, 'Good', ''),
(272, 'Good', ''),
(273, 'Good', ''),
(274, 'Good', ''),
(275, 'Good', ''),
(276, 'Good', ''),
(277, 'Good', ''),
(278, 'Good', ''),
(279, 'Good', ''),
(280, 'Good', ''),
(281, 'Good', ''),
(282, 'Good', ''),
(283, 'Good', ''),
(284, 'Good', ''),
(285, 'Good', ''),
(286, 'Good', ''),
(287, 'Good', ''),
(288, 'Good', ''),
(289, 'Good', ''),
(290, 'Good', ''),
(291, 'Good', ''),
(292, 'Good', ''),
(293, 'Good', ''),
(294, 'Neutral', 'keep it up!'),
(295, 'Good', 'expertise on the subject!'),
(296, 'Good', 'expertise on the subject!'),
(297, 'Good', ''),
(298, 'Good', ''),
(299, 'Good', ''),
(300, 'Good', ''),
(301, 'Good', ''),
(302, 'Good', ''),
(303, 'Neutral', 'keep it up!'),
(304, 'Good', ''),
(305, 'Good', ''),
(306, 'Good', 'good teacher and a friend to us'),
(307, 'Good', ''),
(308, 'Good', ''),
(309, 'Good', ''),
(310, 'Good', ''),
(311, 'Good', 'All my teachers last semester are good. '),
(312, 'Good', ''),
(313, 'Good', ''),
(314, 'Good', ''),
(315, 'Good', ''),
(316, 'Good', ''),
(317, 'Good', ''),
(318, 'Good', ''),
(319, 'Good', ''),
(320, 'Good', ''),
(321, 'Good', ''),
(322, 'Good', ''),
(323, 'Good', ''),
(324, 'Good', ''),
(325, 'Good', ''),
(326, 'Good', ''),
(327, 'Good', ''),
(328, 'Good', ''),
(329, 'Good', ''),
(330, 'Good', ''),
(331, 'Good', ''),
(332, 'Good', ''),
(333, 'Good', ''),
(334, 'Good', ''),
(335, 'Good', 'good job'),
(336, 'Good', 'thankyouu for teaching us'),
(337, 'Good', 'thank you po'),
(338, 'Good', ''),
(339, 'Good', 'thank you po'),
(340, 'Good', 'thank you po'),
(341, 'Good', 'excellent'),
(342, 'Good', ''),
(343, 'Good', ''),
(344, 'Good', ''),
(345, 'Good', 'i really admired her teaching principle and strategy'),
(346, 'Good', ''),
(347, 'Good', ''),
(348, 'Good', 'thank you po'),
(349, 'Good', ''),
(350, 'Good', ''),
(351, 'Good', ''),
(352, 'Good', 'thank you po'),
(353, 'Good', 'thank you po'),
(354, 'Good', ''),
(355, 'Good', ''),
(356, 'Good', ''),
(357, 'Good', 'thank you po'),
(358, 'Good', ''),
(359, 'Good', 'thankyouu'),
(360, 'Good', ''),
(361, 'Good', ''),
(362, 'Good', 'Thank you po sa pagtuturo!!🫶🏻'),
(363, 'Good', 'thank you po'),
(364, 'Good', 'sobrang galing nyo pong magturo ng calculus pero mahirap po talaga yung subject huhu'),
(365, 'Good', 'Thankyou po!'),
(366, 'Good', ''),
(367, 'Good', 'thank you ma\'am '),
(368, 'Good', ''),
(369, 'Good', 'thankyouuu'),
(370, 'Good', 'thank you ma\'am '),
(371, 'Good', 'i really admired your teaching principle and strategy'),
(372, 'Good', ''),
(373, 'Good', 'thank you ma\'am '),
(374, 'Good', ''),
(375, 'Good', 'Thank you po sa pagtuturo!!🫶🏻 '),
(376, 'Good', 'thank you po'),
(377, 'Good', 'thankyouu'),
(378, 'Good', 'Salamat po dahil napapagaan niyo po ang aming lesson'),
(379, 'Good', ''),
(380, 'Good', 'thank you po'),
(381, 'Good', ''),
(382, 'Good', ''),
(383, 'Good', 'Thank you po sa pagtuturo!!🫶🏻'),
(384, 'Good', 'you are one of the teachers that i really admired in being humble'),
(385, 'Good', 'Thankyouuu pooo!!!'),
(386, 'Good', 'you are one of the teachers that i really admired in being humble'),
(387, 'Good', 'Thank you po sa pagtuturo!!🫶🏻'),
(388, 'Good', ''),
(389, 'Good', 'Thank you po sa pagtuturo!!🫶🏻'),
(390, 'Good', 'Thank you po!!'),
(391, 'Good', 'Salamat Ma\'am'),
(392, 'Good', 'Salamat Ma\'am'),
(393, 'Good', 'Thank you po sa pagtuturo!!🫶🏻'),
(394, 'Good', 'Thank youu po!!!'),
(395, 'Good', ''),
(396, 'Good', 'Salamat Ma\'am'),
(397, 'Good', 'Thank youu po!!'),
(398, 'Good', 'i did not expect the pleasing environment that maam dean gives in a teaching-learning scenario. we really learned a lot to her in research.'),
(399, 'Good', ''),
(400, 'Good', ''),
(401, 'Good', ''),
(402, 'Good', ''),
(403, 'Good', ''),
(404, 'Good', ''),
(405, 'Good', ''),
(406, 'Good', ''),
(407, 'Good', 'Thank youu po!!'),
(408, 'Good', 'i really learned research to her like a lottt'),
(409, 'Good', ''),
(410, 'Good', ''),
(411, 'Good', ''),
(412, 'Good', 'Thank youu po!!'),
(413, 'Good', ''),
(414, 'Good', ''),
(415, 'Good', ''),
(416, 'Good', ''),
(417, 'Good', 'Thank youu po!!'),
(418, 'Good', ''),
(419, 'Good', ''),
(420, 'Good', ''),
(421, 'Good', ''),
(422, 'Good', ''),
(423, 'Good', ''),
(424, 'Good', ''),
(425, 'Good', ''),
(426, 'Good', ''),
(427, 'Good', ''),
(428, 'Good', ''),
(429, 'Good', ''),
(430, 'Good', ''),
(431, 'Good', ''),
(432, 'Good', ''),
(433, 'Good', ''),
(434, 'Good', ''),
(435, 'Good', ''),
(436, 'Good', ''),
(437, 'Good', ''),
(438, 'Good', ''),
(439, 'Good', ''),
(440, 'Good', ''),
(441, 'Good', ''),
(442, 'Good', ''),
(443, 'Good', ''),
(444, 'Good', ''),
(445, 'Good', ''),
(446, 'Good', ''),
(447, 'Good', ''),
(448, 'Good', ''),
(449, 'Good', ''),
(450, 'Good', ''),
(451, 'Good', ''),
(452, 'Good', ''),
(453, 'Good', ''),
(454, 'Good', ''),
(455, 'Good', ''),
(456, 'Good', ''),
(457, 'Good', 'I really admire the way you teach us. '),
(458, 'Good', ''),
(459, 'Good', ''),
(460, 'Good', ''),
(461, 'Good', ''),
(462, 'Good', ''),
(463, 'Good', ''),
(464, 'Good', ''),
(465, 'Good', ''),
(466, 'Good', ''),
(467, 'Good', ''),
(468, 'Good', ''),
(469, 'Good', ''),
(470, 'Good', ''),
(471, 'Good', ''),
(472, 'Good', ''),
(473, 'Good', ''),
(474, 'Good', ''),
(475, 'Good', ''),
(476, 'Good', 'Improve clear instructions '),
(477, 'Good', ''),
(478, 'Good', ''),
(479, 'Good', ''),
(480, 'Good', ''),
(481, 'Good', ''),
(482, 'Good', ''),
(483, 'Good', ''),
(484, 'Good', ''),
(485, 'Good', ''),
(486, 'Good', ''),
(487, 'Good', ''),
(488, 'Good', ''),
(489, 'Good', ''),
(490, 'Good', ''),
(491, 'Good', ''),
(492, 'Good', ''),
(493, 'Good', ''),
(494, 'Good', ''),
(495, 'Good', ''),
(496, 'Good', ''),
(497, 'Good', 'Remind students about quizzes or activities ahead of time '),
(498, 'Good', ''),
(499, 'Good', 'Improve teaching strategies '),
(500, 'Good', ''),
(501, 'Good', ''),
(502, 'Good', ''),
(503, 'Good', ''),
(504, 'Good', ''),
(505, 'Good', ''),
(506, 'Good', ''),
(507, 'Good', ''),
(508, 'Good', ''),
(509, 'Good', ''),
(510, 'Good', ''),
(511, 'Good', ''),
(512, 'Good', ''),
(513, 'Good', ''),
(514, 'Good', ''),
(515, 'Good', ''),
(516, 'Good', ''),
(517, 'Good', ''),
(518, 'Good', ''),
(519, 'Good', ''),
(520, 'Good', ''),
(521, 'Good', '');

-- --------------------------------------------------------

--
-- Table structure for table `class_list`
--

CREATE TABLE `class_list` (
  `id` int(30) NOT NULL,
  `curriculum` text NOT NULL,
  `level` text NOT NULL,
  `section` text NOT NULL
) ENGINE=InnoDB DEFAULT CHARSET=utf8mb4 COLLATE=utf8mb4_general_ci;

--
-- Dumping data for table `class_list`
--

INSERT INTO `class_list` (`id`, `curriculum`, `level`, `section`) VALUES
(1, 'BSA', '1', 'A'),
(4, 'BSAIS', '1', 'A'),
(5, 'BSBA', '1', 'A'),
(6, 'BSBA', '1', 'B'),
(7, 'BEED', '1', 'C'),
(8, 'BSED', '1', 'A'),
(9, 'BSED', '1', 'B'),
(10, 'BSED', '1', 'C'),
(11, 'BSED', '1', 'D'),
(12, 'BEED', '1', 'A'),
(13, 'BEED', '1', 'B'),
(14, 'BSA', '2', 'A'),
(15, 'BSAIS', '2', 'A'),
(16, 'BSAIS', '2', 'B'),
(17, 'BSBA', '2', 'A'),
(18, 'BSBA', '2', 'B'),
(19, 'BSBA', '2', 'C'),
(20, 'BSED', '2', 'A'),
(21, 'BSED', '2', 'B'),
(22, 'BSED', '2', 'C'),
(23, 'BSED', '2', 'D'),
(24, 'BEED', '2', 'A'),
(25, 'BEED', '2', 'B'),
(26, 'BSA', '3', 'A'),
(27, 'BSAIS', '3', 'A'),
(28, 'BSAIS', '3', 'B'),
(29, 'BSBA', '3', 'A'),
(30, 'BSBA', '3', 'B'),
(31, 'BSBA', '3', 'C'),
(32, 'BSBA', '3', 'D'),
(33, 'BSED', '3', 'A'),
(34, 'BSED', '3', 'B'),
(35, 'BSED', '3', 'C'),
(36, 'BSED', '3', 'D'),
(37, 'BEED', '3', 'A'),
(38, 'BEED', '3', 'B'),
(39, 'BSA', '4', 'A'),
(40, 'BSBA', '4', 'A'),
(41, 'BSAIS', '4', 'A'),
(42, 'BSAIS', '4', 'B'),
(43, 'BSBA', '4', 'B'),
(44, 'BSBA', '4', 'C'),
(45, 'BSED', '4', 'A'),
(46, 'BSED', '4', 'B'),
(47, 'BSED', '4', 'C'),
(48, 'BSED', '4', 'D'),
(49, 'BSED', '4', 'E'),
(50, 'BEED', '4', 'A');

-- --------------------------------------------------------

--
-- Table structure for table `criteria_list`
--

CREATE TABLE `criteria_list` (
  `id` int(30) NOT NULL,
  `criteria` text NOT NULL,
  `order_by` int(30) NOT NULL
) ENGINE=InnoDB DEFAULT CHARSET=utf8mb4 COLLATE=utf8mb4_general_ci;

--
-- Dumping data for table `criteria_list`
--

INSERT INTO `criteria_list` (`id`, `criteria`, `order_by`) VALUES
(1, '1. MASTERY AND ATTAINMENT OF OBJECTIVES', 0),
(2, '2. TEACHING STRATEGIES EMPLOYED', 1),
(4, '3. EVALUATION AND ASSESSMENT', 2),
(5, '4. PERSONALITY', 3),
(6, '5. COMMUNICATION SKILLS AND VALUES INTEGRATION', 4),
(7, '6. CLASSROOM MANAGEMENT AND DISCIPLINE', 5);

-- --------------------------------------------------------

--
-- Table structure for table `evaluation_answers`
--

CREATE TABLE `evaluation_answers` (
  `evaluation_id` int(30) NOT NULL,
  `question_id` int(30) NOT NULL,
  `rate` int(20) NOT NULL
) ENGINE=InnoDB DEFAULT CHARSET=utf8mb4 COLLATE=utf8mb4_general_ci;

--
-- Dumping data for table `evaluation_answers`
--

INSERT INTO `evaluation_answers` (`evaluation_id`, `question_id`, `rate`) VALUES
(1, 1, 5),
(1, 6, 4),
(1, 3, 5),
(2, 1, 5),
(2, 6, 5),
(2, 3, 4),
(3, 1, 5),
(3, 6, 5),
(3, 3, 4),
(4, 8, 5),
(4, 9, 5),
(5, 8, 5),
(5, 9, 5),
(6, 8, 5),
(6, 9, 5),
(1, 1, 5),
(1, 6, 4),
(1, 3, 5),
(2, 1, 5),
(2, 6, 5),
(2, 3, 4),
(3, 1, 5),
(3, 6, 5),
(3, 3, 4),
(4, 8, 5),
(4, 9, 5),
(5, 8, 5),
(5, 9, 5),
(6, 8, 5),
(6, 9, 5),
(7, 10, 5),
(7, 11, 5),
(7, 12, 5),
(7, 13, 5),
(7, 14, 5),
(7, 15, 5),
(7, 16, 5),
(7, 17, 5),
(7, 18, 5),
(7, 19, 5),
(7, 20, 5),
(7, 21, 5),
(7, 22, 5),
(7, 23, 5),
(7, 24, 5),
(7, 25, 5),
(7, 26, 5),
(7, 27, 5),
(7, 28, 5),
(8, 10, 5),
(8, 11, 5),
(8, 12, 5),
(8, 13, 5),
(8, 14, 5),
(8, 15, 5),
(8, 16, 5),
(8, 17, 5),
(8, 18, 5),
(8, 19, 5),
(8, 20, 5),
(8, 21, 5),
(8, 22, 5),
(8, 23, 5),
(8, 24, 5),
(8, 25, 5),
(8, 26, 5),
(8, 27, 5),
(8, 28, 5),
(9, 10, 5),
(9, 11, 5),
(9, 12, 5),
(9, 13, 5),
(9, 14, 5),
(9, 15, 5),
(9, 16, 5),
(9, 17, 5),
(9, 18, 5),
(9, 19, 5),
(9, 20, 5),
(9, 21, 5),
(9, 22, 5),
(9, 23, 5),
(9, 24, 5),
(9, 25, 5),
(9, 26, 5),
(9, 27, 5),
(9, 28, 5),
(10, 10, 1),
(10, 11, 5),
(10, 12, 5),
(10, 13, 5),
(10, 14, 5),
(10, 15, 5),
(10, 16, 3),
(10, 17, 5),
(10, 18, 3),
(10, 19, 5),
(10, 20, 5),
(10, 21, 2),
(10, 22, 5),
(10, 23, 5),
(10, 24, 1),
(10, 25, 5),
(10, 26, 5),
(10, 27, 5),
(10, 28, 5),
(11, 10, 1),
(11, 11, 1),
(11, 12, 1),
(11, 13, 1),
(11, 14, 5),
(11, 15, 5),
(11, 16, 5),
(11, 17, 1),
(11, 18, 1),
(11, 19, 1),
(11, 20, 5),
(11, 21, 5),
(11, 22, 5),
(11, 23, 1),
(11, 24, 1),
(11, 25, 1),
(11, 26, 5),
(11, 27, 5),
(11, 28, 5),
(12, 10, 4),
(12, 11, 4),
(12, 12, 4),
(12, 13, 4),
(12, 14, 3),
(12, 15, 3),
(12, 16, 3),
(12, 17, 2),
(12, 18, 2),
(12, 19, 2),
(12, 20, 5),
(12, 21, 5),
(12, 22, 5),
(12, 23, 2),
(12, 24, 1),
(12, 25, 3),
(12, 26, 1),
(12, 27, 2),
(12, 28, 5),
(13, 10, 5),
(13, 11, 5),
(13, 12, 5),
(13, 13, 5),
(13, 14, 5),
(13, 15, 5),
(13, 16, 5),
(13, 17, 5),
(13, 18, 5),
(13, 19, 5),
(13, 20, 5),
(13, 21, 5),
(13, 22, 5),
(13, 23, 5),
(13, 24, 5),
(13, 25, 5),
(13, 26, 5),
(13, 27, 5),
(13, 28, 5),
(14, 10, 5),
(14, 11, 5),
(14, 12, 5),
(14, 13, 5),
(14, 14, 5),
(14, 15, 5),
(14, 16, 5),
(14, 17, 5),
(14, 18, 5),
(14, 19, 5),
(14, 20, 5),
(14, 21, 5),
(14, 22, 5),
(14, 23, 5),
(14, 24, 5),
(14, 25, 5),
(14, 26, 5),
(14, 27, 5),
(14, 28, 5),
(15, 10, 5),
(15, 11, 5),
(15, 12, 5),
(15, 13, 5),
(15, 14, 5),
(15, 15, 5),
(15, 16, 5),
(15, 17, 5),
(15, 18, 5),
(15, 19, 5),
(15, 20, 5),
(15, 21, 5),
(15, 22, 5),
(15, 23, 5),
(15, 24, 5),
(15, 25, 5),
(15, 26, 5),
(15, 27, 5),
(15, 28, 5),
(16, 10, 5),
(16, 11, 5),
(16, 12, 5),
(16, 13, 5),
(16, 14, 5),
(16, 15, 5),
(16, 16, 5),
(16, 17, 5),
(16, 18, 5),
(16, 19, 5),
(16, 20, 5),
(16, 21, 5),
(16, 22, 5),
(16, 23, 5),
(16, 24, 5),
(16, 25, 5),
(16, 26, 5),
(16, 27, 5),
(16, 28, 5),
(17, 10, 5),
(17, 11, 4),
(17, 12, 5),
(17, 13, 4),
(17, 14, 5),
(17, 15, 5),
(17, 16, 4),
(17, 17, 4),
(17, 18, 3),
(17, 19, 5),
(17, 20, 4),
(17, 21, 4),
(17, 22, 4),
(17, 23, 4),
(17, 24, 3),
(17, 25, 5),
(17, 26, 3),
(17, 27, 4),
(17, 28, 4),
(18, 10, 5),
(18, 11, 5),
(18, 12, 5),
(18, 13, 5),
(18, 14, 5),
(18, 15, 5),
(18, 16, 5),
(18, 17, 5),
(18, 18, 5),
(18, 19, 5),
(18, 20, 5),
(18, 21, 5),
(18, 22, 5),
(18, 23, 5),
(18, 24, 5),
(18, 25, 5),
(18, 26, 5),
(18, 27, 5),
(18, 28, 5),
(19, 10, 5),
(19, 11, 5),
(19, 12, 5),
(19, 13, 5),
(19, 14, 5),
(19, 15, 5),
(19, 16, 5),
(19, 17, 5),
(19, 18, 5),
(19, 19, 5),
(19, 20, 5),
(19, 21, 5),
(19, 22, 5),
(19, 23, 5),
(19, 24, 5),
(19, 25, 5),
(19, 26, 5),
(19, 27, 5),
(19, 28, 5),
(20, 10, 3),
(20, 11, 3),
(20, 12, 3),
(20, 13, 3),
(20, 14, 3),
(20, 15, 3),
(20, 16, 3),
(20, 17, 3),
(20, 18, 3),
(20, 19, 3),
(20, 20, 3),
(20, 21, 3),
(20, 22, 3),
(20, 23, 3),
(20, 24, 3),
(20, 25, 3),
(20, 26, 3),
(20, 27, 3),
(20, 28, 3),
(21, 10, 5),
(21, 11, 5),
(21, 12, 5),
(21, 13, 5),
(21, 14, 5),
(21, 15, 5),
(21, 16, 5),
(21, 17, 5),
(21, 18, 5),
(21, 19, 5),
(21, 20, 5),
(21, 21, 5),
(21, 22, 5),
(21, 23, 5),
(21, 24, 5),
(21, 25, 5),
(21, 26, 5),
(21, 27, 5),
(21, 28, 5),
(22, 10, 3),
(22, 11, 4),
(22, 12, 3),
(22, 13, 5),
(22, 14, 3),
(22, 15, 3),
(22, 16, 3),
(22, 17, 4),
(22, 18, 5),
(22, 19, 4),
(22, 20, 5),
(22, 21, 4),
(22, 22, 4),
(22, 23, 4),
(22, 24, 3),
(22, 25, 5),
(22, 26, 5),
(22, 27, 5),
(22, 28, 5),
(23, 10, 3),
(23, 11, 3),
(23, 12, 3),
(23, 13, 3),
(23, 14, 3),
(23, 15, 3),
(23, 16, 3),
(23, 17, 3),
(23, 18, 3),
(23, 19, 3),
(23, 20, 3),
(23, 21, 3),
(23, 22, 3),
(23, 23, 3),
(23, 24, 3),
(23, 25, 3),
(23, 26, 3),
(23, 27, 3),
(23, 28, 3),
(24, 10, 5),
(24, 11, 5),
(24, 12, 5),
(24, 13, 5),
(24, 14, 5),
(24, 15, 5),
(24, 16, 5),
(24, 17, 5),
(24, 18, 5),
(24, 19, 5),
(24, 20, 5),
(24, 21, 5),
(24, 22, 5),
(24, 23, 5),
(24, 24, 5),
(24, 25, 5),
(24, 26, 5),
(24, 27, 5),
(24, 28, 5),
(25, 10, 5),
(25, 11, 5),
(25, 12, 5),
(25, 13, 5),
(25, 14, 5),
(25, 15, 5),
(25, 16, 5),
(25, 17, 5),
(25, 18, 5),
(25, 19, 5),
(25, 20, 5),
(25, 21, 5),
(25, 22, 5),
(25, 23, 5),
(25, 24, 5),
(25, 25, 5),
(25, 26, 5),
(25, 27, 5),
(25, 28, 5),
(26, 10, 4),
(26, 11, 4),
(26, 12, 5),
(26, 13, 4),
(26, 14, 4),
(26, 15, 5),
(26, 16, 4),
(26, 17, 5),
(26, 18, 5),
(26, 19, 4),
(26, 20, 4),
(26, 21, 4),
(26, 22, 5),
(26, 23, 3),
(26, 24, 5),
(26, 25, 5),
(26, 26, 5),
(26, 27, 4),
(26, 28, 5),
(27, 10, 5),
(27, 11, 5),
(27, 12, 4),
(27, 13, 5),
(27, 14, 4),
(27, 15, 4),
(27, 16, 5),
(27, 17, 5),
(27, 18, 5),
(27, 19, 5),
(27, 20, 5),
(27, 21, 5),
(27, 22, 5),
(27, 23, 5),
(27, 24, 5),
(27, 25, 5),
(27, 26, 5),
(27, 27, 5),
(27, 28, 5),
(28, 10, 3),
(28, 11, 3),
(28, 12, 3),
(28, 13, 3),
(28, 14, 3),
(28, 15, 3),
(28, 16, 3),
(28, 17, 3),
(28, 18, 3),
(28, 19, 3),
(28, 20, 3),
(28, 21, 3),
(28, 22, 3),
(28, 23, 3),
(28, 24, 3),
(28, 25, 3),
(28, 26, 3),
(28, 27, 3),
(28, 28, 3),
(29, 10, 4),
(29, 11, 5),
(29, 12, 5),
(29, 13, 5),
(29, 14, 5),
(29, 15, 5),
(29, 16, 5),
(29, 17, 5),
(29, 18, 5),
(29, 19, 5),
(29, 20, 5),
(29, 21, 5),
(29, 22, 5),
(29, 23, 5),
(29, 24, 5),
(29, 25, 5),
(29, 26, 5),
(29, 27, 5),
(29, 28, 5),
(30, 10, 4),
(30, 11, 3),
(30, 12, 5),
(30, 13, 5),
(30, 14, 4),
(30, 15, 4),
(30, 16, 4),
(30, 17, 5),
(30, 18, 4),
(30, 19, 4),
(30, 20, 5),
(30, 21, 4),
(30, 22, 4),
(30, 23, 4),
(30, 24, 4),
(30, 25, 4),
(30, 26, 3),
(30, 27, 5),
(30, 28, 4),
(31, 10, 5),
(31, 11, 5),
(31, 12, 5),
(31, 13, 5),
(31, 14, 5),
(31, 15, 5),
(31, 16, 5),
(31, 17, 5),
(31, 18, 5),
(31, 19, 5),
(31, 20, 5),
(31, 21, 5),
(31, 22, 5),
(31, 23, 5),
(31, 24, 5),
(31, 25, 5),
(31, 26, 4),
(31, 27, 5),
(31, 28, 5),
(32, 10, 5),
(32, 11, 5),
(32, 12, 5),
(32, 13, 5),
(32, 14, 5),
(32, 15, 5),
(32, 16, 5),
(32, 17, 5),
(32, 18, 5),
(32, 19, 5),
(32, 20, 5),
(32, 21, 5),
(32, 22, 5),
(32, 23, 5),
(32, 24, 5),
(32, 25, 5),
(32, 26, 5),
(32, 27, 5),
(32, 28, 5),
(33, 10, 5),
(33, 11, 5),
(33, 12, 5),
(33, 13, 5),
(33, 14, 5),
(33, 15, 5),
(33, 16, 5),
(33, 17, 5),
(33, 18, 5),
(33, 19, 5),
(33, 20, 5),
(33, 21, 5),
(33, 22, 5),
(33, 23, 5),
(33, 24, 5),
(33, 25, 5),
(33, 26, 5),
(33, 27, 5),
(33, 28, 5),
(34, 10, 5),
(34, 11, 5),
(34, 12, 4),
(34, 13, 3),
(34, 14, 3),
(34, 15, 3),
(34, 16, 4),
(34, 17, 3),
(34, 18, 3),
(34, 19, 3),
(34, 20, 5),
(34, 21, 4),
(34, 22, 5),
(34, 23, 5),
(34, 24, 5),
(34, 25, 5),
(34, 26, 3),
(34, 27, 3),
(34, 28, 5),
(35, 10, 4),
(35, 11, 4),
(35, 12, 4),
(35, 13, 4),
(35, 14, 4),
(35, 15, 4),
(35, 16, 5),
(35, 17, 3),
(35, 18, 5),
(35, 19, 4),
(35, 20, 4),
(35, 21, 4),
(35, 22, 5),
(35, 23, 3),
(35, 24, 4),
(35, 25, 4),
(35, 26, 5),
(35, 27, 4),
(35, 28, 3),
(36, 10, 5),
(36, 11, 5),
(36, 12, 5),
(36, 13, 5),
(36, 14, 3),
(36, 15, 3),
(36, 16, 4),
(36, 17, 5),
(36, 18, 4),
(36, 19, 3),
(36, 20, 5),
(36, 21, 5),
(36, 22, 4),
(36, 23, 5),
(36, 24, 5),
(36, 25, 5),
(36, 26, 5),
(36, 27, 5),
(36, 28, 5),
(37, 10, 3),
(37, 11, 3),
(37, 12, 3),
(37, 13, 3),
(37, 14, 3),
(37, 15, 3),
(37, 16, 3),
(37, 17, 3),
(37, 18, 3),
(37, 19, 3),
(37, 20, 3),
(37, 21, 3),
(37, 22, 3),
(37, 23, 3),
(37, 24, 3),
(37, 25, 3),
(37, 26, 3),
(37, 27, 3),
(37, 28, 3),
(38, 10, 5),
(38, 11, 5),
(38, 12, 5),
(38, 13, 5),
(38, 14, 5),
(38, 15, 5),
(38, 16, 5),
(38, 17, 5),
(38, 18, 5),
(38, 19, 5),
(38, 20, 5),
(38, 21, 5),
(38, 22, 5),
(38, 23, 5),
(38, 24, 5),
(38, 25, 5),
(38, 26, 5),
(38, 27, 5),
(38, 28, 5),
(39, 10, 5),
(39, 11, 5),
(39, 12, 5),
(39, 13, 5),
(39, 14, 5),
(39, 15, 5),
(39, 16, 5),
(39, 17, 5),
(39, 18, 5),
(39, 19, 5),
(39, 20, 5),
(39, 21, 5),
(39, 22, 5),
(39, 23, 5),
(39, 24, 5),
(39, 25, 5),
(39, 26, 5),
(39, 27, 5),
(39, 28, 5),
(40, 10, 5),
(40, 11, 5),
(40, 12, 5),
(40, 13, 5),
(40, 14, 5),
(40, 15, 5),
(40, 16, 5),
(40, 17, 5),
(40, 18, 5),
(40, 19, 5),
(40, 20, 5),
(40, 21, 5),
(40, 22, 5),
(40, 23, 5),
(40, 24, 5),
(40, 25, 5),
(40, 26, 5),
(40, 27, 5),
(40, 28, 5),
(41, 10, 3),
(41, 11, 3),
(41, 12, 3),
(41, 13, 3),
(41, 14, 3),
(41, 15, 3),
(41, 16, 3),
(41, 17, 3),
(41, 18, 3),
(41, 19, 3),
(41, 20, 3),
(41, 21, 3),
(41, 22, 3),
(41, 23, 3),
(41, 24, 3),
(41, 25, 3),
(41, 26, 3),
(41, 27, 3),
(41, 28, 3),
(42, 10, 5),
(42, 11, 5),
(42, 12, 4),
(42, 13, 4),
(42, 14, 4),
(42, 15, 4),
(42, 16, 4),
(42, 17, 4),
(42, 18, 3),
(42, 19, 5),
(42, 20, 4),
(42, 21, 4),
(42, 22, 4),
(42, 23, 4),
(42, 24, 4),
(42, 25, 5),
(42, 26, 4),
(42, 27, 3),
(42, 28, 4),
(43, 10, 3),
(43, 11, 3),
(43, 12, 3),
(43, 13, 3),
(43, 14, 3),
(43, 15, 3),
(43, 16, 3),
(43, 17, 3),
(43, 18, 3),
(43, 19, 3),
(43, 20, 3),
(43, 21, 3),
(43, 22, 3),
(43, 23, 3),
(43, 24, 3),
(43, 25, 3),
(43, 26, 3),
(43, 27, 3),
(43, 28, 3),
(44, 10, 5),
(44, 11, 5),
(44, 12, 5),
(44, 13, 5),
(44, 14, 5),
(44, 15, 5),
(44, 16, 5),
(44, 17, 5),
(44, 18, 5),
(44, 19, 5),
(44, 20, 5),
(44, 21, 5),
(44, 22, 5),
(44, 23, 5),
(44, 24, 5),
(44, 25, 5),
(44, 26, 5),
(44, 27, 5),
(44, 28, 5),
(45, 10, 5),
(45, 11, 5),
(45, 12, 5),
(45, 13, 5),
(45, 14, 5),
(45, 15, 5),
(45, 16, 5),
(45, 17, 5),
(45, 18, 5),
(45, 19, 5),
(45, 20, 5),
(45, 21, 5),
(45, 22, 5),
(45, 23, 5),
(45, 24, 5),
(45, 25, 5),
(45, 26, 5),
(45, 27, 5),
(45, 28, 5),
(46, 10, 5),
(46, 11, 5),
(46, 12, 5),
(46, 13, 5),
(46, 14, 5),
(46, 15, 5),
(46, 16, 5),
(46, 17, 5),
(46, 18, 5),
(46, 19, 5),
(46, 20, 5),
(46, 21, 5),
(46, 22, 5),
(46, 23, 5),
(46, 24, 5),
(46, 25, 5),
(46, 26, 5),
(46, 27, 5),
(46, 28, 5),
(47, 10, 4),
(47, 11, 4),
(47, 12, 3),
(47, 13, 3),
(47, 14, 3),
(47, 15, 3),
(47, 16, 5),
(47, 17, 5),
(47, 18, 5),
(47, 19, 5),
(47, 20, 5),
(47, 21, 5),
(47, 22, 5),
(47, 23, 5),
(47, 24, 3),
(47, 25, 5),
(47, 26, 5),
(47, 27, 5),
(47, 28, 3),
(48, 10, 5),
(48, 11, 5),
(48, 12, 5),
(48, 13, 5),
(48, 14, 5),
(48, 15, 5),
(48, 16, 5),
(48, 17, 5),
(48, 18, 5),
(48, 19, 5),
(48, 20, 5),
(48, 21, 5),
(48, 22, 5),
(48, 23, 5),
(48, 24, 5),
(48, 25, 5),
(48, 26, 5),
(48, 27, 5),
(48, 28, 5),
(49, 10, 4),
(49, 11, 4),
(49, 12, 4),
(49, 13, 5),
(49, 14, 3),
(49, 15, 3),
(49, 16, 3),
(49, 17, 4),
(49, 18, 4),
(49, 19, 3),
(49, 20, 4),
(49, 21, 3),
(49, 22, 4),
(49, 23, 5),
(49, 24, 5),
(49, 25, 5),
(49, 26, 5),
(49, 27, 5),
(49, 28, 5),
(50, 10, 5),
(50, 11, 5),
(50, 12, 5),
(50, 13, 5),
(50, 14, 5),
(50, 15, 5),
(50, 16, 5),
(50, 17, 5),
(50, 18, 5),
(50, 19, 5),
(50, 20, 5),
(50, 21, 5),
(50, 22, 5),
(50, 23, 5),
(50, 24, 5),
(50, 25, 5),
(50, 26, 5),
(50, 27, 5),
(50, 28, 5),
(51, 10, 5),
(51, 11, 5),
(51, 12, 5),
(51, 13, 5),
(51, 14, 5),
(51, 15, 5),
(51, 16, 5),
(51, 17, 5),
(51, 18, 5),
(51, 19, 5),
(51, 20, 5),
(51, 21, 5),
(51, 22, 5),
(51, 23, 5),
(51, 24, 5),
(51, 25, 5),
(51, 26, 5),
(51, 27, 5),
(51, 28, 5),
(52, 10, 5),
(52, 11, 5),
(52, 12, 5),
(52, 13, 5),
(52, 14, 5),
(52, 15, 5),
(52, 16, 5),
(52, 17, 5),
(52, 18, 5),
(52, 19, 5),
(52, 20, 5),
(52, 21, 5),
(52, 22, 5),
(52, 23, 5),
(52, 24, 5),
(52, 25, 5),
(52, 26, 5),
(52, 27, 5),
(52, 28, 5),
(53, 10, 5),
(53, 11, 5),
(53, 12, 5),
(53, 13, 5),
(53, 14, 5),
(53, 15, 5),
(53, 16, 5),
(53, 17, 5),
(53, 18, 5),
(53, 19, 5),
(53, 20, 5),
(53, 21, 5),
(53, 22, 5),
(53, 23, 5),
(53, 24, 5),
(53, 25, 5),
(53, 26, 5),
(53, 27, 5),
(53, 28, 5),
(54, 10, 5),
(54, 11, 5),
(54, 12, 5),
(54, 13, 5),
(54, 14, 5),
(54, 15, 5),
(54, 16, 5),
(54, 17, 5),
(54, 18, 5),
(54, 19, 5),
(54, 20, 5),
(54, 21, 5),
(54, 22, 5),
(54, 23, 5),
(54, 24, 5),
(54, 25, 5),
(54, 26, 5),
(54, 27, 5),
(54, 28, 5),
(55, 10, 5),
(55, 11, 5),
(55, 12, 5),
(55, 13, 5),
(55, 14, 5),
(55, 15, 5),
(55, 16, 5),
(55, 17, 5),
(55, 18, 5),
(55, 19, 5),
(55, 20, 5),
(55, 21, 5),
(55, 22, 5),
(55, 23, 5),
(55, 24, 5),
(55, 25, 5),
(55, 26, 5),
(55, 27, 5),
(55, 28, 5),
(56, 10, 5),
(56, 11, 5),
(56, 12, 5),
(56, 13, 5),
(56, 14, 5),
(56, 15, 5),
(56, 16, 5),
(56, 17, 5),
(56, 18, 5),
(56, 19, 5),
(56, 20, 5),
(56, 21, 5),
(56, 22, 5),
(56, 23, 5),
(56, 24, 5),
(56, 25, 5),
(56, 26, 5),
(56, 27, 5),
(56, 28, 5),
(57, 10, 5),
(57, 11, 5),
(57, 12, 5),
(57, 13, 5),
(57, 14, 5),
(57, 15, 5),
(57, 16, 5),
(57, 17, 5),
(57, 18, 5),
(57, 19, 5),
(57, 20, 5),
(57, 21, 5),
(57, 22, 5),
(57, 23, 5),
(57, 24, 5),
(57, 25, 5),
(57, 26, 5),
(57, 27, 5),
(57, 28, 5),
(58, 10, 5),
(58, 11, 5),
(58, 12, 5),
(58, 13, 5),
(58, 14, 5),
(58, 15, 5),
(58, 16, 5),
(58, 17, 5),
(58, 18, 5),
(58, 19, 5),
(58, 20, 5),
(58, 21, 5),
(58, 22, 5),
(58, 23, 5),
(58, 24, 5),
(58, 25, 5),
(58, 26, 5),
(58, 27, 5),
(58, 28, 5),
(59, 10, 5),
(59, 11, 5),
(59, 12, 5),
(59, 13, 5),
(59, 14, 5),
(59, 15, 5),
(59, 16, 5),
(59, 17, 5),
(59, 18, 5),
(59, 19, 5),
(59, 20, 5),
(59, 21, 5),
(59, 22, 5),
(59, 23, 5),
(59, 24, 5),
(59, 25, 5),
(59, 26, 5),
(59, 27, 5),
(59, 28, 5),
(60, 10, 5),
(60, 11, 5),
(60, 12, 5),
(60, 13, 5),
(60, 14, 5),
(60, 15, 5),
(60, 16, 5),
(60, 17, 5),
(60, 18, 5),
(60, 19, 5),
(60, 20, 5),
(60, 21, 5),
(60, 22, 5),
(60, 23, 5),
(60, 24, 5),
(60, 25, 5),
(60, 26, 5),
(60, 27, 5),
(60, 28, 5),
(61, 10, 5),
(62, 10, 5),
(61, 11, 5),
(62, 11, 5),
(61, 12, 5),
(62, 12, 5),
(61, 13, 5),
(62, 13, 4),
(61, 14, 5),
(62, 14, 4),
(61, 15, 5),
(62, 15, 4),
(61, 16, 5),
(62, 16, 5),
(61, 17, 5),
(62, 17, 5),
(61, 18, 5),
(62, 18, 4),
(61, 19, 5),
(62, 19, 5),
(61, 20, 5),
(62, 20, 5),
(61, 21, 5),
(62, 21, 5),
(61, 22, 5),
(62, 22, 4),
(61, 23, 5),
(62, 23, 5),
(61, 24, 5),
(62, 24, 4),
(61, 25, 5),
(62, 25, 5),
(61, 26, 5),
(62, 26, 3),
(61, 27, 5),
(62, 27, 5),
(61, 28, 5),
(62, 28, 5),
(63, 10, 5),
(63, 11, 5),
(63, 12, 5),
(63, 13, 5),
(63, 14, 5),
(63, 15, 5),
(63, 16, 5),
(63, 17, 5),
(63, 18, 5),
(63, 19, 5),
(63, 20, 5),
(63, 21, 5),
(63, 22, 5),
(63, 23, 5),
(63, 24, 5),
(63, 25, 5),
(63, 26, 5),
(63, 27, 5),
(63, 28, 5),
(64, 10, 5),
(64, 11, 5),
(64, 12, 5),
(64, 13, 5),
(64, 14, 5),
(64, 15, 5),
(64, 16, 5),
(64, 17, 5),
(64, 18, 5),
(64, 19, 5),
(64, 20, 5),
(64, 21, 5),
(64, 22, 5),
(64, 23, 5),
(64, 24, 5),
(64, 25, 5),
(64, 26, 5),
(64, 27, 5),
(64, 28, 5),
(65, 10, 5),
(65, 11, 5),
(65, 12, 5),
(65, 13, 5),
(65, 14, 5),
(65, 15, 5),
(65, 16, 5),
(65, 17, 5),
(65, 18, 5),
(65, 19, 5),
(65, 20, 5),
(65, 21, 5),
(65, 22, 5),
(65, 23, 5),
(65, 24, 5),
(65, 25, 5),
(65, 26, 5),
(65, 27, 5),
(65, 28, 5),
(66, 10, 5),
(66, 11, 5),
(66, 12, 5),
(66, 13, 5),
(66, 14, 5),
(66, 15, 5),
(66, 16, 5),
(66, 17, 5),
(66, 18, 5),
(66, 19, 5),
(66, 20, 5),
(66, 21, 5),
(66, 22, 5),
(66, 23, 5),
(66, 24, 5),
(66, 25, 5),
(66, 26, 5),
(66, 27, 5),
(66, 28, 5),
(67, 10, 5),
(67, 11, 5),
(67, 12, 5),
(67, 13, 5),
(67, 14, 5),
(67, 15, 5),
(67, 16, 5),
(67, 17, 5),
(67, 18, 5),
(67, 19, 5),
(67, 20, 5),
(67, 21, 5),
(67, 22, 5),
(67, 23, 5),
(67, 24, 5),
(67, 25, 5),
(67, 26, 5),
(67, 27, 5),
(67, 28, 5),
(68, 10, 5),
(68, 11, 5),
(68, 12, 5),
(68, 13, 5),
(68, 14, 5),
(68, 15, 5),
(68, 16, 5),
(68, 17, 5),
(68, 18, 5),
(68, 19, 5),
(68, 20, 5),
(68, 21, 5),
(68, 22, 5),
(68, 23, 5),
(68, 24, 5),
(68, 25, 5),
(68, 26, 5),
(68, 27, 5),
(68, 28, 5),
(69, 10, 5),
(69, 11, 5),
(69, 12, 5),
(69, 13, 5),
(69, 14, 5),
(69, 15, 5),
(69, 16, 5),
(69, 17, 5),
(69, 18, 5),
(69, 19, 5),
(69, 20, 5),
(69, 21, 5),
(69, 22, 5),
(69, 23, 5),
(69, 24, 5),
(69, 25, 5),
(69, 26, 5),
(69, 27, 5),
(69, 28, 5),
(71, 10, 5),
(70, 10, 5),
(71, 11, 5),
(70, 11, 5),
(71, 12, 5),
(70, 12, 5),
(71, 13, 5),
(70, 13, 5),
(71, 14, 5),
(70, 14, 5),
(71, 15, 5),
(70, 15, 5),
(71, 16, 5),
(70, 16, 5),
(71, 17, 5),
(70, 17, 5),
(71, 18, 5),
(70, 18, 5),
(71, 19, 5),
(70, 19, 5),
(71, 20, 5),
(70, 20, 5),
(71, 21, 5),
(70, 21, 5),
(71, 22, 5),
(70, 22, 5),
(71, 23, 5),
(70, 23, 5),
(71, 24, 5),
(70, 24, 5),
(71, 25, 5),
(70, 25, 5),
(71, 26, 5),
(70, 26, 5),
(71, 27, 5),
(70, 27, 5),
(71, 28, 5),
(70, 28, 5),
(72, 10, 5),
(72, 11, 5),
(72, 12, 5),
(72, 13, 5),
(72, 14, 5),
(72, 15, 5),
(72, 16, 5),
(72, 17, 5),
(72, 18, 5),
(72, 19, 5),
(72, 20, 5),
(72, 21, 5),
(72, 22, 5),
(72, 23, 5),
(72, 24, 5),
(72, 25, 5),
(72, 26, 5),
(72, 27, 5),
(72, 28, 5),
(73, 10, 5),
(73, 11, 5),
(73, 12, 5),
(73, 13, 5),
(73, 14, 5),
(73, 15, 5),
(73, 16, 5),
(73, 17, 5),
(73, 18, 5),
(73, 19, 5),
(73, 20, 5),
(73, 21, 5),
(73, 22, 5),
(73, 23, 5),
(73, 24, 5),
(73, 25, 5),
(73, 26, 5),
(73, 27, 5),
(73, 28, 5),
(74, 10, 5),
(74, 11, 5),
(74, 12, 5),
(74, 13, 5),
(74, 14, 5),
(74, 15, 5),
(74, 16, 5),
(74, 17, 5),
(74, 18, 5),
(74, 19, 5),
(74, 20, 5),
(74, 21, 5),
(74, 22, 5),
(74, 23, 5),
(74, 24, 5),
(74, 25, 5),
(74, 26, 5),
(74, 27, 5),
(74, 28, 5),
(75, 10, 5),
(75, 11, 5),
(75, 12, 5),
(75, 13, 5),
(75, 14, 5),
(75, 15, 5),
(75, 16, 5),
(75, 17, 5),
(75, 18, 5),
(75, 19, 5),
(75, 20, 5),
(75, 21, 5),
(75, 22, 5),
(75, 23, 5),
(75, 24, 5),
(75, 25, 5),
(75, 26, 5),
(75, 27, 5),
(75, 28, 5),
(76, 10, 5),
(76, 11, 5),
(76, 12, 5),
(76, 13, 5),
(76, 14, 5),
(76, 15, 5),
(76, 16, 5),
(76, 17, 5),
(76, 18, 5),
(76, 19, 5),
(76, 20, 5),
(76, 21, 5),
(76, 22, 5),
(76, 23, 5),
(76, 24, 5),
(76, 25, 5),
(76, 26, 5),
(76, 27, 5),
(76, 28, 5),
(77, 10, 5),
(77, 11, 5),
(77, 12, 5),
(77, 13, 5),
(77, 14, 5),
(77, 15, 5),
(77, 16, 5),
(77, 17, 5),
(77, 18, 5),
(77, 19, 5),
(77, 20, 5),
(77, 21, 5),
(77, 22, 5),
(77, 23, 5),
(77, 24, 5),
(77, 25, 5),
(77, 26, 5),
(77, 27, 5),
(77, 28, 5),
(78, 10, 5),
(78, 11, 5),
(78, 12, 5),
(78, 13, 5),
(78, 14, 5),
(78, 15, 5),
(78, 16, 5),
(78, 17, 5),
(78, 18, 5),
(78, 19, 5),
(78, 20, 5),
(78, 21, 5),
(78, 22, 5),
(78, 23, 5),
(78, 24, 5),
(78, 25, 5),
(78, 26, 5),
(78, 27, 5),
(78, 28, 5),
(79, 10, 5),
(79, 11, 5),
(79, 12, 5),
(79, 13, 5),
(79, 14, 5),
(79, 15, 5),
(79, 16, 5),
(79, 17, 5),
(79, 18, 5),
(79, 19, 5),
(79, 20, 5),
(79, 21, 5),
(79, 22, 5),
(79, 23, 5),
(79, 24, 5),
(79, 25, 5),
(79, 26, 5),
(79, 27, 5),
(79, 28, 5),
(80, 10, 5),
(80, 11, 5),
(80, 12, 5),
(80, 13, 5),
(80, 14, 5),
(80, 15, 5),
(80, 16, 5),
(80, 17, 5),
(80, 18, 5),
(80, 19, 5),
(80, 20, 5),
(80, 21, 5),
(80, 22, 5),
(80, 23, 5),
(80, 24, 5),
(80, 25, 5),
(80, 26, 5),
(80, 27, 5),
(80, 28, 5),
(81, 10, 5),
(81, 11, 5),
(81, 12, 5),
(81, 13, 5),
(81, 14, 5),
(81, 15, 5),
(81, 16, 5),
(81, 17, 5),
(81, 18, 5),
(81, 19, 5),
(81, 20, 5),
(81, 21, 5),
(81, 22, 5),
(81, 23, 5),
(81, 24, 5),
(81, 25, 5),
(81, 26, 5),
(81, 27, 5),
(81, 28, 5),
(82, 10, 5),
(82, 11, 5),
(82, 12, 5),
(82, 13, 5),
(82, 14, 5),
(82, 15, 5),
(82, 16, 5),
(82, 17, 5),
(82, 18, 5),
(82, 19, 5),
(82, 20, 5),
(82, 21, 5),
(82, 22, 5),
(82, 23, 5),
(82, 24, 5),
(82, 25, 5),
(82, 26, 5),
(82, 27, 5),
(82, 28, 5),
(83, 10, 4),
(83, 11, 4),
(83, 12, 4),
(83, 13, 4),
(83, 14, 5),
(83, 15, 5),
(83, 16, 5),
(83, 17, 4),
(83, 18, 4),
(83, 19, 4),
(83, 20, 5),
(83, 21, 4),
(83, 22, 5),
(83, 23, 4),
(83, 24, 4),
(83, 25, 5),
(83, 26, 5),
(83, 27, 4),
(83, 28, 4),
(84, 10, 4),
(84, 11, 4),
(84, 12, 4),
(84, 13, 5),
(84, 14, 4),
(84, 15, 5),
(84, 16, 5),
(84, 17, 4),
(84, 18, 5),
(84, 19, 5),
(84, 20, 5),
(84, 21, 5),
(84, 22, 5),
(84, 23, 5),
(84, 24, 5),
(84, 25, 5),
(84, 26, 5),
(84, 27, 5),
(84, 28, 5),
(85, 10, 5),
(85, 11, 5),
(85, 12, 5),
(85, 13, 5),
(85, 14, 5),
(85, 15, 5),
(85, 16, 5),
(85, 17, 5),
(85, 18, 5),
(85, 19, 5),
(85, 20, 5),
(85, 21, 5),
(85, 22, 5),
(85, 23, 5),
(85, 24, 5),
(85, 25, 5),
(85, 26, 5),
(85, 27, 5),
(85, 28, 5),
(86, 10, 5),
(86, 11, 5),
(86, 12, 5),
(86, 13, 5),
(86, 14, 5),
(86, 15, 5),
(86, 16, 5),
(86, 17, 5),
(86, 18, 5),
(86, 19, 5),
(86, 20, 5),
(86, 21, 5),
(86, 22, 5),
(86, 23, 5),
(86, 24, 5),
(86, 25, 5),
(86, 26, 5),
(86, 27, 5),
(86, 28, 5),
(87, 10, 5),
(87, 11, 4),
(87, 12, 5),
(87, 13, 5),
(87, 14, 5),
(87, 15, 5),
(87, 16, 5),
(87, 17, 5),
(87, 18, 4),
(87, 19, 4),
(87, 20, 5),
(87, 21, 5),
(87, 22, 5),
(87, 23, 4),
(87, 24, 5),
(87, 25, 5),
(87, 26, 5),
(87, 27, 4),
(87, 28, 5),
(88, 10, 5),
(88, 11, 5),
(88, 12, 5),
(88, 13, 5),
(88, 14, 5),
(88, 15, 5),
(88, 16, 5),
(88, 17, 5),
(88, 18, 5),
(88, 19, 5),
(88, 20, 5),
(88, 21, 5),
(88, 22, 5),
(88, 23, 5),
(88, 24, 5),
(88, 25, 5),
(88, 26, 5),
(88, 27, 5),
(88, 28, 5),
(89, 10, 5),
(89, 11, 5),
(89, 12, 5),
(89, 13, 5),
(89, 14, 5),
(89, 15, 5),
(89, 16, 5),
(89, 17, 5),
(89, 18, 5),
(89, 19, 5),
(89, 20, 5),
(89, 21, 5),
(89, 22, 5),
(89, 23, 5),
(89, 24, 5),
(89, 25, 5),
(89, 26, 5),
(89, 27, 5),
(89, 28, 5),
(90, 10, 5),
(90, 11, 4),
(90, 12, 5),
(90, 13, 4),
(90, 14, 5),
(90, 15, 5),
(90, 16, 5),
(90, 17, 5),
(90, 18, 4),
(90, 19, 5),
(90, 20, 5),
(90, 21, 5),
(90, 22, 4),
(90, 23, 5),
(90, 24, 5),
(90, 25, 5),
(90, 26, 5),
(90, 27, 4),
(90, 28, 5),
(91, 10, 5),
(91, 11, 5),
(91, 12, 5),
(91, 13, 5),
(91, 14, 5),
(91, 15, 5),
(91, 16, 5),
(91, 17, 5),
(91, 18, 5),
(91, 19, 5),
(91, 20, 5),
(91, 21, 5),
(91, 22, 5),
(91, 23, 5),
(91, 24, 5),
(91, 25, 5),
(91, 26, 5),
(91, 27, 5),
(91, 28, 5),
(92, 10, 5),
(92, 11, 5),
(92, 12, 5),
(92, 13, 5),
(92, 14, 5),
(92, 15, 5),
(92, 16, 5),
(92, 17, 5),
(92, 18, 5),
(92, 19, 5),
(92, 20, 5),
(92, 21, 5),
(92, 22, 5),
(92, 23, 5),
(92, 24, 5),
(92, 25, 5),
(92, 26, 5),
(92, 27, 5),
(92, 28, 5),
(93, 10, 5),
(93, 11, 5),
(93, 12, 5),
(93, 13, 5),
(93, 14, 5),
(93, 15, 5),
(93, 16, 5),
(93, 17, 5),
(93, 18, 5),
(93, 19, 5),
(93, 20, 5),
(93, 21, 5),
(93, 22, 5),
(93, 23, 5),
(93, 24, 5),
(93, 25, 5),
(93, 26, 5),
(93, 27, 5),
(93, 28, 5),
(94, 10, 4),
(94, 11, 4),
(94, 12, 4),
(94, 13, 4),
(94, 14, 4),
(94, 15, 4),
(94, 16, 4),
(94, 17, 4),
(94, 18, 4),
(94, 19, 4),
(94, 20, 4),
(94, 21, 4),
(94, 22, 4),
(94, 23, 4),
(94, 24, 4),
(94, 25, 4),
(94, 26, 4),
(94, 27, 4),
(94, 28, 4),
(95, 10, 5),
(95, 11, 5),
(95, 12, 5),
(95, 13, 5),
(95, 14, 4),
(95, 15, 3),
(95, 16, 5),
(95, 17, 5),
(95, 18, 5),
(95, 19, 5),
(95, 20, 3),
(95, 21, 5),
(95, 22, 4),
(95, 23, 5),
(95, 24, 4),
(95, 25, 3),
(95, 26, 3),
(95, 27, 3),
(95, 28, 3),
(96, 10, 5),
(96, 11, 5),
(96, 12, 5),
(96, 13, 5),
(96, 14, 5),
(96, 15, 5),
(96, 16, 5),
(96, 17, 5),
(96, 18, 5),
(96, 19, 5),
(96, 20, 5),
(96, 21, 5),
(96, 22, 5),
(96, 23, 5),
(96, 24, 5),
(96, 25, 5),
(96, 26, 5),
(96, 27, 5),
(96, 28, 5),
(97, 10, 5),
(97, 11, 5),
(97, 12, 5),
(97, 13, 5),
(97, 14, 5),
(97, 15, 5),
(97, 16, 5),
(97, 17, 5),
(97, 18, 5),
(97, 19, 5),
(97, 20, 5),
(97, 21, 5),
(97, 22, 5),
(97, 23, 5),
(97, 24, 5),
(97, 25, 5),
(97, 26, 5),
(97, 27, 5),
(97, 28, 5),
(98, 10, 4),
(98, 11, 5),
(98, 12, 5),
(98, 13, 5),
(98, 14, 5),
(98, 15, 4),
(98, 16, 5),
(98, 17, 5),
(98, 18, 4),
(98, 19, 5),
(98, 20, 5),
(98, 21, 5),
(98, 22, 5),
(98, 23, 4),
(98, 24, 5),
(98, 25, 5),
(98, 26, 5),
(98, 27, 4),
(98, 28, 5),
(99, 10, 5),
(99, 11, 5),
(99, 12, 5),
(99, 13, 5),
(99, 14, 5),
(99, 15, 5),
(99, 16, 5),
(99, 17, 5),
(99, 18, 5),
(99, 19, 5),
(99, 20, 5),
(99, 21, 5),
(99, 22, 5),
(99, 23, 5),
(99, 24, 5),
(99, 25, 5),
(99, 26, 5),
(99, 27, 5),
(99, 28, 5),
(100, 10, 5),
(100, 11, 5),
(100, 12, 5),
(100, 13, 5),
(100, 14, 5),
(100, 15, 5),
(100, 16, 5),
(100, 17, 5),
(100, 18, 5),
(100, 19, 5),
(100, 20, 5),
(100, 21, 5),
(100, 22, 5),
(100, 23, 5),
(100, 24, 5),
(100, 25, 5),
(100, 26, 5),
(100, 27, 5),
(100, 28, 5),
(101, 10, 5),
(101, 11, 5),
(101, 12, 5),
(101, 13, 5),
(101, 14, 5),
(101, 15, 5),
(101, 16, 5),
(101, 17, 5),
(101, 18, 5),
(101, 19, 5),
(101, 20, 5),
(101, 21, 5),
(101, 22, 5),
(101, 23, 5),
(101, 24, 5),
(101, 25, 5),
(101, 26, 5),
(101, 27, 5),
(101, 28, 5),
(102, 10, 5),
(102, 11, 4),
(102, 12, 4),
(102, 13, 4),
(102, 14, 4),
(102, 15, 4),
(102, 16, 5),
(102, 17, 4),
(102, 18, 5),
(102, 19, 4),
(102, 20, 5),
(102, 21, 4),
(102, 22, 4),
(102, 23, 4),
(102, 24, 4),
(102, 25, 5),
(102, 26, 5),
(102, 27, 5),
(102, 28, 5),
(103, 10, 4),
(103, 11, 5),
(103, 12, 5),
(103, 13, 4),
(103, 14, 5),
(103, 15, 5),
(103, 16, 5),
(103, 17, 5),
(103, 18, 4),
(103, 19, 5),
(103, 20, 5),
(103, 21, 5),
(103, 22, 4),
(103, 23, 5),
(103, 24, 5),
(103, 25, 5),
(103, 26, 5),
(103, 27, 5),
(103, 28, 4),
(104, 10, 5),
(104, 11, 5),
(104, 12, 5),
(104, 13, 5),
(104, 14, 5),
(104, 15, 5),
(104, 16, 5),
(104, 17, 5),
(104, 18, 5),
(104, 19, 5),
(104, 20, 5),
(104, 21, 5),
(104, 22, 5),
(104, 23, 5),
(104, 24, 5),
(104, 25, 5),
(104, 26, 5),
(104, 27, 5),
(104, 28, 5),
(105, 10, 5),
(105, 11, 5),
(105, 12, 5),
(105, 13, 5),
(105, 14, 5),
(105, 15, 5),
(105, 16, 5),
(105, 17, 5),
(105, 18, 5),
(105, 19, 5),
(105, 20, 5),
(105, 21, 5),
(105, 22, 5),
(105, 23, 5),
(105, 24, 5),
(105, 25, 5),
(105, 26, 5),
(105, 27, 5),
(105, 28, 5),
(106, 10, 5),
(106, 11, 5),
(106, 12, 5),
(106, 13, 5),
(106, 14, 5),
(106, 15, 5),
(106, 16, 5),
(106, 17, 5),
(106, 18, 5),
(106, 19, 5),
(106, 20, 5),
(106, 21, 5),
(106, 22, 5),
(106, 23, 5),
(106, 24, 5),
(106, 25, 5),
(106, 26, 5),
(106, 27, 5),
(106, 28, 5),
(107, 10, 4),
(107, 11, 4),
(107, 12, 4),
(107, 13, 4),
(107, 14, 4),
(107, 15, 4),
(107, 16, 4),
(107, 17, 4),
(107, 18, 4),
(107, 19, 4),
(107, 20, 4),
(107, 21, 4),
(107, 22, 4),
(107, 23, 4),
(107, 24, 4),
(107, 25, 4),
(107, 26, 4),
(107, 27, 4),
(107, 28, 4),
(108, 10, 5),
(108, 11, 5),
(108, 12, 5),
(108, 13, 5),
(108, 14, 5),
(108, 15, 5),
(108, 16, 5),
(108, 17, 5),
(108, 18, 5),
(108, 19, 5),
(108, 20, 5),
(108, 21, 5),
(108, 22, 5),
(108, 23, 5),
(108, 24, 5),
(108, 25, 5),
(108, 26, 5),
(108, 27, 5),
(108, 28, 5),
(109, 10, 5),
(109, 11, 5),
(109, 12, 5),
(109, 13, 5),
(109, 14, 5),
(109, 15, 5),
(109, 16, 5),
(109, 17, 5),
(109, 18, 5),
(109, 19, 5),
(109, 20, 5),
(109, 21, 5),
(109, 22, 5),
(109, 23, 5),
(109, 24, 5),
(109, 25, 5),
(109, 26, 5),
(109, 27, 5),
(109, 28, 5),
(110, 10, 5),
(110, 11, 5),
(110, 12, 5),
(110, 13, 5),
(110, 14, 5),
(110, 15, 5),
(110, 16, 5),
(110, 17, 5),
(110, 18, 5),
(110, 19, 5),
(110, 20, 5),
(110, 21, 5),
(110, 22, 5),
(110, 23, 5),
(110, 24, 5),
(110, 25, 5),
(110, 26, 5),
(110, 27, 5),
(110, 28, 5),
(111, 10, 5),
(111, 11, 5),
(111, 12, 5),
(111, 13, 5),
(111, 14, 5),
(111, 15, 5),
(111, 16, 5),
(111, 17, 5),
(111, 18, 5),
(111, 19, 5),
(111, 20, 5),
(111, 21, 5),
(111, 22, 5),
(111, 23, 5),
(111, 24, 5),
(111, 25, 5),
(111, 26, 5),
(111, 27, 5),
(111, 28, 5),
(112, 10, 5),
(112, 11, 5),
(112, 12, 5),
(112, 13, 5),
(112, 14, 5),
(112, 15, 5),
(112, 16, 5),
(112, 17, 5),
(112, 18, 5),
(112, 19, 5),
(112, 20, 5),
(112, 21, 5),
(112, 22, 5),
(112, 23, 5),
(112, 24, 5),
(112, 25, 5),
(112, 26, 5),
(112, 27, 5),
(112, 28, 5),
(113, 10, 5),
(113, 11, 5),
(113, 12, 5),
(113, 13, 5),
(113, 14, 5),
(113, 15, 5),
(113, 16, 5),
(113, 17, 5),
(113, 18, 5),
(113, 19, 5),
(113, 20, 5),
(113, 21, 5),
(113, 22, 5),
(113, 23, 5),
(113, 24, 5),
(113, 25, 5),
(113, 26, 5),
(113, 27, 5),
(113, 28, 5),
(114, 10, 5),
(114, 11, 5),
(114, 12, 5),
(114, 13, 5),
(114, 14, 5),
(114, 15, 5),
(114, 16, 5),
(114, 17, 5),
(114, 18, 5),
(114, 19, 5),
(114, 20, 5),
(114, 21, 5),
(114, 22, 5),
(114, 23, 5),
(114, 24, 5),
(114, 25, 5),
(114, 26, 5),
(114, 27, 5),
(114, 28, 5),
(115, 10, 5),
(115, 11, 5),
(115, 12, 5),
(115, 13, 5),
(115, 14, 5),
(115, 15, 5),
(115, 16, 5),
(115, 17, 5),
(115, 18, 5),
(115, 19, 5),
(115, 20, 5),
(115, 21, 5),
(115, 22, 5),
(115, 23, 5),
(115, 24, 5),
(115, 25, 5),
(115, 26, 5),
(115, 27, 5),
(115, 28, 5),
(116, 10, 5),
(116, 11, 5),
(116, 12, 5),
(116, 13, 5),
(116, 14, 5),
(116, 15, 5),
(116, 16, 5),
(116, 17, 5),
(116, 18, 5),
(116, 19, 5),
(116, 20, 5),
(116, 21, 5),
(116, 22, 5),
(116, 23, 5),
(116, 24, 5),
(116, 25, 5),
(116, 26, 5),
(116, 27, 5),
(116, 28, 5),
(117, 10, 5),
(117, 11, 5),
(117, 12, 5),
(117, 13, 5),
(117, 14, 5),
(117, 15, 5),
(117, 16, 5),
(117, 17, 5),
(117, 18, 5),
(117, 19, 5),
(117, 20, 5),
(117, 21, 5),
(117, 22, 5),
(117, 23, 5),
(117, 24, 5),
(117, 25, 5),
(117, 26, 5),
(117, 27, 5),
(117, 28, 5),
(118, 10, 5),
(118, 11, 5),
(118, 12, 5),
(118, 13, 5),
(118, 14, 5),
(118, 15, 5),
(118, 16, 5),
(118, 17, 5),
(118, 18, 5),
(118, 19, 5),
(118, 20, 5),
(118, 21, 5),
(118, 22, 5),
(118, 23, 5),
(118, 24, 5),
(118, 25, 5),
(118, 26, 5),
(118, 27, 5),
(118, 28, 5),
(119, 10, 5),
(119, 11, 5),
(119, 12, 5),
(119, 13, 5),
(119, 14, 5),
(119, 15, 5),
(119, 16, 5),
(119, 17, 5),
(119, 18, 5),
(119, 19, 5),
(119, 20, 5),
(119, 21, 5),
(119, 22, 5),
(119, 23, 5),
(119, 24, 5),
(119, 25, 5),
(119, 26, 5),
(119, 27, 5),
(119, 28, 5),
(120, 10, 5),
(120, 11, 5),
(120, 12, 5),
(120, 13, 5),
(120, 14, 5),
(120, 15, 5),
(120, 16, 5),
(120, 17, 5),
(120, 18, 5),
(120, 19, 5),
(120, 20, 5),
(120, 21, 5),
(120, 22, 5),
(120, 23, 5),
(120, 24, 5),
(120, 25, 5),
(120, 26, 5),
(120, 27, 5),
(120, 28, 5),
(121, 10, 5),
(121, 11, 5),
(121, 12, 5),
(121, 13, 5),
(121, 14, 5),
(121, 15, 5),
(121, 16, 5),
(121, 17, 5),
(121, 18, 5),
(121, 19, 5),
(121, 20, 5),
(121, 21, 5),
(121, 22, 5),
(121, 23, 5),
(121, 24, 5),
(121, 25, 5),
(121, 26, 5),
(121, 27, 5),
(121, 28, 5),
(122, 10, 5),
(122, 11, 5),
(122, 12, 5),
(122, 13, 5),
(122, 14, 5),
(122, 15, 5),
(122, 16, 5),
(122, 17, 5),
(122, 18, 5),
(122, 19, 5),
(122, 20, 5),
(122, 21, 5),
(122, 22, 5),
(122, 23, 5),
(122, 24, 5),
(122, 25, 5),
(122, 26, 5),
(122, 27, 5),
(122, 28, 5),
(123, 10, 5),
(123, 11, 5),
(123, 12, 5),
(123, 13, 5),
(123, 14, 5),
(123, 15, 5),
(123, 16, 5),
(123, 17, 5),
(123, 18, 5),
(123, 19, 5),
(123, 20, 5),
(123, 21, 5),
(123, 22, 5),
(123, 23, 5),
(123, 24, 5),
(123, 25, 5),
(123, 26, 5),
(123, 27, 5),
(123, 28, 5),
(124, 10, 5),
(125, 10, 5),
(124, 11, 5),
(125, 11, 5),
(124, 12, 5),
(125, 12, 5),
(124, 13, 5),
(125, 13, 5),
(124, 14, 5),
(125, 14, 5),
(124, 15, 5),
(125, 15, 5),
(124, 16, 5),
(125, 16, 5),
(124, 17, 5),
(125, 17, 5),
(124, 18, 5),
(125, 18, 5),
(124, 19, 5),
(125, 19, 5),
(124, 20, 5),
(125, 20, 5),
(124, 21, 5),
(125, 21, 5),
(124, 22, 5),
(125, 22, 5),
(124, 23, 5),
(125, 23, 5),
(124, 24, 5),
(125, 24, 5),
(124, 25, 5),
(125, 25, 5),
(124, 26, 5),
(125, 26, 5),
(124, 27, 5),
(125, 27, 5),
(124, 28, 5),
(125, 28, 5),
(126, 10, 5),
(126, 11, 5),
(126, 12, 5),
(126, 13, 5),
(126, 14, 5),
(126, 15, 5),
(126, 16, 5),
(126, 17, 5),
(126, 18, 5),
(126, 19, 5),
(126, 20, 5),
(126, 21, 5),
(126, 22, 5),
(126, 23, 5),
(126, 24, 5),
(126, 25, 5),
(126, 26, 5),
(126, 27, 5),
(126, 28, 5),
(127, 10, 5),
(127, 11, 5),
(127, 12, 5),
(127, 13, 5),
(127, 14, 5),
(127, 15, 5),
(127, 16, 5),
(127, 17, 5),
(127, 18, 5),
(127, 19, 5),
(127, 20, 5),
(127, 21, 5),
(127, 22, 5),
(127, 23, 5),
(127, 24, 5),
(127, 25, 5),
(127, 26, 5),
(127, 27, 5),
(127, 28, 5),
(128, 10, 5),
(128, 11, 5),
(128, 12, 5),
(128, 13, 5),
(128, 14, 5),
(128, 15, 5),
(128, 16, 5),
(128, 17, 5),
(128, 18, 5),
(128, 19, 5),
(128, 20, 5),
(128, 21, 5),
(128, 22, 5),
(128, 23, 5),
(128, 24, 5),
(128, 25, 5),
(128, 26, 5),
(128, 27, 5),
(128, 28, 5),
(129, 10, 5),
(129, 11, 5),
(129, 12, 5),
(129, 13, 5),
(129, 14, 5),
(129, 15, 5),
(129, 16, 5),
(129, 17, 5),
(129, 18, 5),
(129, 19, 5),
(129, 20, 5),
(129, 21, 5),
(129, 22, 5),
(129, 23, 5),
(129, 24, 5),
(129, 25, 5),
(129, 26, 5),
(129, 27, 5),
(129, 28, 5),
(130, 10, 5),
(130, 11, 5),
(130, 12, 5),
(130, 13, 5),
(130, 14, 5),
(130, 15, 5),
(130, 16, 5),
(130, 17, 5),
(130, 18, 5),
(130, 19, 5),
(130, 20, 5),
(130, 21, 5),
(130, 22, 5),
(130, 23, 5),
(130, 24, 5),
(130, 25, 5),
(130, 26, 5),
(130, 27, 5),
(130, 28, 5),
(131, 10, 5),
(131, 11, 5),
(131, 12, 5),
(131, 13, 5),
(131, 14, 5),
(131, 15, 5),
(131, 16, 5),
(131, 17, 5),
(131, 18, 5),
(131, 19, 5),
(131, 20, 5),
(131, 21, 5),
(131, 22, 5),
(131, 23, 5),
(131, 24, 5),
(131, 25, 5),
(131, 26, 5),
(131, 27, 5),
(131, 28, 5),
(132, 10, 5),
(132, 11, 5),
(132, 12, 5),
(132, 13, 5),
(132, 14, 5),
(132, 15, 5),
(132, 16, 5),
(132, 17, 5),
(132, 18, 5),
(132, 19, 5),
(132, 20, 5),
(132, 21, 5),
(132, 22, 5),
(132, 23, 5),
(132, 24, 5),
(132, 25, 5),
(132, 26, 5),
(132, 27, 5),
(132, 28, 5),
(133, 10, 5),
(133, 11, 5),
(133, 12, 5),
(133, 13, 5),
(133, 14, 5),
(133, 15, 5),
(133, 16, 5),
(133, 17, 5),
(133, 18, 5),
(133, 19, 5),
(133, 20, 5),
(133, 21, 5),
(133, 22, 5),
(133, 23, 5),
(133, 24, 5),
(133, 25, 5),
(133, 26, 5),
(133, 27, 5),
(133, 28, 5),
(134, 10, 5),
(134, 11, 5),
(134, 12, 5),
(134, 13, 5),
(134, 14, 5),
(134, 15, 5),
(134, 16, 5),
(134, 17, 5),
(134, 18, 5),
(134, 19, 5),
(134, 20, 5),
(134, 21, 5),
(134, 22, 5),
(134, 23, 5),
(134, 24, 5),
(134, 25, 5),
(134, 26, 5),
(134, 27, 5),
(134, 28, 5),
(135, 10, 5),
(135, 11, 5),
(135, 12, 5),
(135, 13, 5),
(135, 14, 5),
(135, 15, 5),
(135, 16, 5),
(135, 17, 5),
(135, 18, 5),
(135, 19, 5),
(135, 20, 5),
(135, 21, 5),
(135, 22, 5),
(135, 23, 5),
(135, 24, 5),
(135, 25, 5),
(135, 26, 5),
(135, 27, 5),
(135, 28, 5),
(136, 10, 5),
(136, 11, 5),
(136, 12, 5),
(136, 13, 5),
(136, 14, 5),
(136, 15, 5),
(136, 16, 5),
(136, 17, 5),
(136, 18, 5),
(136, 19, 5),
(136, 20, 5),
(136, 21, 5),
(136, 22, 5),
(136, 23, 5),
(136, 24, 5),
(136, 25, 5),
(136, 26, 5),
(136, 27, 5),
(136, 28, 5),
(137, 10, 5),
(137, 11, 5),
(137, 12, 5),
(137, 13, 5),
(137, 14, 5),
(137, 15, 5),
(137, 16, 5),
(137, 17, 5),
(137, 18, 5),
(137, 19, 5),
(137, 20, 5),
(137, 21, 5),
(137, 22, 5),
(137, 23, 5),
(137, 24, 5),
(137, 25, 5),
(137, 26, 5),
(137, 27, 5),
(137, 28, 5),
(138, 10, 5),
(138, 11, 5),
(138, 12, 5),
(138, 13, 5),
(138, 14, 5),
(138, 15, 5),
(138, 16, 5),
(138, 17, 5),
(138, 18, 5),
(138, 19, 5),
(138, 20, 5),
(138, 21, 5),
(138, 22, 5),
(138, 23, 5),
(138, 24, 5),
(138, 25, 5),
(138, 26, 5),
(138, 27, 5),
(138, 28, 5),
(139, 10, 5),
(139, 11, 5),
(139, 12, 5),
(139, 13, 5),
(139, 14, 5),
(139, 15, 5),
(139, 16, 5),
(139, 17, 5),
(139, 18, 5),
(139, 19, 5),
(139, 20, 5),
(139, 21, 5),
(139, 22, 5),
(139, 23, 5),
(139, 24, 5),
(139, 25, 5),
(139, 26, 5),
(139, 27, 5),
(139, 28, 5),
(140, 10, 5),
(140, 11, 5),
(140, 12, 5),
(140, 13, 5),
(140, 14, 5),
(140, 15, 5),
(140, 16, 5),
(140, 17, 5),
(140, 18, 5),
(140, 19, 5),
(140, 20, 5),
(140, 21, 5),
(140, 22, 5),
(140, 23, 5),
(140, 24, 5),
(140, 25, 5),
(140, 26, 5),
(140, 27, 5),
(140, 28, 5),
(141, 10, 5),
(141, 11, 5),
(141, 12, 5),
(141, 13, 5),
(141, 14, 5),
(141, 15, 5),
(141, 16, 5),
(141, 17, 5),
(141, 18, 5),
(141, 19, 5),
(141, 20, 5),
(141, 21, 5),
(141, 22, 5),
(141, 23, 5),
(141, 24, 5),
(141, 25, 5),
(141, 26, 5),
(141, 27, 5),
(141, 28, 5),
(142, 10, 5),
(142, 11, 5),
(142, 12, 5),
(142, 13, 5),
(142, 14, 5),
(142, 15, 5),
(142, 16, 5),
(142, 17, 5),
(142, 18, 5),
(142, 19, 5),
(142, 20, 5),
(142, 21, 5),
(142, 22, 5),
(142, 23, 5),
(142, 24, 5),
(142, 25, 5),
(142, 26, 5),
(142, 27, 5),
(142, 28, 5),
(143, 10, 5),
(143, 11, 5),
(143, 12, 5),
(143, 13, 5),
(143, 14, 5),
(143, 15, 5),
(143, 16, 5),
(143, 17, 5),
(143, 18, 5),
(143, 19, 5),
(143, 20, 5),
(143, 21, 5),
(143, 22, 5),
(143, 23, 5),
(143, 24, 5),
(143, 25, 5),
(143, 26, 5),
(143, 27, 5),
(143, 28, 5),
(144, 10, 5),
(144, 11, 5),
(144, 12, 5),
(144, 13, 5),
(144, 14, 5),
(144, 15, 5),
(144, 16, 5),
(144, 17, 5),
(144, 18, 5),
(144, 19, 5),
(144, 20, 5),
(144, 21, 5),
(144, 22, 5),
(144, 23, 5),
(144, 24, 5),
(144, 25, 5),
(144, 26, 5),
(144, 27, 5),
(144, 28, 5),
(145, 10, 5),
(145, 11, 5),
(145, 12, 5),
(145, 13, 5),
(145, 14, 5),
(145, 15, 5),
(145, 16, 5),
(145, 17, 5),
(145, 18, 5),
(145, 19, 5),
(145, 20, 5),
(145, 21, 5),
(145, 22, 5),
(145, 23, 5),
(145, 24, 5),
(145, 25, 5),
(145, 26, 5),
(145, 27, 5),
(145, 28, 5),
(146, 10, 5),
(146, 11, 5),
(146, 12, 5),
(146, 13, 5),
(146, 14, 5),
(146, 15, 5),
(146, 16, 5),
(146, 17, 5),
(146, 18, 5),
(146, 19, 5),
(146, 20, 5),
(146, 21, 5),
(146, 22, 5),
(146, 23, 5),
(146, 24, 5),
(146, 25, 5),
(146, 26, 5),
(146, 27, 5),
(146, 28, 5),
(147, 10, 5),
(147, 11, 5),
(147, 12, 5),
(147, 13, 5),
(147, 14, 5),
(147, 15, 5),
(147, 16, 5),
(147, 17, 5),
(147, 18, 5),
(147, 19, 5),
(147, 20, 5),
(147, 21, 5),
(147, 22, 5),
(147, 23, 5),
(147, 24, 5),
(147, 25, 5),
(147, 26, 5),
(147, 27, 5),
(147, 28, 5),
(148, 10, 5),
(148, 11, 5),
(148, 12, 5),
(148, 13, 5),
(148, 14, 5),
(148, 15, 5),
(148, 16, 5),
(148, 17, 5),
(148, 18, 5),
(148, 19, 5),
(148, 20, 5),
(148, 21, 5),
(148, 22, 5),
(148, 23, 5),
(148, 24, 5),
(148, 25, 5),
(148, 26, 5),
(148, 27, 5),
(148, 28, 5),
(149, 10, 5),
(149, 11, 5),
(149, 12, 5),
(149, 13, 5),
(149, 14, 5),
(149, 15, 5),
(149, 16, 5),
(149, 17, 5),
(149, 18, 5),
(149, 19, 5),
(149, 20, 5),
(149, 21, 5),
(149, 22, 5),
(149, 23, 5),
(149, 24, 5),
(149, 25, 5),
(149, 26, 5),
(149, 27, 5),
(149, 28, 5),
(150, 10, 5),
(150, 11, 5),
(150, 12, 5),
(150, 13, 5),
(150, 14, 5),
(150, 15, 5),
(150, 16, 5),
(150, 17, 5),
(150, 18, 5),
(150, 19, 5),
(150, 20, 5),
(150, 21, 5),
(150, 22, 5),
(150, 23, 5),
(150, 24, 5),
(150, 25, 5),
(150, 26, 5),
(150, 27, 5),
(150, 28, 5),
(151, 10, 5),
(151, 11, 5),
(151, 12, 5),
(151, 13, 5),
(151, 14, 5),
(151, 15, 5),
(151, 16, 5),
(151, 17, 5),
(151, 18, 5),
(151, 19, 5),
(151, 20, 5),
(151, 21, 5),
(151, 22, 5),
(151, 23, 5),
(151, 24, 5),
(151, 25, 5),
(151, 26, 5),
(151, 27, 5),
(151, 28, 5),
(152, 10, 5),
(152, 11, 5),
(152, 12, 5),
(152, 13, 5),
(152, 14, 5),
(152, 15, 5),
(152, 16, 5),
(152, 17, 5),
(152, 18, 5),
(152, 19, 5),
(152, 20, 5),
(152, 21, 5),
(152, 22, 5),
(152, 23, 5),
(152, 24, 5),
(152, 25, 5),
(152, 26, 5),
(152, 27, 5),
(152, 28, 5),
(153, 10, 5),
(153, 11, 5),
(153, 12, 5),
(153, 13, 5),
(153, 14, 5),
(153, 15, 5),
(153, 16, 5),
(153, 17, 5),
(153, 18, 5),
(153, 19, 5),
(153, 20, 5),
(153, 21, 5),
(153, 22, 5),
(153, 23, 5),
(153, 24, 5),
(153, 25, 5),
(153, 26, 5),
(153, 27, 5),
(153, 28, 5),
(154, 10, 5),
(154, 11, 5),
(154, 12, 5),
(154, 13, 5),
(154, 14, 5),
(154, 15, 5),
(154, 16, 5),
(154, 17, 5),
(154, 18, 5),
(154, 19, 5),
(154, 20, 5),
(154, 21, 5),
(154, 22, 5),
(154, 23, 5),
(154, 24, 5),
(154, 25, 5),
(154, 26, 5),
(154, 27, 5),
(154, 28, 5),
(155, 10, 5),
(155, 11, 5),
(155, 12, 5),
(155, 13, 5),
(155, 14, 5),
(155, 15, 5),
(155, 16, 5),
(155, 17, 5),
(155, 18, 5),
(155, 19, 5),
(155, 20, 5),
(155, 21, 5),
(155, 22, 5),
(155, 23, 5),
(155, 24, 5),
(155, 25, 5),
(155, 26, 5),
(155, 27, 5),
(155, 28, 5),
(156, 10, 5),
(156, 11, 5),
(156, 12, 5),
(156, 13, 5),
(156, 14, 5),
(156, 15, 5),
(156, 16, 5),
(156, 17, 5),
(156, 18, 5),
(156, 19, 5),
(156, 20, 5),
(156, 21, 5),
(156, 22, 5),
(156, 23, 5),
(156, 24, 5),
(156, 25, 5),
(156, 26, 5),
(156, 27, 5),
(156, 28, 5),
(157, 10, 5),
(157, 11, 5),
(157, 12, 5),
(157, 13, 5),
(157, 14, 5),
(157, 15, 5),
(157, 16, 5),
(157, 17, 5),
(157, 18, 5),
(157, 19, 5),
(157, 20, 5),
(157, 21, 5),
(157, 22, 5),
(157, 23, 5),
(157, 24, 5),
(157, 25, 5),
(157, 26, 5),
(157, 27, 5),
(157, 28, 5),
(158, 10, 5),
(158, 11, 5),
(158, 12, 5),
(158, 13, 5),
(158, 14, 5),
(158, 15, 5),
(158, 16, 5),
(158, 17, 5),
(158, 18, 5),
(158, 19, 5),
(158, 20, 5),
(158, 21, 5),
(158, 22, 5),
(158, 23, 5),
(158, 24, 5),
(158, 25, 5),
(158, 26, 5),
(158, 27, 5),
(158, 28, 5),
(159, 10, 5),
(159, 11, 5),
(159, 12, 5),
(159, 13, 5),
(159, 14, 5),
(159, 15, 5),
(159, 16, 5),
(159, 17, 5),
(159, 18, 5),
(159, 19, 5),
(159, 20, 5),
(159, 21, 5),
(159, 22, 5),
(159, 23, 5),
(159, 24, 5),
(159, 25, 5),
(159, 26, 5),
(159, 27, 5),
(159, 28, 5),
(160, 10, 5),
(160, 11, 5),
(160, 12, 5),
(160, 13, 5),
(160, 14, 5),
(160, 15, 5),
(160, 16, 5),
(160, 17, 5),
(160, 18, 5),
(160, 19, 5),
(160, 20, 5),
(160, 21, 5),
(160, 22, 5),
(160, 23, 5),
(160, 24, 5),
(160, 25, 5),
(160, 26, 5),
(160, 27, 5),
(160, 28, 5),
(161, 10, 5),
(161, 11, 5),
(161, 12, 5),
(161, 13, 5),
(161, 14, 5),
(161, 15, 5),
(161, 16, 5),
(161, 17, 5),
(161, 18, 5),
(161, 19, 5),
(161, 20, 5),
(161, 21, 5),
(161, 22, 5),
(161, 23, 5),
(161, 24, 5),
(161, 25, 5),
(161, 26, 5),
(161, 27, 5),
(161, 28, 5),
(162, 10, 5),
(162, 11, 5),
(162, 12, 5),
(162, 13, 5),
(162, 14, 5),
(162, 15, 5),
(162, 16, 5),
(162, 17, 5),
(162, 18, 5),
(162, 19, 5),
(162, 20, 5),
(162, 21, 5),
(162, 22, 5),
(162, 23, 5),
(162, 24, 5),
(162, 25, 5),
(162, 26, 5),
(162, 27, 5),
(162, 28, 5),
(163, 10, 5),
(163, 11, 5),
(163, 12, 5),
(163, 13, 5),
(163, 14, 5),
(163, 15, 5),
(163, 16, 5),
(163, 17, 5),
(163, 18, 5),
(163, 19, 5),
(163, 20, 5),
(163, 21, 5),
(163, 22, 5),
(163, 23, 5),
(163, 24, 5),
(163, 25, 5),
(163, 26, 5),
(163, 27, 5),
(163, 28, 5),
(164, 10, 5),
(164, 11, 5),
(164, 12, 5),
(164, 13, 5),
(164, 14, 5),
(164, 15, 5),
(164, 16, 5),
(164, 17, 5),
(164, 18, 5),
(164, 19, 5),
(164, 20, 5),
(164, 21, 5),
(164, 22, 5),
(164, 23, 5),
(164, 24, 5),
(164, 25, 5),
(164, 26, 5),
(164, 27, 5),
(164, 28, 5),
(165, 10, 5),
(165, 11, 5),
(165, 12, 5),
(165, 13, 5),
(165, 14, 5),
(165, 15, 5),
(165, 16, 5),
(165, 17, 5),
(165, 18, 5),
(165, 19, 5),
(165, 20, 5),
(165, 21, 5),
(165, 22, 5),
(165, 23, 5),
(165, 24, 5),
(165, 25, 5),
(165, 26, 5),
(165, 27, 5),
(165, 28, 5),
(166, 10, 5),
(166, 11, 5),
(166, 12, 5),
(166, 13, 5),
(166, 14, 5),
(166, 15, 5),
(166, 16, 5),
(166, 17, 5),
(166, 18, 5),
(166, 19, 5),
(166, 20, 5),
(166, 21, 5),
(166, 22, 5),
(166, 23, 5),
(166, 24, 5),
(166, 25, 5),
(166, 26, 5),
(166, 27, 5),
(166, 28, 5),
(167, 10, 5),
(167, 11, 5),
(167, 12, 5),
(167, 13, 5),
(167, 14, 5),
(167, 15, 5),
(167, 16, 5),
(167, 17, 5),
(167, 18, 5),
(167, 19, 5),
(167, 20, 5),
(167, 21, 5),
(167, 22, 5),
(167, 23, 5),
(167, 24, 5),
(167, 25, 5),
(167, 26, 5),
(167, 27, 5),
(167, 28, 5),
(168, 10, 5),
(168, 11, 5),
(168, 12, 5),
(168, 13, 5),
(168, 14, 5),
(168, 15, 5),
(168, 16, 5),
(168, 17, 5),
(168, 18, 5),
(168, 19, 5),
(168, 20, 5),
(168, 21, 5),
(168, 22, 5),
(168, 23, 5),
(168, 24, 5),
(168, 25, 5),
(168, 26, 5),
(168, 27, 5),
(168, 28, 5),
(169, 10, 5),
(169, 11, 5),
(169, 12, 5),
(169, 13, 5),
(169, 14, 5),
(169, 15, 5),
(169, 16, 5),
(169, 17, 5),
(169, 18, 5),
(169, 19, 5),
(169, 20, 5),
(169, 21, 5),
(169, 22, 5),
(169, 23, 5),
(169, 24, 5),
(169, 25, 5),
(169, 26, 5),
(169, 27, 5),
(169, 28, 5),
(170, 10, 5),
(170, 11, 5),
(170, 12, 5),
(170, 13, 5),
(170, 14, 5),
(170, 15, 5),
(170, 16, 5),
(170, 17, 5),
(170, 18, 5),
(170, 19, 5),
(170, 20, 5),
(170, 21, 5),
(170, 22, 5),
(170, 23, 5),
(170, 24, 5),
(170, 25, 5),
(170, 26, 5),
(170, 27, 5),
(170, 28, 5),
(171, 10, 5),
(171, 11, 5),
(171, 12, 5),
(171, 13, 5),
(171, 14, 5),
(171, 15, 5),
(171, 16, 5),
(171, 17, 5),
(171, 18, 5),
(171, 19, 5),
(171, 20, 5),
(171, 21, 5),
(171, 22, 5),
(171, 23, 5),
(171, 24, 5),
(171, 25, 5),
(171, 26, 5),
(171, 27, 5),
(171, 28, 5),
(172, 10, 5),
(172, 11, 5),
(172, 12, 5),
(172, 13, 5),
(172, 14, 5),
(172, 15, 5),
(172, 16, 5),
(172, 17, 5),
(172, 18, 5),
(172, 19, 5),
(172, 20, 5),
(172, 21, 5),
(172, 22, 5),
(172, 23, 5),
(172, 24, 5),
(172, 25, 5),
(172, 26, 5),
(172, 27, 5),
(172, 28, 5),
(173, 10, 5),
(173, 11, 5),
(173, 12, 5),
(173, 13, 5),
(173, 14, 5),
(173, 15, 5),
(173, 16, 5),
(173, 17, 5),
(173, 18, 5),
(173, 19, 5),
(173, 20, 5),
(173, 21, 5),
(173, 22, 5),
(173, 23, 5),
(173, 24, 5),
(173, 25, 5),
(173, 26, 5),
(173, 27, 5),
(173, 28, 5),
(174, 10, 5),
(174, 11, 5),
(174, 12, 5),
(174, 13, 5),
(174, 14, 5),
(174, 15, 5),
(174, 16, 5),
(174, 17, 5),
(174, 18, 5),
(174, 19, 5),
(174, 20, 5),
(174, 21, 5),
(174, 22, 5),
(174, 23, 5),
(174, 24, 5),
(174, 25, 5),
(174, 26, 5),
(174, 27, 5),
(174, 28, 5),
(175, 10, 5),
(175, 11, 5),
(175, 12, 5),
(175, 13, 5),
(175, 14, 5),
(175, 15, 5),
(175, 16, 5),
(175, 17, 5),
(175, 18, 5),
(175, 19, 5),
(175, 20, 5),
(175, 21, 5),
(175, 22, 5),
(175, 23, 5),
(175, 24, 5),
(175, 25, 5),
(175, 26, 5),
(175, 27, 5),
(175, 28, 5),
(176, 10, 5),
(176, 11, 5),
(176, 12, 5),
(176, 13, 5),
(176, 14, 5),
(176, 15, 5),
(176, 16, 5),
(176, 17, 5),
(176, 18, 5),
(176, 19, 5),
(176, 20, 5),
(176, 21, 5),
(176, 22, 5),
(176, 23, 5),
(176, 24, 5),
(176, 25, 5),
(176, 26, 5),
(176, 27, 5),
(176, 28, 5),
(177, 10, 5),
(177, 11, 5),
(177, 12, 5),
(177, 13, 5),
(177, 14, 5),
(177, 15, 5),
(177, 16, 5),
(177, 17, 5),
(177, 18, 5),
(177, 19, 5),
(177, 20, 5),
(177, 21, 5),
(177, 22, 5),
(177, 23, 5),
(177, 24, 5),
(177, 25, 5),
(177, 26, 5),
(177, 27, 5),
(177, 28, 5),
(178, 10, 5),
(178, 11, 5),
(178, 12, 5),
(178, 13, 5),
(178, 14, 5),
(178, 15, 5),
(178, 16, 5),
(178, 17, 5),
(178, 18, 5),
(178, 19, 5),
(178, 20, 5),
(178, 21, 5),
(178, 22, 5),
(178, 23, 5),
(178, 24, 5),
(178, 25, 5),
(178, 26, 5),
(178, 27, 5),
(178, 28, 5),
(179, 10, 5),
(179, 11, 5),
(179, 12, 5),
(179, 13, 5),
(179, 14, 5),
(179, 15, 5),
(179, 16, 5),
(179, 17, 5),
(179, 18, 5),
(179, 19, 5),
(179, 20, 5),
(179, 21, 5),
(179, 22, 5),
(179, 23, 5),
(179, 24, 5),
(179, 25, 5),
(179, 26, 5),
(179, 27, 5),
(179, 28, 5),
(180, 10, 5),
(180, 11, 5),
(180, 12, 5),
(180, 13, 5),
(180, 14, 5),
(180, 15, 5),
(180, 16, 5),
(180, 17, 5),
(180, 18, 5),
(180, 19, 5),
(180, 20, 5),
(180, 21, 5),
(180, 22, 5),
(180, 23, 5),
(180, 24, 5),
(180, 25, 5),
(180, 26, 5),
(180, 27, 5),
(180, 28, 5),
(181, 10, 5),
(181, 11, 5),
(181, 12, 5),
(181, 13, 5),
(181, 14, 5),
(181, 15, 5),
(181, 16, 5),
(181, 17, 5),
(181, 18, 5),
(181, 19, 5),
(181, 20, 5),
(181, 21, 5),
(181, 22, 5),
(181, 23, 5),
(181, 24, 5),
(181, 25, 5),
(181, 26, 5),
(181, 27, 5),
(181, 28, 5),
(182, 10, 5),
(182, 11, 5),
(182, 12, 5),
(182, 13, 5),
(182, 14, 5),
(182, 15, 5),
(182, 16, 5),
(182, 17, 5),
(182, 18, 5),
(182, 19, 5),
(182, 20, 5),
(182, 21, 5),
(182, 22, 5),
(182, 23, 5),
(182, 24, 5),
(182, 25, 5),
(182, 26, 5),
(182, 27, 5),
(182, 28, 5),
(183, 10, 5),
(183, 11, 5),
(183, 12, 5),
(183, 13, 5),
(183, 14, 5),
(183, 15, 5),
(183, 16, 5),
(183, 17, 5),
(183, 18, 5),
(183, 19, 5),
(183, 20, 5),
(183, 21, 5),
(183, 22, 5),
(183, 23, 5),
(183, 24, 5),
(183, 25, 5),
(183, 26, 5),
(183, 27, 5),
(183, 28, 5),
(184, 10, 5),
(184, 11, 5),
(184, 12, 5),
(184, 13, 5),
(184, 14, 5),
(184, 15, 5),
(184, 16, 5),
(184, 17, 5),
(184, 18, 5),
(184, 19, 5),
(184, 20, 5),
(184, 21, 5),
(184, 22, 5),
(184, 23, 5),
(184, 24, 5),
(184, 25, 5),
(184, 26, 5),
(184, 27, 5),
(184, 28, 5),
(185, 10, 5),
(185, 11, 5),
(185, 12, 5),
(185, 13, 5),
(185, 14, 5),
(185, 15, 5),
(185, 16, 5),
(185, 17, 5),
(185, 18, 5),
(185, 19, 5),
(185, 20, 5),
(185, 21, 5),
(185, 22, 5),
(185, 23, 5),
(185, 24, 5),
(185, 25, 5),
(185, 26, 5),
(185, 27, 5),
(185, 28, 5),
(186, 10, 5),
(186, 11, 5),
(186, 12, 5),
(186, 13, 5),
(186, 14, 5),
(186, 15, 5),
(186, 16, 5),
(186, 17, 5),
(186, 18, 5),
(186, 19, 5),
(186, 20, 5),
(186, 21, 5),
(186, 22, 5),
(186, 23, 5),
(186, 24, 5),
(186, 25, 5),
(186, 26, 5),
(186, 27, 5),
(186, 28, 5),
(187, 10, 5),
(187, 11, 5),
(187, 12, 5),
(187, 13, 5),
(187, 14, 5),
(187, 15, 5),
(187, 16, 5),
(187, 17, 5),
(187, 18, 5),
(187, 19, 5),
(187, 20, 5),
(187, 21, 5),
(187, 22, 5),
(187, 23, 5),
(187, 24, 5),
(187, 25, 5),
(187, 26, 5),
(187, 27, 5),
(187, 28, 5),
(188, 10, 5),
(188, 11, 5),
(188, 12, 5),
(188, 13, 5),
(188, 14, 5),
(188, 15, 5),
(188, 16, 5),
(188, 17, 5),
(188, 18, 5),
(188, 19, 5),
(188, 20, 5),
(188, 21, 5),
(188, 22, 5),
(188, 23, 5),
(188, 24, 5),
(188, 25, 5),
(188, 26, 5),
(188, 27, 5),
(188, 28, 5),
(189, 10, 5),
(189, 11, 5),
(189, 12, 5),
(189, 13, 5),
(189, 14, 5),
(189, 15, 5),
(189, 16, 5),
(189, 17, 5),
(189, 18, 5),
(189, 19, 5),
(189, 20, 5),
(189, 21, 5),
(189, 22, 5),
(189, 23, 5),
(189, 24, 5),
(189, 25, 5),
(189, 26, 5),
(189, 27, 5),
(189, 28, 5),
(190, 10, 5),
(190, 11, 5),
(190, 12, 5),
(190, 13, 5),
(190, 14, 5),
(190, 15, 5),
(190, 16, 5),
(190, 17, 5),
(190, 18, 5),
(190, 19, 5),
(190, 20, 5),
(190, 21, 5),
(190, 22, 5),
(190, 23, 5),
(190, 24, 5),
(190, 25, 5),
(190, 26, 5),
(190, 27, 5),
(190, 28, 5),
(191, 10, 5),
(191, 11, 5),
(191, 12, 5),
(191, 13, 5),
(191, 14, 5),
(191, 15, 5),
(191, 16, 5),
(191, 17, 5),
(191, 18, 5),
(191, 19, 5),
(191, 20, 5),
(191, 21, 5),
(191, 22, 5),
(191, 23, 5),
(191, 24, 5),
(191, 25, 5),
(191, 26, 5),
(191, 27, 5),
(191, 28, 5),
(192, 10, 5),
(192, 11, 5),
(192, 12, 5),
(192, 13, 5),
(192, 14, 5),
(192, 15, 5),
(192, 16, 5),
(192, 17, 5),
(192, 18, 5),
(192, 19, 5),
(192, 20, 5),
(192, 21, 5),
(192, 22, 5),
(192, 23, 5),
(192, 24, 5),
(192, 25, 5),
(192, 26, 5),
(192, 27, 5),
(192, 28, 5),
(193, 10, 5),
(193, 11, 5),
(193, 12, 5),
(193, 13, 5),
(193, 14, 5),
(193, 15, 5),
(193, 16, 5),
(193, 17, 5),
(193, 18, 5),
(193, 19, 5),
(193, 20, 5),
(193, 21, 5),
(193, 22, 5),
(193, 23, 5),
(193, 24, 5),
(193, 25, 5),
(193, 26, 5),
(193, 27, 5),
(193, 28, 5),
(194, 10, 5),
(194, 11, 5),
(194, 12, 5),
(194, 13, 5),
(194, 14, 5),
(194, 15, 5),
(194, 16, 5),
(194, 17, 5),
(194, 18, 5),
(194, 19, 5),
(194, 20, 5),
(194, 21, 5),
(194, 22, 5),
(194, 23, 5),
(194, 24, 5),
(194, 25, 5),
(194, 26, 5),
(194, 27, 5),
(194, 28, 5),
(195, 10, 5),
(195, 11, 5),
(195, 12, 5),
(195, 13, 5),
(195, 14, 5),
(195, 15, 5),
(195, 16, 5),
(195, 17, 5),
(195, 18, 5),
(195, 19, 5),
(195, 20, 5),
(195, 21, 5),
(195, 22, 5),
(195, 23, 5),
(195, 24, 5),
(195, 25, 5),
(195, 26, 5),
(195, 27, 5),
(195, 28, 5),
(196, 10, 5),
(196, 11, 5),
(196, 12, 5),
(196, 13, 5),
(196, 14, 5),
(196, 15, 5),
(196, 16, 5),
(196, 17, 5),
(196, 18, 5),
(196, 19, 5),
(196, 20, 5),
(196, 21, 5),
(196, 22, 5),
(196, 23, 5),
(196, 24, 5),
(196, 25, 5),
(196, 26, 5),
(196, 27, 5),
(196, 28, 5),
(197, 10, 5),
(197, 11, 5),
(197, 12, 5),
(197, 13, 5),
(197, 14, 5),
(197, 15, 5),
(197, 16, 5),
(197, 17, 5),
(197, 18, 5),
(197, 19, 5),
(197, 20, 5),
(197, 21, 5),
(197, 22, 5),
(197, 23, 5),
(197, 24, 5),
(197, 25, 5),
(197, 26, 5),
(197, 27, 5),
(197, 28, 5),
(198, 10, 5),
(198, 11, 5),
(198, 12, 5),
(198, 13, 5),
(198, 14, 5),
(198, 15, 5),
(198, 16, 5),
(198, 17, 5),
(198, 18, 5),
(198, 19, 5),
(198, 20, 5),
(198, 21, 5),
(198, 22, 5),
(198, 23, 5),
(198, 24, 5),
(198, 25, 5),
(198, 26, 5),
(198, 27, 5),
(198, 28, 5),
(199, 10, 5),
(199, 11, 5),
(199, 12, 5),
(199, 13, 5),
(199, 14, 5),
(199, 15, 5),
(199, 16, 5),
(199, 17, 5),
(199, 18, 5),
(199, 19, 5),
(199, 20, 5),
(199, 21, 5),
(199, 22, 5),
(199, 23, 5),
(199, 24, 5),
(199, 25, 5),
(199, 26, 5),
(199, 27, 5),
(199, 28, 5),
(200, 10, 5),
(200, 11, 5),
(200, 12, 5),
(200, 13, 5),
(200, 14, 5),
(200, 15, 5),
(200, 16, 5),
(200, 17, 5),
(200, 18, 5),
(200, 19, 5),
(200, 20, 5),
(200, 21, 5),
(200, 22, 5),
(200, 23, 5),
(200, 24, 5),
(200, 25, 5),
(200, 26, 5),
(200, 27, 5),
(200, 28, 5),
(201, 10, 5),
(201, 11, 5),
(201, 12, 5),
(201, 13, 5),
(201, 14, 5),
(201, 15, 5),
(201, 16, 5),
(201, 17, 5),
(201, 18, 5),
(201, 19, 5),
(201, 20, 5),
(201, 21, 5),
(201, 22, 5),
(201, 23, 5),
(201, 24, 5),
(201, 25, 5),
(201, 26, 5),
(201, 27, 5),
(201, 28, 5),
(202, 10, 3),
(202, 11, 4),
(202, 12, 4),
(202, 13, 4),
(202, 14, 4),
(202, 15, 4),
(202, 16, 4),
(202, 17, 4),
(202, 18, 4),
(202, 19, 4),
(202, 20, 4),
(202, 21, 4),
(202, 22, 4),
(202, 23, 4),
(202, 24, 4),
(202, 25, 4),
(202, 26, 4),
(202, 27, 4),
(202, 28, 4),
(203, 10, 5),
(203, 11, 5),
(203, 12, 5),
(203, 13, 5),
(203, 14, 5),
(203, 15, 5),
(203, 16, 5),
(203, 17, 5),
(203, 18, 5),
(203, 19, 5),
(203, 20, 5),
(203, 21, 5),
(203, 22, 5),
(203, 23, 5),
(203, 24, 5),
(203, 25, 5),
(203, 26, 5),
(203, 27, 5),
(203, 28, 5),
(204, 10, 5),
(204, 11, 5),
(204, 12, 5),
(204, 13, 5),
(204, 14, 5),
(204, 15, 5),
(204, 16, 3),
(204, 17, 5),
(204, 18, 5),
(204, 19, 5),
(204, 20, 5),
(204, 21, 5),
(204, 22, 5),
(204, 23, 5),
(204, 24, 5),
(204, 25, 5),
(204, 26, 5),
(204, 27, 5),
(204, 28, 5),
(205, 10, 5),
(205, 11, 5),
(205, 12, 5),
(205, 13, 5),
(205, 14, 5),
(205, 15, 5),
(205, 16, 5),
(205, 17, 5),
(205, 18, 5),
(205, 19, 5),
(205, 20, 5),
(205, 21, 5),
(205, 22, 5),
(205, 23, 5),
(205, 24, 5),
(205, 25, 5),
(205, 26, 5),
(205, 27, 5),
(205, 28, 5),
(206, 10, 5),
(206, 11, 5),
(206, 12, 5),
(206, 13, 5),
(206, 14, 5),
(206, 15, 5),
(206, 16, 5),
(206, 17, 5),
(206, 18, 5),
(206, 19, 5),
(206, 20, 5),
(206, 21, 5),
(206, 22, 5),
(206, 23, 5),
(206, 24, 5),
(206, 25, 5),
(206, 26, 5),
(206, 27, 5),
(206, 28, 5),
(207, 10, 5),
(207, 11, 5),
(207, 12, 5),
(207, 13, 5),
(207, 14, 5),
(207, 15, 5),
(207, 16, 5),
(207, 17, 5),
(207, 18, 5),
(207, 19, 5),
(207, 20, 5),
(207, 21, 5),
(207, 22, 5),
(207, 23, 5),
(207, 24, 5),
(207, 25, 5),
(207, 26, 5),
(207, 27, 5),
(207, 28, 5),
(208, 10, 5),
(208, 11, 5),
(208, 12, 5),
(208, 13, 5),
(208, 14, 5),
(208, 15, 5),
(208, 16, 5),
(208, 17, 5),
(208, 18, 5),
(208, 19, 5),
(208, 20, 5),
(208, 21, 5),
(208, 22, 5),
(208, 23, 5),
(208, 24, 5),
(208, 25, 5),
(208, 26, 5),
(208, 27, 5),
(208, 28, 5),
(209, 10, 5),
(209, 11, 5),
(209, 12, 5),
(209, 13, 5),
(209, 14, 5),
(209, 15, 5),
(209, 16, 5),
(209, 17, 5),
(209, 18, 5),
(209, 19, 5),
(209, 20, 5),
(209, 21, 5),
(209, 22, 5),
(209, 23, 5),
(209, 24, 5),
(209, 25, 5),
(209, 26, 5),
(209, 27, 5),
(209, 28, 5),
(210, 10, 5),
(210, 11, 5),
(210, 12, 5),
(210, 13, 5),
(210, 14, 5),
(210, 15, 5),
(210, 16, 5),
(210, 17, 5),
(210, 18, 5),
(210, 19, 5),
(210, 20, 5),
(210, 21, 5),
(210, 22, 5),
(210, 23, 5),
(210, 24, 5),
(210, 25, 5),
(210, 26, 5),
(210, 27, 5),
(210, 28, 5),
(211, 10, 5),
(211, 11, 5),
(211, 12, 5),
(211, 13, 5),
(211, 14, 5),
(211, 15, 5),
(211, 16, 5),
(211, 17, 5),
(211, 18, 5),
(211, 19, 5),
(211, 20, 5),
(211, 21, 5),
(211, 22, 5),
(211, 23, 5),
(211, 24, 5),
(211, 25, 5),
(211, 26, 5),
(211, 27, 5),
(211, 28, 5),
(212, 10, 5),
(212, 11, 5),
(212, 12, 5),
(212, 13, 5),
(212, 14, 5),
(212, 15, 5),
(212, 16, 5),
(212, 17, 5),
(212, 18, 5),
(212, 19, 5),
(212, 20, 5),
(212, 21, 5),
(212, 22, 5),
(212, 23, 5),
(212, 24, 5),
(212, 25, 5),
(212, 26, 5),
(212, 27, 5),
(212, 28, 5),
(213, 10, 5),
(213, 11, 5),
(213, 12, 5),
(213, 13, 5),
(213, 14, 5),
(213, 15, 5),
(213, 16, 5),
(213, 17, 5),
(213, 18, 5),
(213, 19, 5),
(213, 20, 5),
(213, 21, 5),
(213, 22, 5),
(213, 23, 5),
(213, 24, 5),
(213, 25, 5),
(213, 26, 5),
(213, 27, 5),
(213, 28, 5),
(214, 10, 5),
(214, 11, 5),
(214, 12, 5),
(214, 13, 5),
(214, 14, 5),
(214, 15, 5),
(214, 16, 5),
(214, 17, 5),
(214, 18, 5),
(214, 19, 5),
(214, 20, 5),
(214, 21, 5),
(214, 22, 5),
(214, 23, 5),
(214, 24, 5),
(214, 25, 5),
(214, 26, 5),
(214, 27, 5),
(214, 28, 5),
(215, 10, 5),
(215, 11, 5),
(215, 12, 5),
(215, 13, 5),
(215, 14, 5),
(215, 15, 5),
(215, 16, 5),
(215, 17, 5),
(215, 18, 5),
(215, 19, 5),
(215, 20, 5),
(215, 21, 5),
(215, 22, 5),
(215, 23, 5),
(215, 24, 5),
(215, 25, 5),
(215, 26, 5),
(215, 27, 5),
(215, 28, 5),
(216, 10, 5),
(216, 11, 5),
(216, 12, 5),
(216, 13, 5),
(216, 14, 5),
(216, 15, 5),
(216, 16, 5),
(216, 17, 5),
(216, 18, 5),
(216, 19, 5),
(216, 20, 5),
(216, 21, 5),
(216, 22, 5),
(216, 23, 5),
(216, 24, 5),
(216, 25, 5),
(216, 26, 5),
(216, 27, 5),
(216, 28, 5),
(217, 10, 5),
(217, 11, 5),
(217, 12, 5),
(217, 13, 5),
(217, 14, 5),
(217, 15, 5),
(217, 16, 5),
(217, 17, 5),
(217, 18, 5),
(217, 19, 5),
(217, 20, 5),
(217, 21, 5),
(217, 22, 5),
(217, 23, 5),
(217, 24, 5),
(217, 25, 5),
(217, 26, 5),
(217, 27, 5),
(217, 28, 5),
(218, 10, 5),
(218, 11, 5),
(218, 12, 5),
(218, 13, 5),
(218, 14, 5),
(218, 15, 5),
(218, 16, 5),
(218, 17, 5),
(218, 18, 5),
(218, 19, 5),
(218, 20, 5),
(218, 21, 5),
(218, 22, 5),
(218, 23, 5),
(218, 24, 5),
(218, 25, 5),
(218, 26, 5),
(218, 27, 5),
(218, 28, 5),
(219, 10, 5),
(219, 11, 5),
(219, 12, 5),
(219, 13, 5),
(219, 14, 5),
(219, 15, 5),
(219, 16, 5),
(219, 17, 5),
(219, 18, 5),
(219, 19, 5),
(219, 20, 5),
(219, 21, 5),
(219, 22, 5),
(219, 23, 5),
(219, 24, 5),
(219, 25, 5),
(219, 26, 5),
(219, 27, 5),
(219, 28, 5),
(220, 10, 5),
(220, 11, 5),
(220, 12, 5),
(220, 13, 5),
(220, 14, 5),
(220, 15, 5),
(220, 16, 5),
(220, 17, 5),
(220, 18, 5),
(220, 19, 5),
(220, 20, 5),
(220, 21, 5),
(220, 22, 5),
(220, 23, 5),
(220, 24, 5),
(220, 25, 5),
(220, 26, 5),
(220, 27, 5),
(220, 28, 5),
(221, 10, 5),
(221, 11, 5),
(221, 12, 5),
(221, 13, 5),
(221, 14, 5),
(221, 15, 5),
(221, 16, 5),
(221, 17, 5),
(221, 18, 5),
(221, 19, 5),
(221, 20, 5),
(221, 21, 5),
(221, 22, 5),
(221, 23, 5),
(221, 24, 5),
(221, 25, 5),
(221, 26, 5),
(221, 27, 5),
(221, 28, 5),
(222, 10, 5),
(222, 11, 5),
(222, 12, 5),
(222, 13, 5),
(222, 14, 5),
(222, 15, 5),
(222, 16, 5),
(222, 17, 5),
(222, 18, 5),
(222, 19, 5),
(222, 20, 5),
(222, 21, 5),
(222, 22, 5),
(222, 23, 5),
(222, 24, 5),
(222, 25, 5),
(222, 26, 5),
(222, 27, 5),
(222, 28, 5),
(223, 10, 5),
(223, 11, 5),
(223, 12, 5),
(223, 13, 5),
(223, 14, 5),
(223, 15, 5),
(223, 16, 5),
(223, 17, 5),
(223, 18, 5),
(223, 19, 5),
(223, 20, 5),
(223, 21, 5),
(223, 22, 5),
(223, 23, 5),
(223, 24, 5),
(223, 25, 5),
(223, 26, 5),
(223, 27, 5),
(223, 28, 5),
(224, 10, 5),
(224, 11, 5),
(224, 12, 5),
(224, 13, 5),
(224, 14, 5),
(224, 15, 5),
(224, 16, 5),
(224, 17, 5),
(224, 18, 5),
(224, 19, 5),
(224, 20, 5),
(224, 21, 5),
(224, 22, 5),
(224, 23, 5),
(224, 24, 5),
(224, 25, 5),
(224, 26, 5),
(224, 27, 5),
(224, 28, 5),
(225, 10, 5),
(225, 11, 5),
(225, 12, 5),
(225, 13, 5),
(225, 14, 5),
(225, 15, 5),
(225, 16, 5),
(225, 17, 5),
(225, 18, 5),
(225, 19, 5),
(225, 20, 5),
(225, 21, 5),
(225, 22, 5),
(225, 23, 5),
(225, 24, 5),
(225, 25, 5),
(225, 26, 5),
(225, 27, 5),
(225, 28, 5),
(226, 10, 5),
(226, 11, 5),
(226, 12, 5),
(226, 13, 5),
(226, 14, 5),
(226, 15, 5),
(226, 16, 5),
(226, 17, 5),
(226, 18, 5),
(226, 19, 5),
(226, 20, 5),
(226, 21, 5),
(226, 22, 5),
(226, 23, 5),
(226, 24, 5),
(226, 25, 5),
(226, 26, 5),
(226, 27, 5),
(226, 28, 5),
(227, 10, 5),
(227, 11, 5),
(227, 12, 5),
(227, 13, 5),
(227, 14, 5),
(227, 15, 5),
(227, 16, 5),
(227, 17, 5),
(227, 18, 5),
(227, 19, 5),
(227, 20, 5),
(227, 21, 5),
(227, 22, 5),
(227, 23, 5),
(227, 24, 5),
(227, 25, 5),
(227, 26, 5),
(227, 27, 5),
(227, 28, 5),
(228, 10, 5),
(228, 11, 5),
(228, 12, 5),
(228, 13, 5),
(228, 14, 5),
(228, 15, 5),
(228, 16, 5),
(228, 17, 5),
(228, 18, 5),
(228, 19, 5),
(228, 20, 5),
(228, 21, 5),
(228, 22, 5),
(228, 23, 5),
(228, 24, 5),
(228, 25, 5),
(228, 26, 5),
(228, 27, 5),
(228, 28, 5),
(229, 10, 5),
(229, 11, 5),
(229, 12, 5),
(229, 13, 5),
(229, 14, 5),
(229, 15, 5),
(229, 16, 5),
(229, 17, 5),
(229, 18, 5),
(229, 19, 5),
(229, 20, 5),
(229, 21, 5),
(229, 22, 5),
(229, 23, 5),
(229, 24, 5),
(229, 25, 5),
(229, 26, 5),
(229, 27, 5),
(229, 28, 5),
(230, 10, 5),
(230, 11, 5),
(230, 12, 5),
(230, 13, 5),
(230, 14, 5),
(230, 15, 5),
(230, 16, 5),
(230, 17, 5),
(230, 18, 5),
(230, 19, 5),
(230, 20, 5),
(230, 21, 5),
(230, 22, 5),
(230, 23, 5),
(230, 24, 5),
(230, 25, 5),
(230, 26, 5),
(230, 27, 5),
(230, 28, 5),
(231, 10, 5),
(231, 11, 5),
(231, 12, 5),
(231, 13, 5),
(231, 14, 5),
(231, 15, 5),
(231, 16, 5),
(231, 17, 5),
(231, 18, 5),
(231, 19, 5),
(231, 20, 5),
(231, 21, 5),
(231, 22, 5),
(231, 23, 5),
(231, 24, 5),
(231, 25, 5),
(231, 26, 5),
(231, 27, 5),
(231, 28, 5),
(232, 10, 5),
(232, 11, 5),
(232, 12, 5),
(232, 13, 5),
(232, 14, 5),
(232, 15, 5),
(232, 16, 5),
(232, 17, 5),
(232, 18, 5),
(232, 19, 5),
(232, 20, 5),
(232, 21, 5),
(232, 22, 5),
(232, 23, 5);
INSERT INTO `evaluation_answers` (`evaluation_id`, `question_id`, `rate`) VALUES
(232, 24, 5),
(232, 25, 5),
(232, 26, 5),
(232, 27, 5),
(232, 28, 5),
(233, 10, 5),
(233, 11, 5),
(233, 12, 5),
(233, 13, 5),
(233, 14, 5),
(233, 15, 5),
(233, 16, 5),
(233, 17, 5),
(233, 18, 5),
(233, 19, 5),
(233, 20, 5),
(233, 21, 5),
(233, 22, 5),
(233, 23, 5),
(233, 24, 5),
(233, 25, 5),
(233, 26, 5),
(233, 27, 5),
(233, 28, 5),
(234, 10, 5),
(234, 11, 5),
(234, 12, 5),
(234, 13, 5),
(234, 14, 5),
(234, 15, 5),
(234, 16, 5),
(234, 17, 5),
(234, 18, 5),
(234, 19, 5),
(234, 20, 5),
(234, 21, 5),
(234, 22, 5),
(234, 23, 5),
(234, 24, 5),
(234, 25, 5),
(234, 26, 5),
(234, 27, 5),
(234, 28, 5),
(235, 10, 5),
(235, 11, 5),
(235, 12, 5),
(235, 13, 5),
(235, 14, 5),
(235, 15, 5),
(235, 16, 5),
(235, 17, 5),
(235, 18, 5),
(235, 19, 5),
(235, 20, 5),
(235, 21, 5),
(235, 22, 5),
(235, 23, 5),
(235, 24, 5),
(235, 25, 5),
(235, 26, 5),
(235, 27, 5),
(235, 28, 5),
(236, 10, 5),
(236, 11, 5),
(236, 12, 5),
(236, 13, 5),
(236, 14, 5),
(236, 15, 5),
(236, 16, 5),
(236, 17, 5),
(236, 18, 5),
(236, 19, 5),
(236, 20, 5),
(236, 21, 5),
(236, 22, 5),
(236, 23, 5),
(236, 24, 5),
(236, 25, 5),
(236, 26, 5),
(236, 27, 5),
(236, 28, 5),
(237, 10, 5),
(237, 11, 5),
(237, 12, 5),
(237, 13, 5),
(237, 14, 5),
(237, 15, 5),
(237, 16, 5),
(237, 17, 5),
(237, 18, 5),
(237, 19, 5),
(237, 20, 5),
(237, 21, 5),
(237, 22, 5),
(237, 23, 5),
(237, 24, 5),
(237, 25, 5),
(237, 26, 5),
(237, 27, 5),
(237, 28, 5),
(238, 10, 5),
(238, 11, 5),
(238, 12, 5),
(238, 13, 5),
(238, 14, 5),
(238, 15, 5),
(238, 16, 5),
(238, 17, 5),
(238, 18, 5),
(238, 19, 5),
(238, 20, 5),
(238, 21, 5),
(238, 22, 5),
(238, 23, 5),
(238, 24, 5),
(238, 25, 5),
(238, 26, 5),
(238, 27, 5),
(238, 28, 5),
(239, 10, 5),
(239, 11, 4),
(239, 12, 5),
(239, 13, 4),
(239, 14, 3),
(239, 15, 5),
(239, 16, 5),
(239, 17, 4),
(239, 18, 4),
(239, 19, 4),
(239, 20, 4),
(239, 21, 4),
(239, 22, 4),
(239, 23, 5),
(239, 24, 5),
(239, 25, 5),
(239, 26, 5),
(239, 27, 5),
(239, 28, 5),
(240, 10, 1),
(240, 11, 1),
(240, 12, 1),
(240, 13, 1),
(240, 14, 1),
(240, 15, 1),
(240, 16, 1),
(240, 17, 1),
(240, 18, 1),
(240, 19, 1),
(240, 20, 1),
(240, 21, 1),
(240, 22, 1),
(240, 23, 1),
(240, 24, 1),
(240, 25, 1),
(240, 26, 1),
(240, 27, 1),
(240, 28, 1),
(241, 10, 5),
(241, 11, 5),
(241, 12, 5),
(241, 13, 5),
(241, 14, 5),
(241, 15, 5),
(241, 16, 5),
(241, 17, 5),
(241, 18, 5),
(241, 19, 5),
(241, 20, 5),
(241, 21, 5),
(241, 22, 5),
(241, 23, 5),
(241, 24, 5),
(241, 25, 5),
(241, 26, 5),
(241, 27, 5),
(241, 28, 5),
(242, 10, 5),
(242, 11, 5),
(242, 12, 5),
(242, 13, 5),
(242, 14, 5),
(242, 15, 5),
(242, 16, 5),
(242, 17, 5),
(242, 18, 5),
(242, 19, 5),
(242, 20, 5),
(242, 21, 5),
(242, 22, 5),
(242, 23, 5),
(242, 24, 5),
(242, 25, 5),
(242, 26, 5),
(242, 27, 5),
(242, 28, 5),
(243, 10, 5),
(243, 11, 5),
(243, 12, 5),
(243, 13, 5),
(243, 14, 5),
(243, 15, 5),
(243, 16, 5),
(243, 17, 5),
(243, 18, 5),
(243, 19, 5),
(243, 20, 5),
(243, 21, 5),
(243, 22, 5),
(243, 23, 5),
(243, 24, 5),
(243, 25, 5),
(243, 26, 5),
(243, 27, 5),
(243, 28, 5),
(244, 10, 1),
(244, 11, 1),
(244, 12, 1),
(244, 13, 1),
(244, 14, 1),
(244, 15, 1),
(244, 16, 1),
(244, 17, 1),
(244, 18, 1),
(244, 19, 1),
(244, 20, 1),
(244, 21, 1),
(244, 22, 1),
(244, 23, 1),
(244, 24, 1),
(244, 25, 1),
(244, 26, 1),
(244, 27, 1),
(244, 28, 1),
(245, 10, 3),
(245, 11, 3),
(245, 12, 3),
(245, 13, 4),
(245, 14, 4),
(245, 15, 2),
(245, 16, 4),
(245, 17, 4),
(245, 18, 4),
(245, 19, 4),
(245, 20, 4),
(245, 21, 4),
(245, 22, 5),
(245, 23, 5),
(245, 24, 3),
(245, 25, 4),
(245, 26, 4),
(245, 27, 4),
(245, 28, 4),
(246, 10, 1),
(246, 11, 1),
(246, 12, 1),
(246, 13, 1),
(246, 14, 1),
(246, 15, 1),
(246, 16, 1),
(246, 17, 1),
(246, 18, 1),
(246, 19, 1),
(246, 20, 1),
(246, 21, 1),
(246, 22, 1),
(246, 23, 1),
(246, 24, 1),
(246, 25, 1),
(246, 26, 1),
(246, 27, 1),
(246, 28, 1),
(247, 10, 5),
(247, 11, 5),
(247, 12, 5),
(247, 13, 5),
(247, 14, 5),
(247, 15, 5),
(247, 16, 5),
(247, 17, 5),
(247, 18, 5),
(247, 19, 5),
(247, 20, 5),
(247, 21, 5),
(247, 22, 5),
(247, 23, 5),
(247, 24, 5),
(247, 25, 5),
(247, 26, 5),
(247, 27, 5),
(247, 28, 5),
(248, 10, 5),
(248, 11, 5),
(248, 12, 5),
(248, 13, 5),
(248, 14, 5),
(248, 15, 5),
(248, 16, 5),
(248, 17, 5),
(248, 18, 5),
(248, 19, 5),
(248, 20, 5),
(248, 21, 5),
(248, 22, 5),
(248, 23, 5),
(248, 24, 5),
(248, 25, 5),
(248, 26, 5),
(248, 27, 5),
(248, 28, 5),
(249, 10, 3),
(249, 11, 3),
(249, 12, 3),
(249, 13, 3),
(249, 14, 3),
(249, 15, 3),
(249, 16, 3),
(249, 17, 3),
(249, 18, 3),
(249, 19, 3),
(249, 20, 3),
(249, 21, 3),
(249, 22, 3),
(249, 23, 3),
(249, 24, 3),
(249, 25, 3),
(249, 26, 3),
(249, 27, 3),
(249, 28, 3),
(250, 10, 5),
(250, 11, 5),
(250, 12, 5),
(250, 13, 5),
(250, 14, 5),
(250, 15, 5),
(250, 16, 5),
(250, 17, 5),
(250, 18, 5),
(250, 19, 5),
(250, 20, 5),
(250, 21, 5),
(250, 22, 5),
(250, 23, 5),
(250, 24, 5),
(250, 25, 5),
(250, 26, 5),
(250, 27, 5),
(250, 28, 5),
(251, 10, 5),
(251, 11, 5),
(251, 12, 5),
(251, 13, 5),
(251, 14, 5),
(251, 15, 5),
(251, 16, 5),
(251, 17, 5),
(251, 18, 5),
(251, 19, 5),
(251, 20, 5),
(251, 21, 5),
(251, 22, 5),
(251, 23, 5),
(251, 24, 5),
(251, 25, 5),
(251, 26, 5),
(251, 27, 5),
(251, 28, 5),
(252, 10, 5),
(252, 11, 5),
(252, 12, 5),
(252, 13, 5),
(252, 14, 5),
(252, 15, 5),
(252, 16, 5),
(252, 17, 5),
(252, 18, 5),
(252, 19, 5),
(252, 20, 5),
(252, 21, 5),
(252, 22, 5),
(252, 23, 5),
(252, 24, 5),
(252, 25, 5),
(252, 26, 5),
(252, 27, 5),
(252, 28, 5),
(253, 10, 5),
(253, 11, 5),
(253, 12, 5),
(253, 13, 5),
(253, 14, 5),
(253, 15, 5),
(253, 16, 5),
(253, 17, 5),
(253, 18, 5),
(253, 19, 5),
(253, 20, 5),
(253, 21, 5),
(253, 22, 5),
(253, 23, 5),
(253, 24, 5),
(253, 25, 5),
(253, 26, 5),
(253, 27, 5),
(253, 28, 5),
(254, 10, 5),
(254, 11, 5),
(254, 12, 5),
(254, 13, 5),
(254, 14, 5),
(254, 15, 5),
(254, 16, 5),
(254, 17, 5),
(254, 18, 5),
(254, 19, 5),
(254, 20, 5),
(254, 21, 5),
(254, 22, 5),
(254, 23, 5),
(254, 24, 5),
(254, 25, 5),
(254, 26, 5),
(254, 27, 5),
(254, 28, 5),
(255, 10, 3),
(255, 11, 3),
(255, 12, 3),
(255, 13, 3),
(255, 14, 3),
(255, 15, 3),
(255, 16, 3),
(255, 17, 3),
(255, 18, 3),
(255, 19, 3),
(255, 20, 2),
(255, 21, 3),
(255, 22, 3),
(255, 23, 3),
(255, 24, 3),
(255, 25, 3),
(255, 26, 3),
(255, 27, 3),
(255, 28, 3),
(256, 10, 5),
(256, 11, 5),
(256, 12, 5),
(256, 13, 5),
(256, 14, 5),
(256, 15, 5),
(256, 16, 5),
(256, 17, 5),
(256, 18, 5),
(256, 19, 5),
(256, 20, 5),
(256, 21, 5),
(256, 22, 5),
(256, 23, 5),
(256, 24, 5),
(256, 25, 5),
(256, 26, 5),
(256, 27, 5),
(256, 28, 5),
(257, 10, 3),
(257, 11, 4),
(257, 12, 3),
(257, 13, 3),
(257, 14, 4),
(257, 15, 3),
(257, 16, 3),
(257, 17, 4),
(257, 18, 3),
(257, 19, 4),
(257, 20, 3),
(257, 21, 4),
(257, 22, 5),
(257, 23, 3),
(257, 24, 3),
(257, 25, 3),
(257, 26, 4),
(257, 27, 3),
(257, 28, 3),
(258, 10, 5),
(258, 11, 5),
(258, 12, 5),
(258, 13, 5),
(258, 14, 5),
(258, 15, 5),
(258, 16, 5),
(258, 17, 5),
(258, 18, 5),
(258, 19, 5),
(258, 20, 5),
(258, 21, 5),
(258, 22, 5),
(258, 23, 5),
(258, 24, 5),
(258, 25, 5),
(258, 26, 5),
(258, 27, 5),
(258, 28, 5),
(259, 10, 5),
(259, 11, 5),
(259, 12, 5),
(259, 13, 5),
(259, 14, 5),
(259, 15, 5),
(259, 16, 5),
(259, 17, 5),
(259, 18, 5),
(259, 19, 5),
(259, 20, 5),
(259, 21, 5),
(259, 22, 5),
(259, 23, 5),
(259, 24, 5),
(259, 25, 5),
(259, 26, 5),
(259, 27, 5),
(259, 28, 5),
(260, 10, 5),
(260, 11, 5),
(260, 12, 5),
(260, 13, 5),
(260, 14, 5),
(260, 15, 5),
(260, 16, 5),
(260, 17, 5),
(260, 18, 5),
(260, 19, 5),
(260, 20, 5),
(260, 21, 5),
(260, 22, 5),
(260, 23, 5),
(260, 24, 5),
(260, 25, 5),
(260, 26, 5),
(260, 27, 5),
(260, 28, 5),
(261, 10, 5),
(261, 11, 5),
(261, 12, 5),
(261, 13, 5),
(261, 14, 5),
(261, 15, 5),
(261, 16, 5),
(261, 17, 5),
(261, 18, 5),
(261, 19, 5),
(261, 20, 5),
(261, 21, 5),
(261, 22, 5),
(261, 23, 5),
(261, 24, 5),
(261, 25, 5),
(261, 26, 5),
(261, 27, 5),
(261, 28, 5),
(262, 10, 5),
(262, 11, 5),
(262, 12, 5),
(262, 13, 5),
(262, 14, 5),
(262, 15, 5),
(262, 16, 5),
(262, 17, 5),
(262, 18, 5),
(262, 19, 5),
(262, 20, 5),
(262, 21, 5),
(262, 22, 5),
(262, 23, 5),
(262, 24, 5),
(262, 25, 5),
(262, 26, 5),
(262, 27, 5),
(262, 28, 5),
(263, 10, 5),
(263, 11, 5),
(263, 12, 5),
(263, 13, 5),
(263, 14, 5),
(263, 15, 5),
(263, 16, 5),
(263, 17, 5),
(263, 18, 5),
(263, 19, 5),
(263, 20, 5),
(263, 21, 5),
(263, 22, 5),
(263, 23, 5),
(263, 24, 5),
(263, 25, 5),
(263, 26, 5),
(263, 27, 5),
(263, 28, 5),
(264, 10, 5),
(264, 11, 5),
(264, 12, 5),
(264, 13, 5),
(264, 14, 5),
(264, 15, 5),
(264, 16, 5),
(264, 17, 5),
(264, 18, 5),
(264, 19, 5),
(264, 20, 5),
(264, 21, 5),
(264, 22, 5),
(264, 23, 5),
(264, 24, 5),
(264, 25, 5),
(264, 26, 5),
(264, 27, 5),
(264, 28, 5),
(265, 10, 5),
(265, 11, 5),
(265, 12, 5),
(265, 13, 5),
(265, 14, 5),
(265, 15, 5),
(265, 16, 5),
(265, 17, 5),
(265, 18, 5),
(265, 19, 5),
(265, 20, 5),
(265, 21, 5),
(265, 22, 5),
(265, 23, 5),
(265, 24, 5),
(265, 25, 5),
(265, 26, 5),
(265, 27, 5),
(265, 28, 5),
(266, 10, 3),
(266, 11, 3),
(266, 12, 3),
(266, 13, 3),
(266, 14, 3),
(266, 15, 3),
(266, 16, 3),
(266, 17, 3),
(266, 18, 3),
(266, 19, 3),
(266, 20, 3),
(266, 21, 3),
(266, 22, 4),
(266, 23, 4),
(266, 24, 3),
(266, 25, 3),
(266, 26, 3),
(266, 27, 3),
(266, 28, 3),
(267, 10, 5),
(267, 11, 5),
(267, 12, 5),
(267, 13, 5),
(267, 14, 5),
(267, 15, 5),
(267, 16, 5),
(267, 17, 5),
(267, 18, 5),
(267, 19, 5),
(267, 20, 5),
(267, 21, 5),
(267, 22, 5),
(267, 23, 5),
(267, 24, 5),
(267, 25, 5),
(267, 26, 5),
(267, 27, 5),
(267, 28, 5),
(268, 10, 5),
(268, 11, 5),
(268, 12, 5),
(268, 13, 5),
(268, 14, 5),
(268, 15, 5),
(268, 16, 5),
(268, 17, 5),
(268, 18, 5),
(268, 19, 5),
(268, 20, 5),
(268, 21, 5),
(268, 22, 5),
(268, 23, 5),
(268, 24, 5),
(268, 25, 5),
(268, 26, 5),
(268, 27, 5),
(268, 28, 5),
(269, 10, 5),
(269, 11, 5),
(269, 12, 5),
(269, 13, 5),
(269, 14, 5),
(269, 15, 5),
(269, 16, 5),
(269, 17, 5),
(269, 18, 5),
(269, 19, 5),
(269, 20, 5),
(269, 21, 5),
(269, 22, 5),
(269, 23, 5),
(269, 24, 5),
(269, 25, 5),
(269, 26, 5),
(269, 27, 5),
(269, 28, 5),
(270, 10, 5),
(270, 11, 5),
(270, 12, 5),
(270, 13, 5),
(270, 14, 5),
(270, 15, 5),
(270, 16, 5),
(270, 17, 5),
(270, 18, 5),
(270, 19, 5),
(270, 20, 5),
(270, 21, 5),
(270, 22, 5),
(270, 23, 5),
(270, 24, 5),
(270, 25, 5),
(270, 26, 5),
(270, 27, 5),
(270, 28, 5),
(271, 10, 3),
(271, 11, 3),
(271, 12, 3),
(271, 13, 3),
(271, 14, 3),
(271, 15, 3),
(271, 16, 3),
(271, 17, 3),
(271, 18, 3),
(271, 19, 3),
(271, 20, 3),
(271, 21, 3),
(271, 22, 3),
(271, 23, 3),
(271, 24, 3),
(271, 25, 3),
(271, 26, 3),
(271, 27, 3),
(271, 28, 3),
(272, 10, 5),
(272, 11, 5),
(272, 12, 5),
(272, 13, 5),
(272, 14, 5),
(272, 15, 5),
(272, 16, 5),
(272, 17, 5),
(272, 18, 5),
(272, 19, 5),
(272, 20, 5),
(272, 21, 5),
(272, 22, 5),
(272, 23, 5),
(272, 24, 5),
(272, 25, 5),
(272, 26, 5),
(272, 27, 5),
(272, 28, 5),
(273, 10, 5),
(273, 11, 5),
(273, 12, 5),
(273, 13, 5),
(273, 14, 5),
(273, 15, 5),
(273, 16, 5),
(273, 17, 5),
(273, 18, 5),
(273, 19, 5),
(273, 20, 5),
(273, 21, 5),
(273, 22, 5),
(273, 23, 5),
(273, 24, 5),
(273, 25, 5),
(273, 26, 5),
(273, 27, 5),
(273, 28, 5),
(274, 10, 5),
(274, 11, 5),
(274, 12, 5),
(274, 13, 5),
(274, 14, 5),
(274, 15, 5),
(274, 16, 5),
(274, 17, 5),
(274, 18, 5),
(274, 19, 5),
(274, 20, 5),
(274, 21, 5),
(274, 22, 5),
(274, 23, 5),
(274, 24, 5),
(274, 25, 5),
(274, 26, 5),
(274, 27, 5),
(274, 28, 5),
(275, 10, 5),
(275, 11, 5),
(275, 12, 5),
(275, 13, 5),
(275, 14, 5),
(275, 15, 5),
(275, 16, 5),
(275, 17, 5),
(275, 18, 5),
(275, 19, 5),
(275, 20, 5),
(275, 21, 5),
(275, 22, 5),
(275, 23, 5),
(275, 24, 5),
(275, 25, 5),
(275, 26, 5),
(275, 27, 5),
(275, 28, 5),
(276, 10, 5),
(276, 11, 5),
(276, 12, 5),
(276, 13, 5),
(276, 14, 5),
(276, 15, 5),
(276, 16, 5),
(276, 17, 5),
(276, 18, 5),
(276, 19, 5),
(276, 20, 5),
(276, 21, 5),
(276, 22, 5),
(276, 23, 5),
(276, 24, 5),
(276, 25, 5),
(276, 26, 5),
(276, 27, 5),
(276, 28, 5),
(277, 10, 5),
(277, 11, 5),
(277, 12, 5),
(277, 13, 5),
(277, 14, 5),
(277, 15, 5),
(277, 16, 5),
(277, 17, 5),
(277, 18, 5),
(277, 19, 5),
(277, 20, 5),
(277, 21, 5),
(277, 22, 5),
(277, 23, 5),
(277, 24, 5),
(277, 25, 5),
(277, 26, 5),
(277, 27, 5),
(277, 28, 5),
(278, 10, 5),
(278, 11, 5),
(278, 12, 5),
(278, 13, 5),
(278, 14, 5),
(278, 15, 5),
(278, 16, 5),
(278, 17, 5),
(278, 18, 5),
(278, 19, 5),
(278, 20, 5),
(278, 21, 5),
(278, 22, 5),
(278, 23, 5),
(278, 24, 5),
(278, 25, 5),
(278, 26, 5),
(278, 27, 5),
(278, 28, 5),
(279, 10, 5),
(279, 11, 5),
(279, 12, 5),
(279, 13, 5),
(279, 14, 5),
(279, 15, 5),
(279, 16, 5),
(279, 17, 5),
(279, 18, 5),
(279, 19, 5),
(279, 20, 5),
(279, 21, 5),
(279, 22, 5),
(279, 23, 5),
(279, 24, 5),
(279, 25, 5),
(279, 26, 5),
(279, 27, 5),
(279, 28, 5),
(280, 10, 5),
(280, 11, 5),
(280, 12, 5),
(280, 13, 5),
(280, 14, 5),
(280, 15, 5),
(280, 16, 5),
(280, 17, 5),
(280, 18, 5),
(280, 19, 5),
(280, 20, 5),
(280, 21, 5),
(280, 22, 5),
(280, 23, 5),
(280, 24, 5),
(280, 25, 5),
(280, 26, 5),
(280, 27, 5),
(280, 28, 5),
(281, 10, 3),
(281, 11, 3),
(281, 12, 3),
(281, 13, 3),
(281, 14, 3),
(281, 15, 3),
(281, 16, 3),
(281, 17, 3),
(281, 18, 3),
(281, 19, 3),
(281, 20, 3),
(281, 21, 3),
(281, 22, 3),
(281, 23, 3),
(281, 24, 3),
(281, 25, 3),
(281, 26, 3),
(281, 27, 3),
(281, 28, 3),
(282, 10, 5),
(282, 11, 5),
(282, 12, 5),
(282, 13, 5),
(282, 14, 5),
(282, 15, 5),
(282, 16, 5),
(282, 17, 5),
(282, 18, 5),
(282, 19, 5),
(282, 20, 5),
(282, 21, 5),
(282, 22, 5),
(282, 23, 5),
(282, 24, 5),
(282, 25, 5),
(282, 26, 5),
(282, 27, 5),
(282, 28, 5),
(283, 10, 5),
(283, 11, 5),
(283, 12, 5),
(283, 13, 5),
(283, 14, 5),
(283, 15, 5),
(283, 16, 5),
(283, 17, 5),
(283, 18, 5),
(283, 19, 5),
(283, 20, 5),
(283, 21, 5),
(283, 22, 5),
(283, 23, 5),
(283, 24, 5),
(283, 25, 5),
(283, 26, 5),
(283, 27, 5),
(283, 28, 5),
(284, 10, 5),
(284, 11, 5),
(284, 12, 5),
(284, 13, 5),
(284, 14, 5),
(284, 15, 5),
(284, 16, 5),
(284, 17, 5),
(284, 18, 5),
(284, 19, 5),
(284, 20, 5),
(284, 21, 5),
(284, 22, 5),
(284, 23, 5),
(284, 24, 5),
(284, 25, 5),
(284, 26, 5),
(284, 27, 5),
(284, 28, 5),
(285, 10, 5),
(285, 11, 5),
(285, 12, 5),
(285, 13, 5),
(285, 14, 5),
(285, 15, 5),
(285, 16, 5),
(285, 17, 5),
(285, 18, 5),
(285, 19, 5),
(285, 20, 5),
(285, 21, 5),
(285, 22, 5),
(285, 23, 5),
(285, 24, 5),
(285, 25, 5),
(285, 26, 5),
(285, 27, 5),
(285, 28, 5),
(286, 10, 5),
(286, 11, 5),
(286, 12, 5),
(286, 13, 5),
(286, 14, 5),
(286, 15, 5),
(286, 16, 5),
(286, 17, 5),
(286, 18, 5),
(286, 19, 5),
(286, 20, 5),
(286, 21, 5),
(286, 22, 5),
(286, 23, 5),
(286, 24, 5),
(286, 25, 5),
(286, 26, 5),
(286, 27, 5),
(286, 28, 5),
(287, 10, 5),
(287, 11, 5),
(287, 12, 5),
(287, 13, 5),
(287, 14, 5),
(287, 15, 5),
(287, 16, 5),
(287, 17, 5),
(287, 18, 5),
(287, 19, 5),
(287, 20, 5),
(287, 21, 5),
(287, 22, 5),
(287, 23, 5),
(287, 24, 5),
(287, 25, 5),
(287, 26, 5),
(287, 27, 5),
(287, 28, 5),
(288, 10, 5),
(288, 11, 5),
(288, 12, 5),
(288, 13, 5),
(288, 14, 5),
(288, 15, 5),
(288, 16, 5),
(288, 17, 5),
(288, 18, 5),
(288, 19, 5),
(288, 20, 5),
(288, 21, 5),
(288, 22, 5),
(288, 23, 5),
(288, 24, 5),
(288, 25, 5),
(288, 26, 5),
(288, 27, 5),
(288, 28, 5),
(289, 10, 5),
(289, 11, 5),
(289, 12, 5),
(289, 13, 5),
(289, 14, 5),
(289, 15, 5),
(289, 16, 5),
(289, 17, 5),
(289, 18, 5),
(289, 19, 5),
(289, 20, 5),
(289, 21, 5),
(289, 22, 5),
(289, 23, 5),
(289, 24, 5),
(289, 25, 5),
(289, 26, 5),
(289, 27, 5),
(289, 28, 5),
(290, 10, 5),
(290, 11, 5),
(290, 12, 5),
(290, 13, 5),
(290, 14, 5),
(290, 15, 5),
(290, 16, 5),
(290, 17, 5),
(290, 18, 5),
(290, 19, 5),
(290, 20, 5),
(290, 21, 5),
(290, 22, 5),
(290, 23, 5),
(290, 24, 5),
(290, 25, 5),
(290, 26, 5),
(290, 27, 5),
(290, 28, 5),
(291, 10, 5),
(291, 11, 5),
(291, 12, 5),
(291, 13, 5),
(291, 14, 5),
(291, 15, 5),
(291, 16, 5),
(291, 17, 5),
(291, 18, 5),
(291, 19, 5),
(291, 20, 5),
(291, 21, 5),
(291, 22, 5),
(291, 23, 5),
(291, 24, 5),
(291, 25, 5),
(291, 26, 5),
(291, 27, 5),
(291, 28, 5),
(292, 10, 5),
(292, 11, 5),
(292, 12, 5),
(292, 13, 5),
(292, 14, 5),
(292, 15, 5),
(292, 16, 5),
(292, 17, 5),
(292, 18, 5),
(292, 19, 5),
(292, 20, 5),
(292, 21, 5),
(292, 22, 5),
(292, 23, 5),
(292, 24, 5),
(292, 25, 5),
(292, 26, 5),
(292, 27, 5),
(292, 28, 5),
(293, 10, 5),
(293, 11, 5),
(293, 12, 5),
(293, 13, 5),
(293, 14, 5),
(293, 15, 5),
(293, 16, 5),
(293, 17, 5),
(293, 18, 5),
(293, 19, 5),
(293, 20, 5),
(293, 21, 5),
(293, 22, 5),
(293, 23, 5),
(293, 24, 5),
(293, 25, 5),
(293, 26, 5),
(293, 27, 5),
(293, 28, 5),
(294, 10, 5),
(294, 11, 5),
(294, 12, 5),
(294, 13, 5),
(294, 14, 5),
(294, 15, 5),
(294, 16, 5),
(294, 17, 5),
(294, 18, 5),
(294, 19, 5),
(294, 20, 5),
(294, 21, 5),
(294, 22, 5),
(294, 23, 5),
(294, 24, 5),
(294, 25, 5),
(294, 26, 5),
(294, 27, 5),
(294, 28, 5),
(295, 10, 5),
(295, 11, 5),
(295, 12, 5),
(295, 13, 5),
(295, 14, 5),
(295, 15, 5),
(295, 16, 5),
(295, 17, 5),
(295, 18, 5),
(295, 19, 5),
(295, 20, 5),
(295, 21, 5),
(295, 22, 5),
(295, 23, 5),
(295, 24, 5),
(295, 25, 5),
(295, 26, 5),
(295, 27, 5),
(295, 28, 5),
(296, 10, 5),
(296, 11, 5),
(296, 12, 5),
(296, 13, 5),
(296, 14, 5),
(296, 15, 5),
(296, 16, 5),
(296, 17, 5),
(296, 18, 5),
(296, 19, 5),
(296, 20, 5),
(296, 21, 5),
(296, 22, 5),
(296, 23, 5),
(296, 24, 5),
(296, 25, 5),
(296, 26, 5),
(296, 27, 5),
(296, 28, 5),
(297, 10, 5),
(297, 11, 5),
(297, 12, 5),
(297, 13, 5),
(297, 14, 5),
(297, 15, 5),
(297, 16, 5),
(297, 17, 5),
(297, 18, 5),
(297, 19, 5),
(297, 20, 5),
(297, 21, 5),
(297, 22, 5),
(297, 23, 3),
(297, 24, 5),
(297, 25, 3),
(297, 26, 4),
(297, 27, 5),
(297, 28, 3),
(298, 10, 5),
(298, 11, 5),
(298, 12, 5),
(298, 13, 5),
(298, 14, 5),
(298, 15, 5),
(298, 16, 5),
(298, 17, 5),
(298, 18, 5),
(298, 19, 5),
(298, 20, 5),
(298, 21, 5),
(298, 22, 5),
(298, 23, 5),
(298, 24, 5),
(298, 25, 5),
(298, 26, 5),
(298, 27, 5),
(298, 28, 5),
(299, 10, 5),
(299, 11, 5),
(299, 12, 5),
(299, 13, 5),
(299, 14, 5),
(299, 15, 5),
(299, 16, 5),
(299, 17, 5),
(299, 18, 5),
(299, 19, 5),
(299, 20, 5),
(299, 21, 5),
(299, 22, 5),
(299, 23, 5),
(299, 24, 5),
(299, 25, 5),
(299, 26, 5),
(299, 27, 5),
(299, 28, 5),
(300, 10, 5),
(300, 11, 4),
(300, 12, 5),
(300, 13, 5),
(300, 14, 5),
(300, 15, 5),
(300, 16, 5),
(300, 17, 5),
(300, 18, 5),
(300, 19, 5),
(300, 20, 5),
(300, 21, 4),
(300, 22, 5),
(300, 23, 4),
(300, 24, 5),
(300, 25, 5),
(300, 26, 5),
(300, 27, 5),
(300, 28, 5),
(301, 10, 5),
(301, 11, 5),
(301, 12, 5),
(301, 13, 5),
(301, 14, 5),
(301, 15, 5),
(301, 16, 5),
(301, 17, 5),
(301, 18, 5),
(301, 19, 5),
(301, 20, 5),
(301, 21, 5),
(301, 22, 5),
(301, 23, 5),
(301, 24, 5),
(301, 25, 5),
(301, 26, 5),
(301, 27, 5),
(301, 28, 5),
(302, 10, 5),
(302, 11, 5),
(302, 12, 5),
(302, 13, 5),
(302, 14, 5),
(302, 15, 5),
(302, 16, 5),
(302, 17, 5),
(302, 18, 5),
(302, 19, 5),
(302, 20, 5),
(302, 21, 5),
(302, 22, 5),
(302, 23, 5),
(302, 24, 5),
(302, 25, 5),
(302, 26, 5),
(302, 27, 5),
(302, 28, 5),
(303, 10, 5),
(303, 11, 5),
(303, 12, 5),
(303, 13, 5),
(303, 14, 5),
(303, 15, 5),
(303, 16, 5),
(303, 17, 5),
(303, 18, 5),
(303, 19, 5),
(303, 20, 5),
(303, 21, 5),
(303, 22, 5),
(303, 23, 5),
(303, 24, 5),
(303, 25, 5),
(303, 26, 5),
(303, 27, 5),
(303, 28, 5),
(304, 10, 5),
(304, 11, 5),
(304, 12, 5),
(304, 13, 5),
(304, 14, 5),
(304, 15, 5),
(304, 16, 5),
(304, 17, 5),
(304, 18, 5),
(304, 19, 5),
(304, 20, 5),
(304, 21, 5),
(304, 22, 5),
(304, 23, 5),
(304, 24, 5),
(304, 25, 5),
(304, 26, 5),
(304, 27, 5),
(304, 28, 5),
(305, 10, 5),
(305, 11, 5),
(305, 12, 5),
(305, 13, 5),
(305, 14, 5),
(305, 15, 5),
(305, 16, 5),
(305, 17, 5),
(305, 18, 5),
(305, 19, 5),
(305, 20, 5),
(305, 21, 5),
(305, 22, 5),
(305, 23, 5),
(305, 24, 5),
(305, 25, 5),
(305, 26, 5),
(305, 27, 5),
(305, 28, 5),
(306, 10, 5),
(306, 11, 4),
(306, 12, 3),
(306, 13, 5),
(306, 14, 3),
(306, 15, 4),
(306, 16, 3),
(306, 17, 4),
(306, 18, 4),
(306, 19, 4),
(306, 20, 4),
(306, 21, 4),
(306, 22, 5),
(306, 23, 3),
(306, 24, 4),
(306, 25, 4),
(306, 26, 4),
(306, 27, 5),
(306, 28, 3),
(307, 10, 5),
(307, 11, 5),
(307, 12, 5),
(307, 13, 5),
(307, 14, 5),
(307, 15, 5),
(307, 16, 5),
(307, 17, 5),
(307, 18, 5),
(307, 19, 5),
(307, 20, 5),
(307, 21, 5),
(307, 22, 5),
(307, 23, 5),
(307, 24, 5),
(307, 25, 5),
(307, 26, 5),
(307, 27, 5),
(307, 28, 5),
(308, 10, 5),
(308, 11, 5),
(308, 12, 5),
(308, 13, 5),
(308, 14, 5),
(308, 15, 5),
(308, 16, 5),
(308, 17, 5),
(308, 18, 5),
(308, 19, 5),
(308, 20, 5),
(308, 21, 5),
(308, 22, 5),
(308, 23, 5),
(308, 24, 5),
(308, 25, 5),
(308, 26, 5),
(308, 27, 5),
(308, 28, 5),
(309, 10, 5),
(309, 11, 5),
(309, 12, 5),
(309, 13, 5),
(309, 14, 5),
(309, 15, 5),
(309, 16, 5),
(309, 17, 5),
(309, 18, 5),
(309, 19, 5),
(309, 20, 5),
(309, 21, 5),
(309, 22, 5),
(309, 23, 5),
(309, 24, 5),
(309, 25, 5),
(309, 26, 5),
(309, 27, 5),
(309, 28, 5),
(310, 10, 3),
(310, 11, 4),
(310, 12, 5),
(310, 13, 5),
(310, 14, 5),
(310, 15, 4),
(310, 16, 4),
(310, 17, 5),
(310, 18, 4),
(310, 19, 3),
(310, 20, 4),
(310, 21, 5),
(310, 22, 4),
(310, 23, 5),
(310, 24, 4),
(310, 25, 5),
(310, 26, 4),
(310, 27, 5),
(310, 28, 5),
(311, 10, 5),
(311, 11, 5),
(311, 12, 5),
(311, 13, 5),
(311, 14, 5),
(311, 15, 5),
(311, 16, 5),
(311, 17, 5),
(311, 18, 5),
(311, 19, 5),
(311, 20, 5),
(311, 21, 5),
(311, 22, 5),
(311, 23, 5),
(311, 24, 5),
(311, 25, 5),
(311, 26, 5),
(311, 27, 5),
(311, 28, 5),
(312, 10, 5),
(312, 11, 5),
(312, 12, 5),
(312, 13, 5),
(312, 14, 5),
(312, 15, 5),
(312, 16, 5),
(312, 17, 5),
(312, 18, 5),
(312, 19, 5),
(312, 20, 5),
(312, 21, 5),
(312, 22, 5),
(312, 23, 5),
(312, 24, 5),
(312, 25, 5),
(312, 26, 5),
(312, 27, 5),
(312, 28, 5),
(313, 10, 5),
(313, 11, 5),
(313, 12, 5),
(313, 13, 5),
(313, 14, 5),
(313, 15, 5),
(313, 16, 5),
(313, 17, 5),
(313, 18, 5),
(313, 19, 5),
(313, 20, 5),
(313, 21, 5),
(313, 22, 5),
(313, 23, 5),
(313, 24, 5),
(313, 25, 5),
(313, 26, 5),
(313, 27, 5),
(313, 28, 5),
(314, 10, 5),
(314, 11, 5),
(314, 12, 5),
(314, 13, 5),
(314, 14, 5),
(314, 15, 5),
(314, 16, 5),
(314, 17, 5),
(314, 18, 5),
(314, 19, 5),
(314, 20, 5),
(314, 21, 5),
(314, 22, 5),
(314, 23, 5),
(314, 24, 5),
(314, 25, 5),
(314, 26, 5),
(314, 27, 5),
(314, 28, 5),
(315, 10, 5),
(315, 11, 5),
(315, 12, 5),
(315, 13, 5),
(315, 14, 5),
(315, 15, 5),
(315, 16, 5),
(315, 17, 5),
(315, 18, 5),
(315, 19, 5),
(315, 20, 5),
(315, 21, 5),
(315, 22, 5),
(315, 23, 5),
(315, 24, 5),
(315, 25, 5),
(315, 26, 5),
(315, 27, 5),
(315, 28, 5),
(316, 10, 5),
(316, 11, 5),
(316, 12, 5),
(316, 13, 5),
(316, 14, 5),
(316, 15, 5),
(316, 16, 5),
(316, 17, 5),
(316, 18, 5),
(316, 19, 5),
(316, 20, 5),
(316, 21, 5),
(316, 22, 5),
(316, 23, 5),
(316, 24, 5),
(316, 25, 5),
(316, 26, 5),
(316, 27, 5),
(316, 28, 5),
(317, 10, 5),
(317, 11, 5),
(317, 12, 5),
(317, 13, 5),
(317, 14, 5),
(317, 15, 5),
(317, 16, 5),
(317, 17, 5),
(317, 18, 5),
(317, 19, 5),
(317, 20, 5),
(317, 21, 5),
(317, 22, 5),
(317, 23, 5),
(317, 24, 5),
(317, 25, 5),
(317, 26, 5),
(317, 27, 5),
(317, 28, 5),
(318, 10, 5),
(318, 11, 5),
(318, 12, 5),
(318, 13, 5),
(318, 14, 5),
(318, 15, 5),
(318, 16, 5),
(318, 17, 5),
(318, 18, 5),
(318, 19, 5),
(318, 20, 5),
(318, 21, 5),
(318, 22, 5),
(318, 23, 5),
(318, 24, 5),
(318, 25, 5),
(318, 26, 5),
(318, 27, 5),
(318, 28, 5),
(319, 10, 5),
(319, 11, 5),
(319, 12, 5),
(319, 13, 5),
(319, 14, 5),
(319, 15, 5),
(319, 16, 5),
(319, 17, 5),
(319, 18, 5),
(319, 19, 5),
(319, 20, 5),
(319, 21, 5),
(319, 22, 5),
(319, 23, 5),
(319, 24, 5),
(319, 25, 5),
(319, 26, 5),
(319, 27, 5),
(319, 28, 5),
(320, 10, 5),
(320, 11, 5),
(320, 12, 5),
(320, 13, 5),
(320, 14, 5),
(320, 15, 5),
(320, 16, 5),
(320, 17, 5),
(320, 18, 5),
(320, 19, 5),
(320, 20, 5),
(320, 21, 5),
(320, 22, 5),
(320, 23, 5),
(320, 24, 5),
(320, 25, 5),
(320, 26, 5),
(320, 27, 5),
(320, 28, 5),
(321, 10, 5),
(321, 11, 5),
(321, 12, 5),
(321, 13, 5),
(321, 14, 5),
(321, 15, 5),
(321, 16, 5),
(321, 17, 5),
(321, 18, 5),
(321, 19, 5),
(321, 20, 5),
(321, 21, 5),
(321, 22, 5),
(321, 23, 5),
(321, 24, 5),
(321, 25, 5),
(321, 26, 5),
(321, 27, 5),
(321, 28, 5),
(322, 10, 5),
(322, 11, 5),
(322, 12, 5),
(322, 13, 5),
(322, 14, 5),
(322, 15, 5),
(322, 16, 5),
(322, 17, 5),
(322, 18, 5),
(322, 19, 5),
(322, 20, 5),
(322, 21, 5),
(322, 22, 5),
(322, 23, 5),
(322, 24, 5),
(322, 25, 5),
(322, 26, 5),
(322, 27, 5),
(322, 28, 5),
(323, 10, 5),
(323, 11, 5),
(323, 12, 5),
(323, 13, 5),
(323, 14, 5),
(323, 15, 5),
(323, 16, 5),
(323, 17, 5),
(323, 18, 5),
(323, 19, 5),
(323, 20, 5),
(323, 21, 5),
(323, 22, 5),
(323, 23, 5),
(323, 24, 5),
(323, 25, 5),
(323, 26, 5),
(323, 27, 5),
(323, 28, 5),
(324, 10, 5),
(324, 11, 5),
(324, 12, 5),
(324, 13, 5),
(324, 14, 5),
(324, 15, 5),
(324, 16, 5),
(324, 17, 5),
(324, 18, 5),
(324, 19, 5),
(324, 20, 5),
(324, 21, 5),
(324, 22, 5),
(324, 23, 5),
(324, 24, 5),
(324, 25, 5),
(324, 26, 5),
(324, 27, 5),
(324, 28, 5),
(325, 10, 5),
(325, 11, 5),
(325, 12, 5),
(325, 13, 5),
(325, 14, 5),
(325, 15, 5),
(325, 16, 5),
(325, 17, 5),
(325, 18, 5),
(325, 19, 5),
(325, 20, 5),
(325, 21, 5),
(325, 22, 5),
(325, 23, 5),
(325, 24, 5),
(325, 25, 5),
(325, 26, 5),
(325, 27, 5),
(325, 28, 5),
(326, 10, 5),
(326, 11, 5),
(326, 12, 5),
(326, 13, 5),
(326, 14, 5),
(326, 15, 5),
(326, 16, 5),
(326, 17, 5),
(326, 18, 5),
(326, 19, 5),
(326, 20, 5),
(326, 21, 5),
(326, 22, 5),
(326, 23, 5),
(326, 24, 5),
(326, 25, 5),
(326, 26, 5),
(326, 27, 5),
(326, 28, 5),
(327, 10, 5),
(327, 11, 5),
(327, 12, 5),
(327, 13, 5),
(327, 14, 5),
(327, 15, 5),
(327, 16, 5),
(327, 17, 5),
(327, 18, 5),
(327, 19, 5),
(327, 20, 5),
(327, 21, 5),
(327, 22, 5),
(327, 23, 5),
(327, 24, 5),
(327, 25, 5),
(327, 26, 5),
(327, 27, 5),
(327, 28, 5),
(328, 10, 5),
(328, 11, 5),
(328, 12, 5),
(328, 13, 5),
(328, 14, 5),
(328, 15, 5),
(328, 16, 5),
(328, 17, 5),
(328, 18, 5),
(328, 19, 5),
(328, 20, 5),
(328, 21, 5),
(328, 22, 5),
(328, 23, 5),
(328, 24, 5),
(328, 25, 5),
(328, 26, 5),
(328, 27, 5),
(328, 28, 5),
(329, 10, 5),
(329, 11, 5),
(329, 12, 5),
(329, 13, 5),
(329, 14, 5),
(329, 15, 5),
(329, 16, 5),
(329, 17, 5),
(329, 18, 5),
(329, 19, 5),
(329, 20, 5),
(329, 21, 5),
(329, 22, 5),
(329, 23, 5),
(329, 24, 5),
(329, 25, 5),
(329, 26, 5),
(329, 27, 5),
(329, 28, 5),
(330, 10, 5),
(330, 11, 5),
(330, 12, 5),
(330, 13, 5),
(330, 14, 5),
(330, 15, 5),
(330, 16, 5),
(330, 17, 5),
(330, 18, 5),
(330, 19, 5),
(330, 20, 5),
(330, 21, 5),
(330, 22, 5),
(330, 23, 5),
(330, 24, 5),
(330, 25, 5),
(330, 26, 5),
(330, 27, 5),
(330, 28, 5),
(331, 10, 5),
(331, 11, 5),
(331, 12, 5),
(331, 13, 5),
(331, 14, 5),
(331, 15, 5),
(331, 16, 5),
(331, 17, 5),
(331, 18, 5),
(331, 19, 5),
(331, 20, 5),
(331, 21, 5),
(331, 22, 5),
(331, 23, 5),
(331, 24, 5),
(331, 25, 5),
(331, 26, 5),
(331, 27, 5),
(331, 28, 5),
(332, 10, 5),
(332, 11, 5),
(332, 12, 5),
(332, 13, 5),
(332, 14, 5),
(332, 15, 5),
(332, 16, 5),
(332, 17, 5),
(332, 18, 5),
(332, 19, 5),
(332, 20, 5),
(332, 21, 5),
(332, 22, 5),
(332, 23, 5),
(332, 24, 5),
(332, 25, 5),
(332, 26, 5),
(332, 27, 5),
(332, 28, 5),
(333, 10, 5),
(333, 11, 5),
(333, 12, 5),
(333, 13, 5),
(333, 14, 5),
(333, 15, 5),
(333, 16, 5),
(333, 17, 5),
(333, 18, 5),
(333, 19, 5),
(333, 20, 5),
(333, 21, 5),
(333, 22, 5),
(333, 23, 5),
(333, 24, 5),
(333, 25, 5),
(333, 26, 5),
(333, 27, 5),
(333, 28, 5),
(334, 10, 5),
(334, 11, 5),
(334, 12, 5),
(334, 13, 5),
(334, 14, 5),
(334, 15, 5),
(334, 16, 5),
(334, 17, 5),
(334, 18, 5),
(334, 19, 5),
(334, 20, 5),
(334, 21, 5),
(334, 22, 5),
(334, 23, 5),
(334, 24, 5),
(334, 25, 5),
(334, 26, 5),
(334, 27, 5),
(334, 28, 5),
(335, 10, 5),
(335, 11, 5),
(335, 12, 5),
(335, 13, 5),
(335, 14, 5),
(335, 15, 5),
(335, 16, 5),
(335, 17, 5),
(335, 18, 5),
(335, 19, 5),
(335, 20, 5),
(335, 21, 5),
(335, 22, 5),
(335, 23, 5),
(335, 24, 5),
(335, 25, 5),
(335, 26, 5),
(335, 27, 5),
(335, 28, 5),
(336, 10, 5),
(336, 11, 5),
(336, 12, 5),
(336, 13, 5),
(336, 14, 5),
(336, 15, 5),
(336, 16, 5),
(336, 17, 5),
(336, 18, 5),
(336, 19, 5),
(336, 20, 5),
(336, 21, 5),
(336, 22, 5),
(336, 23, 5),
(336, 24, 5),
(336, 25, 5),
(336, 26, 5),
(336, 27, 5),
(336, 28, 5),
(337, 10, 5),
(337, 11, 5),
(337, 12, 5),
(337, 13, 5),
(337, 14, 5),
(337, 15, 5),
(337, 16, 5),
(337, 17, 5),
(337, 18, 5),
(337, 19, 5),
(337, 20, 5),
(337, 21, 5),
(337, 22, 5),
(337, 23, 5),
(337, 24, 5),
(337, 25, 5),
(337, 26, 5),
(337, 27, 5),
(337, 28, 5),
(338, 10, 4),
(338, 11, 5),
(338, 12, 4),
(338, 13, 5),
(338, 14, 5),
(338, 15, 5),
(338, 16, 5),
(338, 17, 5),
(338, 18, 5),
(338, 19, 5),
(338, 20, 5),
(338, 21, 5),
(338, 22, 5),
(338, 23, 5),
(338, 24, 5),
(338, 25, 5),
(338, 26, 5),
(338, 27, 5),
(338, 28, 5),
(339, 10, 5),
(339, 11, 5),
(339, 12, 5),
(339, 13, 5),
(339, 14, 5),
(339, 15, 5),
(339, 16, 5),
(339, 17, 5),
(339, 18, 5),
(339, 19, 5),
(339, 20, 5),
(339, 21, 5),
(339, 22, 5),
(339, 23, 5),
(339, 24, 5),
(339, 25, 5),
(339, 26, 5),
(339, 27, 5),
(339, 28, 5),
(340, 10, 5),
(340, 11, 5),
(340, 12, 5),
(340, 13, 5),
(340, 14, 5),
(340, 15, 5),
(340, 16, 5),
(340, 17, 5),
(340, 18, 5),
(340, 19, 5),
(340, 20, 5),
(340, 21, 5),
(340, 22, 5),
(340, 23, 5),
(340, 24, 5),
(340, 25, 5),
(340, 26, 5),
(340, 27, 5),
(340, 28, 5),
(341, 10, 5),
(341, 11, 5),
(341, 12, 5),
(341, 13, 5),
(341, 14, 5),
(341, 15, 5),
(341, 16, 5),
(341, 17, 5),
(341, 18, 5),
(341, 19, 5),
(341, 20, 5),
(341, 21, 5),
(341, 22, 5),
(341, 23, 5),
(341, 24, 5),
(341, 25, 5),
(341, 26, 5),
(341, 27, 5),
(341, 28, 5),
(342, 10, 5),
(342, 11, 5),
(342, 12, 5),
(342, 13, 5),
(342, 14, 5),
(342, 15, 5),
(342, 16, 5),
(342, 17, 5),
(342, 18, 5),
(342, 19, 5),
(342, 20, 5),
(342, 21, 5),
(342, 22, 5),
(342, 23, 5),
(342, 24, 5),
(342, 25, 5),
(342, 26, 5),
(342, 27, 5),
(342, 28, 5),
(343, 10, 5),
(343, 11, 5),
(343, 12, 5),
(343, 13, 5),
(343, 14, 5),
(343, 15, 5),
(343, 16, 5),
(343, 17, 5),
(343, 18, 5),
(343, 19, 5),
(343, 20, 5),
(343, 21, 5),
(343, 22, 5),
(343, 23, 5),
(343, 24, 5),
(343, 25, 5),
(343, 26, 5),
(343, 27, 5),
(343, 28, 5),
(344, 10, 4),
(344, 11, 5),
(344, 12, 5),
(344, 13, 5),
(344, 14, 5),
(344, 15, 5),
(344, 16, 5),
(344, 17, 5),
(344, 18, 5),
(344, 19, 5),
(344, 20, 5),
(344, 21, 5),
(344, 22, 5),
(344, 23, 5),
(344, 24, 5),
(344, 25, 5),
(344, 26, 5),
(344, 27, 5),
(344, 28, 5),
(345, 10, 5),
(345, 11, 5),
(345, 12, 5),
(345, 13, 5),
(345, 14, 5),
(345, 15, 5),
(345, 16, 5),
(345, 17, 5),
(345, 18, 5),
(345, 19, 5),
(345, 20, 5),
(345, 21, 5),
(345, 22, 5),
(345, 23, 5),
(345, 24, 5),
(345, 25, 5),
(345, 26, 4),
(345, 27, 4),
(345, 28, 4),
(346, 10, 5),
(346, 11, 5),
(346, 12, 5),
(346, 13, 5),
(346, 14, 5),
(346, 15, 5),
(346, 16, 5),
(346, 17, 5),
(346, 18, 5),
(346, 19, 5),
(346, 20, 5),
(346, 21, 5),
(346, 22, 5),
(346, 23, 5),
(346, 24, 5),
(346, 25, 5),
(346, 26, 5),
(346, 27, 5),
(346, 28, 5),
(347, 10, 5),
(347, 11, 5),
(347, 12, 5),
(347, 13, 5),
(347, 14, 5),
(347, 15, 5),
(347, 16, 5),
(347, 17, 5),
(347, 18, 5),
(347, 19, 5),
(347, 20, 5),
(347, 21, 5),
(347, 22, 5),
(347, 23, 5),
(347, 24, 5),
(347, 25, 5),
(347, 26, 5),
(347, 27, 5),
(347, 28, 5),
(348, 10, 5),
(348, 11, 5),
(348, 12, 5),
(348, 13, 5),
(348, 14, 5),
(348, 15, 5),
(348, 16, 5),
(348, 17, 5),
(348, 18, 5),
(348, 19, 5),
(348, 20, 5),
(348, 21, 5),
(348, 22, 5),
(348, 23, 5),
(348, 24, 5),
(348, 25, 5),
(348, 26, 5),
(348, 27, 5),
(348, 28, 5),
(349, 10, 5),
(349, 11, 5),
(349, 12, 5),
(349, 13, 5),
(349, 14, 5),
(349, 15, 5),
(349, 16, 5),
(349, 17, 5),
(349, 18, 5),
(349, 19, 5),
(349, 20, 5),
(349, 21, 5),
(349, 22, 5),
(349, 23, 5),
(349, 24, 5),
(349, 25, 5),
(349, 26, 5),
(349, 27, 5),
(349, 28, 5),
(350, 10, 5),
(351, 10, 5),
(350, 11, 5),
(351, 11, 5),
(350, 12, 5),
(351, 12, 5),
(350, 13, 5),
(351, 13, 5),
(350, 14, 5),
(351, 14, 5),
(350, 15, 5),
(351, 15, 5),
(350, 16, 5),
(351, 16, 5),
(350, 17, 5),
(351, 17, 5),
(350, 18, 5),
(351, 18, 5),
(350, 19, 5),
(351, 19, 5),
(350, 20, 5),
(351, 20, 5),
(350, 21, 5),
(351, 21, 5),
(350, 22, 5),
(351, 22, 5),
(350, 23, 5),
(351, 23, 5),
(350, 24, 5),
(351, 24, 5),
(350, 25, 5),
(351, 25, 5),
(350, 26, 5),
(351, 26, 5),
(350, 27, 5),
(351, 27, 5),
(350, 28, 5),
(351, 28, 5),
(352, 10, 5),
(352, 11, 5),
(352, 12, 5),
(352, 13, 5),
(352, 14, 5),
(352, 15, 5),
(352, 16, 5),
(352, 17, 5),
(352, 18, 5),
(352, 19, 5),
(352, 20, 5),
(352, 21, 5),
(352, 22, 5),
(352, 23, 5),
(352, 24, 5),
(352, 25, 5),
(352, 26, 5),
(352, 27, 5),
(352, 28, 5),
(353, 10, 5),
(353, 11, 5),
(353, 12, 5),
(353, 13, 5),
(353, 14, 5),
(353, 15, 5),
(353, 16, 5),
(353, 17, 5),
(353, 18, 5),
(353, 19, 5),
(353, 20, 5),
(353, 21, 5),
(353, 22, 5),
(353, 23, 5),
(353, 24, 5),
(353, 25, 5),
(353, 26, 5),
(353, 27, 5),
(353, 28, 5),
(354, 10, 5),
(354, 11, 5),
(354, 12, 5),
(354, 13, 5),
(354, 14, 5),
(354, 15, 5),
(354, 16, 5),
(354, 17, 5),
(354, 18, 5),
(354, 19, 5),
(354, 20, 5),
(354, 21, 5),
(354, 22, 5),
(354, 23, 5),
(354, 24, 5),
(354, 25, 5),
(354, 26, 5),
(354, 27, 5),
(354, 28, 5),
(355, 10, 5),
(355, 11, 5),
(355, 12, 5),
(355, 13, 5),
(355, 14, 5),
(355, 15, 5),
(355, 16, 5),
(355, 17, 5),
(355, 18, 5),
(355, 19, 5),
(355, 20, 5),
(355, 21, 5),
(355, 22, 5),
(355, 23, 5),
(355, 24, 5),
(355, 25, 5),
(355, 26, 5),
(355, 27, 5),
(355, 28, 5),
(356, 10, 5),
(356, 11, 5),
(356, 12, 5),
(356, 13, 5),
(356, 14, 5),
(356, 15, 5),
(356, 16, 5),
(356, 17, 5),
(356, 18, 5),
(356, 19, 5),
(356, 20, 5),
(356, 21, 5),
(356, 22, 5),
(356, 23, 5),
(356, 24, 5),
(356, 25, 5),
(356, 26, 5),
(356, 27, 5),
(356, 28, 5),
(357, 10, 5),
(357, 11, 5),
(357, 12, 5),
(357, 13, 5),
(357, 14, 5),
(357, 15, 5),
(357, 16, 5),
(357, 17, 5),
(357, 18, 5),
(357, 19, 5),
(357, 20, 5),
(357, 21, 5),
(357, 22, 5),
(357, 23, 5),
(357, 24, 5),
(357, 25, 5),
(357, 26, 5),
(357, 27, 5),
(357, 28, 5),
(358, 10, 5),
(358, 11, 5),
(358, 12, 5),
(358, 13, 5),
(358, 14, 5),
(358, 15, 5),
(358, 16, 5),
(358, 17, 5),
(358, 18, 5),
(358, 19, 5),
(358, 20, 5),
(358, 21, 5),
(358, 22, 5),
(358, 23, 5),
(358, 24, 5),
(358, 25, 5),
(358, 26, 5),
(358, 27, 5),
(358, 28, 5),
(359, 10, 5),
(359, 11, 5),
(359, 12, 5),
(359, 13, 5),
(359, 14, 5),
(359, 15, 5),
(359, 16, 5),
(359, 17, 5),
(359, 18, 5),
(359, 19, 5),
(359, 20, 5),
(359, 21, 5),
(359, 22, 5),
(359, 23, 5),
(359, 24, 5),
(359, 25, 5),
(359, 26, 5),
(359, 27, 5),
(359, 28, 5),
(360, 10, 5),
(360, 11, 5),
(360, 12, 5),
(360, 13, 5),
(360, 14, 5),
(360, 15, 5),
(360, 16, 5),
(360, 17, 5),
(360, 18, 5),
(360, 19, 5),
(360, 20, 5),
(360, 21, 5),
(360, 22, 5),
(360, 23, 5),
(360, 24, 5),
(360, 25, 5),
(360, 26, 5),
(360, 27, 5),
(360, 28, 5),
(361, 10, 5),
(361, 11, 5),
(361, 12, 5),
(361, 13, 5),
(361, 14, 5),
(361, 15, 5),
(361, 16, 5),
(361, 17, 5),
(361, 18, 5),
(361, 19, 5),
(361, 20, 5),
(361, 21, 5),
(361, 22, 5),
(361, 23, 5),
(361, 24, 5),
(361, 25, 5),
(361, 26, 5),
(361, 27, 5),
(361, 28, 5),
(362, 10, 4),
(362, 11, 4),
(362, 12, 5),
(362, 13, 5),
(362, 14, 4),
(362, 15, 5),
(362, 16, 5),
(362, 17, 4),
(362, 18, 5),
(362, 19, 5),
(362, 20, 5),
(362, 21, 5),
(362, 22, 5),
(362, 23, 5),
(362, 24, 5),
(362, 25, 5),
(362, 26, 5),
(362, 27, 5),
(362, 28, 4),
(363, 10, 5),
(363, 11, 5),
(363, 12, 5),
(363, 13, 5),
(363, 14, 5),
(363, 15, 5),
(363, 16, 5),
(363, 17, 5),
(363, 18, 5),
(363, 19, 5),
(363, 20, 5),
(363, 21, 5),
(363, 22, 5),
(363, 23, 5),
(363, 24, 5),
(363, 25, 5),
(363, 26, 5),
(363, 27, 5),
(363, 28, 5),
(364, 10, 5),
(364, 11, 5),
(364, 12, 5),
(364, 13, 5),
(364, 14, 5),
(364, 15, 5),
(364, 16, 5),
(364, 17, 5),
(364, 18, 5),
(364, 19, 5),
(364, 20, 5),
(364, 21, 5),
(364, 22, 5),
(364, 23, 5),
(364, 24, 5),
(364, 25, 5),
(364, 26, 5),
(364, 27, 5),
(364, 28, 5),
(365, 10, 5),
(365, 11, 5),
(365, 12, 5),
(365, 13, 5),
(365, 14, 5),
(365, 15, 5),
(365, 16, 5),
(365, 17, 5),
(365, 18, 5),
(365, 19, 5),
(365, 20, 5),
(365, 21, 5),
(365, 22, 5),
(365, 23, 5),
(365, 24, 5),
(365, 25, 5),
(365, 26, 5),
(365, 27, 5),
(365, 28, 5),
(366, 10, 5),
(366, 11, 5),
(366, 12, 5),
(366, 13, 5),
(366, 14, 5),
(366, 15, 5),
(366, 16, 5),
(366, 17, 5),
(366, 18, 5),
(366, 19, 5),
(366, 20, 5),
(366, 21, 5),
(366, 22, 5),
(366, 23, 5),
(366, 24, 5),
(366, 25, 5),
(366, 26, 5),
(366, 27, 5),
(366, 28, 5),
(367, 10, 5),
(367, 11, 5),
(367, 12, 5),
(367, 13, 5),
(367, 14, 5),
(367, 15, 5),
(367, 16, 5),
(367, 17, 5),
(367, 18, 5),
(367, 19, 5),
(367, 20, 5),
(367, 21, 5),
(367, 22, 5),
(367, 23, 5),
(367, 24, 5),
(367, 25, 5),
(367, 26, 5),
(367, 27, 5),
(367, 28, 5),
(368, 10, 5),
(368, 11, 5),
(368, 12, 5),
(368, 13, 5),
(368, 14, 5),
(368, 15, 5),
(368, 16, 5),
(368, 17, 5),
(368, 18, 5),
(368, 19, 5),
(368, 20, 5),
(368, 21, 5),
(368, 22, 5),
(368, 23, 5),
(368, 24, 5),
(368, 25, 5),
(368, 26, 5),
(368, 27, 5),
(368, 28, 5),
(369, 10, 5),
(369, 11, 5),
(369, 12, 4),
(369, 13, 5),
(369, 14, 4),
(369, 15, 5),
(369, 16, 5),
(369, 17, 5),
(369, 18, 5),
(369, 19, 5),
(369, 20, 4),
(369, 21, 5),
(369, 22, 5),
(369, 23, 5),
(369, 24, 5),
(369, 25, 5),
(369, 26, 4),
(369, 27, 4),
(369, 28, 5),
(370, 10, 5),
(370, 11, 5),
(370, 12, 5),
(370, 13, 5),
(370, 14, 5),
(370, 15, 5),
(370, 16, 5),
(370, 17, 5),
(370, 18, 5),
(370, 19, 5),
(370, 20, 5),
(370, 21, 5),
(370, 22, 5),
(370, 23, 5),
(370, 24, 5),
(370, 25, 5),
(370, 26, 5),
(370, 27, 5),
(370, 28, 5),
(371, 10, 5),
(371, 11, 5),
(371, 12, 5),
(371, 13, 5),
(371, 14, 5),
(371, 15, 5),
(371, 16, 5),
(371, 17, 5),
(371, 18, 5),
(371, 19, 5),
(371, 20, 5),
(371, 21, 5),
(371, 22, 5),
(371, 23, 5),
(371, 24, 5),
(371, 25, 5),
(371, 26, 5),
(371, 27, 4),
(371, 28, 5),
(372, 10, 4),
(372, 11, 5),
(372, 12, 5),
(372, 13, 4),
(372, 14, 5),
(372, 15, 5),
(372, 16, 5),
(372, 17, 5),
(372, 18, 5),
(372, 19, 5),
(372, 20, 5),
(372, 21, 5),
(372, 22, 5),
(372, 23, 5),
(372, 24, 5),
(372, 25, 5),
(372, 26, 5),
(372, 27, 5),
(372, 28, 5),
(373, 10, 5),
(373, 11, 5),
(373, 12, 5),
(373, 13, 5),
(373, 14, 5),
(373, 15, 5),
(373, 16, 5),
(373, 17, 5),
(373, 18, 5),
(373, 19, 5),
(373, 20, 5),
(373, 21, 5),
(373, 22, 5),
(373, 23, 5),
(373, 24, 5),
(373, 25, 5),
(373, 26, 5),
(373, 27, 5),
(373, 28, 5),
(374, 10, 5),
(374, 11, 5),
(374, 12, 5),
(374, 13, 5),
(374, 14, 5),
(374, 15, 5),
(374, 16, 5),
(374, 17, 5),
(374, 18, 5),
(374, 19, 5),
(374, 20, 5),
(374, 21, 5),
(374, 22, 5),
(374, 23, 5),
(374, 24, 5),
(374, 25, 5),
(374, 26, 5),
(374, 27, 5),
(374, 28, 5),
(375, 10, 5),
(375, 11, 5),
(375, 12, 5),
(375, 13, 5),
(375, 14, 5),
(375, 15, 5),
(375, 16, 5),
(375, 17, 5),
(375, 18, 5),
(375, 19, 5),
(375, 20, 5),
(375, 21, 5),
(375, 22, 5),
(375, 23, 5),
(375, 24, 4),
(375, 25, 5),
(375, 26, 4),
(375, 27, 4),
(375, 28, 5),
(376, 10, 5),
(376, 11, 5),
(376, 12, 5),
(376, 13, 5),
(376, 14, 5),
(376, 15, 5),
(376, 16, 5),
(376, 17, 5),
(376, 18, 5),
(376, 19, 5),
(376, 20, 5),
(376, 21, 5),
(376, 22, 5),
(376, 23, 5),
(376, 24, 5),
(376, 25, 5),
(376, 26, 5),
(376, 27, 5),
(376, 28, 5),
(377, 10, 5),
(377, 11, 5),
(377, 12, 5),
(377, 13, 5),
(377, 14, 5),
(377, 15, 5),
(377, 16, 5),
(377, 17, 5),
(377, 18, 5),
(377, 19, 5),
(377, 20, 5),
(377, 21, 5),
(377, 22, 5),
(377, 23, 5),
(377, 24, 5),
(377, 25, 5),
(377, 26, 5),
(377, 27, 5),
(377, 28, 5),
(378, 10, 5),
(378, 11, 5),
(378, 12, 5),
(378, 13, 5),
(378, 14, 5),
(378, 15, 5),
(378, 16, 5),
(378, 17, 5),
(378, 18, 5),
(378, 19, 5),
(378, 20, 5),
(378, 21, 5),
(378, 22, 5),
(378, 23, 5),
(378, 24, 5),
(378, 25, 5),
(378, 26, 5),
(378, 27, 5),
(378, 28, 5),
(379, 10, 5),
(379, 11, 5),
(379, 12, 5),
(379, 13, 5),
(379, 14, 5),
(379, 15, 5),
(379, 16, 5),
(379, 17, 5),
(379, 18, 5),
(379, 19, 5),
(379, 20, 5),
(379, 21, 5),
(379, 22, 5),
(379, 23, 5),
(379, 24, 5),
(379, 25, 5),
(379, 26, 5),
(379, 27, 5),
(379, 28, 5),
(380, 10, 4),
(380, 11, 4),
(380, 12, 3),
(380, 13, 5),
(380, 14, 4),
(380, 15, 5),
(380, 16, 3),
(380, 17, 5),
(380, 18, 5),
(380, 19, 5),
(380, 20, 5),
(380, 21, 5),
(380, 22, 5),
(380, 23, 4),
(380, 24, 4),
(380, 25, 5),
(380, 26, 5),
(380, 27, 5),
(380, 28, 5),
(381, 10, 5),
(381, 11, 5),
(381, 12, 5),
(381, 13, 5),
(381, 14, 5),
(381, 15, 5),
(381, 16, 5),
(381, 17, 5),
(381, 18, 5),
(381, 19, 5),
(381, 20, 5),
(381, 21, 5),
(381, 22, 5),
(381, 23, 5),
(381, 24, 5),
(381, 25, 5),
(381, 26, 5),
(381, 27, 5),
(381, 28, 5),
(382, 10, 5),
(382, 11, 5),
(382, 12, 5),
(382, 13, 5),
(382, 14, 5),
(382, 15, 5),
(382, 16, 5),
(382, 17, 5),
(382, 18, 5),
(382, 19, 5),
(382, 20, 5),
(382, 21, 5),
(382, 22, 5),
(382, 23, 5),
(382, 24, 5),
(382, 25, 5),
(382, 26, 5),
(382, 27, 5),
(382, 28, 5),
(383, 10, 5),
(383, 11, 5),
(383, 12, 5),
(383, 13, 5),
(383, 14, 5),
(383, 15, 5),
(383, 16, 5),
(383, 17, 5),
(383, 18, 5),
(383, 19, 5),
(383, 20, 5),
(383, 21, 5),
(383, 22, 5),
(383, 23, 5),
(383, 24, 5),
(383, 25, 5),
(383, 26, 5),
(383, 27, 5),
(383, 28, 5),
(384, 10, 5),
(384, 11, 5),
(384, 12, 5),
(384, 13, 5),
(384, 14, 5),
(384, 15, 5),
(384, 16, 5),
(384, 17, 5),
(384, 18, 5),
(384, 19, 5),
(384, 20, 5),
(384, 21, 5),
(384, 22, 5),
(384, 23, 5),
(384, 24, 5),
(384, 25, 5),
(384, 26, 5),
(384, 27, 5),
(384, 28, 5),
(385, 10, 5),
(385, 11, 5),
(385, 12, 5),
(385, 13, 5),
(385, 14, 5),
(385, 15, 5),
(385, 16, 5),
(385, 17, 5),
(385, 18, 5),
(385, 19, 5),
(385, 20, 5),
(385, 21, 5),
(385, 22, 5),
(385, 23, 5),
(385, 24, 5),
(385, 25, 5),
(385, 26, 5),
(385, 27, 5),
(385, 28, 5),
(386, 10, 5),
(386, 11, 5),
(386, 12, 5),
(386, 13, 5),
(386, 14, 5),
(386, 15, 5),
(386, 16, 5),
(386, 17, 5),
(386, 18, 5),
(386, 19, 5),
(386, 20, 5),
(386, 21, 5),
(386, 22, 5),
(386, 23, 5),
(386, 24, 5),
(386, 25, 5),
(386, 26, 5),
(386, 27, 5),
(386, 28, 5),
(387, 10, 5),
(387, 11, 5),
(387, 12, 5),
(387, 13, 5),
(387, 14, 5),
(387, 15, 5),
(387, 16, 5),
(387, 17, 5),
(387, 18, 5),
(387, 19, 5),
(387, 20, 5),
(387, 21, 5),
(387, 22, 5),
(387, 23, 5),
(387, 24, 5),
(387, 25, 5),
(387, 26, 5),
(387, 27, 5),
(387, 28, 5),
(388, 10, 5),
(388, 11, 5),
(388, 12, 5),
(388, 13, 5),
(388, 14, 5),
(388, 15, 5),
(388, 16, 5),
(388, 17, 5),
(388, 18, 5),
(388, 19, 5),
(388, 20, 5),
(388, 21, 5),
(388, 22, 5),
(388, 23, 5),
(388, 24, 5),
(388, 25, 5),
(388, 26, 5),
(388, 27, 5),
(388, 28, 5),
(389, 10, 5),
(389, 11, 5),
(389, 12, 5),
(389, 13, 5),
(389, 14, 5),
(389, 15, 5),
(389, 16, 5),
(389, 17, 5),
(389, 18, 5),
(389, 19, 5),
(389, 20, 5),
(389, 21, 5),
(389, 22, 5),
(389, 23, 5),
(389, 24, 5),
(389, 25, 5),
(389, 26, 5),
(389, 27, 5),
(389, 28, 5),
(390, 10, 5),
(390, 11, 5),
(390, 12, 5),
(390, 13, 5),
(390, 14, 5),
(390, 15, 5),
(390, 16, 5),
(390, 17, 5),
(390, 18, 5),
(390, 19, 5),
(390, 20, 5),
(390, 21, 5),
(390, 22, 5),
(390, 23, 5),
(390, 24, 5),
(390, 25, 5),
(390, 26, 5),
(390, 27, 5),
(390, 28, 5),
(391, 10, 5),
(391, 11, 5),
(391, 12, 5),
(391, 13, 5),
(391, 14, 4),
(391, 15, 4),
(391, 16, 4),
(391, 17, 5),
(391, 18, 5),
(391, 19, 5),
(391, 20, 4),
(391, 21, 5),
(391, 22, 5),
(391, 23, 5),
(391, 24, 5),
(391, 25, 5),
(391, 26, 5),
(391, 27, 4),
(391, 28, 5),
(392, 10, 5),
(392, 11, 5),
(392, 12, 5),
(392, 13, 5),
(392, 14, 5),
(392, 15, 5),
(392, 16, 5),
(392, 17, 5),
(392, 18, 5),
(392, 19, 5),
(392, 20, 5),
(392, 21, 5),
(392, 22, 5),
(392, 23, 5),
(392, 24, 5),
(392, 25, 5),
(392, 26, 5),
(392, 27, 5),
(392, 28, 5),
(393, 10, 5),
(393, 11, 5),
(393, 12, 5),
(393, 13, 5),
(393, 14, 5),
(393, 15, 5),
(393, 16, 5),
(393, 17, 5),
(393, 18, 5),
(393, 19, 5),
(393, 20, 5),
(393, 21, 5),
(393, 22, 5),
(393, 23, 5),
(393, 24, 5),
(393, 25, 5),
(393, 26, 5),
(393, 27, 5),
(393, 28, 5),
(394, 10, 5),
(394, 11, 5),
(394, 12, 5),
(394, 13, 5),
(394, 14, 5),
(394, 15, 5),
(394, 16, 5),
(394, 17, 5),
(394, 18, 5),
(394, 19, 5),
(394, 20, 5),
(394, 21, 5),
(394, 22, 5),
(394, 23, 5),
(394, 24, 5),
(394, 25, 5),
(394, 26, 5),
(394, 27, 5),
(394, 28, 5),
(395, 10, 5),
(395, 11, 5),
(395, 12, 5),
(395, 13, 5),
(395, 14, 5),
(395, 15, 5),
(395, 16, 5),
(395, 17, 5),
(395, 18, 5),
(395, 19, 5),
(395, 20, 5),
(395, 21, 5),
(395, 22, 5),
(395, 23, 5),
(395, 24, 5),
(395, 25, 5),
(395, 26, 5),
(395, 27, 5),
(395, 28, 5),
(396, 10, 5),
(396, 11, 5),
(396, 12, 5),
(396, 13, 5),
(396, 14, 5),
(396, 15, 5),
(396, 16, 5),
(396, 17, 5),
(396, 18, 5),
(396, 19, 5),
(396, 20, 5),
(396, 21, 5),
(396, 22, 5),
(396, 23, 5),
(396, 24, 5),
(396, 25, 5),
(396, 26, 5),
(396, 27, 5),
(396, 28, 5),
(397, 10, 5),
(397, 11, 5),
(397, 12, 5),
(397, 13, 5),
(397, 14, 5),
(397, 15, 5),
(397, 16, 4),
(397, 17, 5),
(397, 18, 4),
(397, 19, 5),
(397, 20, 5),
(397, 21, 5),
(397, 22, 5),
(397, 23, 5),
(397, 24, 5),
(397, 25, 5),
(397, 26, 5),
(397, 27, 5),
(397, 28, 5),
(398, 10, 5),
(398, 11, 5),
(398, 12, 5),
(398, 13, 5),
(398, 14, 5),
(398, 15, 5),
(398, 16, 5),
(398, 17, 5),
(398, 18, 5),
(398, 19, 5),
(398, 20, 5),
(398, 21, 5),
(398, 22, 5),
(398, 23, 5),
(398, 24, 5),
(398, 25, 5),
(398, 26, 5),
(398, 27, 5),
(398, 28, 5),
(399, 10, 5),
(399, 11, 5),
(399, 12, 5),
(399, 13, 5),
(399, 14, 5),
(399, 15, 5),
(399, 16, 5),
(399, 17, 5),
(399, 18, 5),
(399, 19, 5),
(399, 20, 5),
(399, 21, 5),
(399, 22, 5),
(399, 23, 5),
(399, 24, 5),
(399, 25, 5),
(399, 26, 5),
(399, 27, 5),
(399, 28, 5),
(400, 10, 5),
(400, 11, 5),
(400, 12, 5),
(400, 13, 5),
(400, 14, 5),
(400, 15, 5),
(400, 16, 5),
(400, 17, 5),
(400, 18, 5),
(400, 19, 5),
(400, 20, 5),
(400, 21, 5),
(400, 22, 4),
(400, 23, 4),
(400, 24, 5),
(400, 25, 5),
(400, 26, 5),
(400, 27, 4),
(400, 28, 5),
(401, 10, 5),
(401, 11, 5),
(401, 12, 5),
(401, 13, 5),
(401, 14, 5),
(401, 15, 5),
(401, 16, 5),
(401, 17, 5),
(401, 18, 5),
(401, 19, 5),
(401, 20, 5),
(401, 21, 5),
(401, 22, 5),
(401, 23, 5),
(401, 24, 5),
(401, 25, 5),
(401, 26, 5),
(401, 27, 5),
(401, 28, 5),
(402, 10, 5),
(402, 11, 5),
(402, 12, 5),
(402, 13, 5),
(402, 14, 5),
(402, 15, 4),
(402, 16, 5),
(402, 17, 5),
(402, 18, 5),
(402, 19, 5),
(402, 20, 4),
(402, 21, 5),
(402, 22, 5),
(402, 23, 5),
(402, 24, 5),
(402, 25, 5),
(402, 26, 4),
(402, 27, 5),
(402, 28, 5),
(403, 10, 5),
(403, 11, 5),
(403, 12, 5),
(403, 13, 5),
(403, 14, 5),
(403, 15, 5),
(403, 16, 5),
(403, 17, 5),
(403, 18, 5),
(403, 19, 5),
(403, 20, 5),
(403, 21, 5),
(403, 22, 5),
(403, 23, 5),
(403, 24, 5),
(403, 25, 5),
(403, 26, 5),
(403, 27, 5),
(403, 28, 5),
(404, 10, 5),
(404, 11, 5),
(404, 12, 5),
(404, 13, 5),
(404, 14, 5),
(404, 15, 5),
(404, 16, 5),
(404, 17, 5),
(404, 18, 5),
(404, 19, 5),
(404, 20, 5),
(404, 21, 5),
(404, 22, 5),
(404, 23, 5),
(404, 24, 5),
(404, 25, 5),
(404, 26, 5),
(404, 27, 5),
(404, 28, 5),
(405, 10, 5),
(405, 11, 5),
(405, 12, 5),
(405, 13, 5),
(405, 14, 5),
(405, 15, 5),
(405, 16, 5),
(405, 17, 5),
(405, 18, 5),
(405, 19, 5),
(405, 20, 5),
(405, 21, 5),
(405, 22, 5),
(405, 23, 5),
(405, 24, 5),
(405, 25, 5),
(405, 26, 5),
(405, 27, 5),
(405, 28, 5),
(406, 10, 5),
(406, 11, 5),
(406, 12, 5),
(406, 13, 5),
(406, 14, 5),
(406, 15, 5),
(406, 16, 5),
(406, 17, 5),
(406, 18, 5),
(406, 19, 5),
(406, 20, 5),
(406, 21, 5),
(406, 22, 5),
(406, 23, 5),
(406, 24, 5),
(406, 25, 5),
(406, 26, 5),
(406, 27, 5),
(406, 28, 5),
(407, 10, 5),
(407, 11, 5),
(407, 12, 5),
(407, 13, 5),
(407, 14, 5),
(407, 15, 5),
(407, 16, 5),
(407, 17, 5),
(407, 18, 5),
(407, 19, 5),
(407, 20, 5),
(407, 21, 5),
(407, 22, 5),
(407, 23, 5),
(407, 24, 5),
(407, 25, 5),
(407, 26, 5),
(407, 27, 5),
(407, 28, 5),
(408, 10, 5),
(408, 11, 5),
(408, 12, 5),
(408, 13, 5),
(408, 14, 5),
(408, 15, 5),
(408, 16, 5),
(408, 17, 5),
(408, 18, 5),
(408, 19, 5),
(408, 20, 5),
(408, 21, 5),
(408, 22, 5),
(408, 23, 5),
(408, 24, 5),
(408, 25, 5),
(408, 26, 5),
(408, 27, 5),
(408, 28, 5),
(409, 10, 5),
(409, 11, 5),
(409, 12, 5),
(409, 13, 5),
(409, 14, 5),
(409, 15, 5),
(409, 16, 5),
(409, 17, 5),
(409, 18, 5),
(409, 19, 5),
(409, 20, 5),
(409, 21, 5),
(409, 22, 5),
(409, 23, 5),
(409, 24, 5),
(409, 25, 5),
(409, 26, 5),
(409, 27, 5),
(409, 28, 5),
(410, 10, 5),
(410, 11, 5),
(410, 12, 5),
(410, 13, 5),
(410, 14, 4),
(410, 15, 5),
(410, 16, 5),
(410, 17, 4),
(410, 18, 5),
(410, 19, 5),
(410, 20, 5),
(410, 21, 5),
(410, 22, 5),
(410, 23, 4),
(410, 24, 5),
(410, 25, 5),
(410, 26, 5),
(410, 27, 5),
(410, 28, 5),
(411, 10, 5),
(411, 11, 5),
(411, 12, 5),
(411, 13, 5),
(411, 14, 5),
(411, 15, 5),
(411, 16, 5),
(411, 17, 5),
(411, 18, 5),
(411, 19, 5),
(411, 20, 5),
(411, 21, 5),
(411, 22, 5),
(411, 23, 5),
(411, 24, 5),
(411, 25, 5),
(411, 26, 5),
(411, 27, 5),
(411, 28, 5),
(412, 10, 5),
(412, 11, 5),
(412, 12, 5),
(412, 13, 5),
(412, 14, 5),
(412, 15, 5),
(412, 16, 5),
(412, 17, 5),
(412, 18, 5),
(412, 19, 5),
(412, 20, 5),
(412, 21, 5),
(412, 22, 5),
(412, 23, 5),
(412, 24, 5),
(412, 25, 5),
(412, 26, 5),
(412, 27, 5),
(412, 28, 5),
(413, 10, 5),
(413, 11, 5),
(413, 12, 5),
(413, 13, 5),
(413, 14, 5),
(413, 15, 5),
(413, 16, 5),
(413, 17, 5),
(413, 18, 5),
(413, 19, 5),
(413, 20, 5),
(413, 21, 5),
(413, 22, 5),
(413, 23, 5),
(413, 24, 5),
(413, 25, 5),
(413, 26, 5),
(413, 27, 5),
(413, 28, 5),
(414, 10, 5),
(414, 11, 5),
(414, 12, 5),
(414, 13, 5),
(414, 14, 5),
(414, 15, 5),
(414, 16, 5),
(414, 17, 5),
(414, 18, 5),
(414, 19, 5),
(414, 20, 5),
(414, 21, 5),
(414, 22, 5),
(414, 23, 5),
(414, 24, 5),
(414, 25, 5),
(414, 26, 5),
(414, 27, 5),
(414, 28, 5),
(415, 10, 5),
(415, 11, 4),
(415, 12, 5),
(415, 13, 5),
(415, 14, 4),
(415, 15, 5),
(415, 16, 5),
(415, 17, 5),
(415, 18, 5),
(415, 19, 5),
(415, 20, 5),
(415, 21, 5),
(415, 22, 5),
(415, 23, 5),
(415, 24, 5),
(415, 25, 5),
(415, 26, 5),
(415, 27, 4),
(415, 28, 5),
(416, 10, 5),
(416, 11, 5),
(416, 12, 5),
(416, 13, 5),
(416, 14, 5),
(416, 15, 5),
(416, 16, 5),
(416, 17, 5),
(416, 18, 5),
(416, 19, 5),
(416, 20, 5),
(416, 21, 5),
(416, 22, 5),
(416, 23, 5),
(416, 24, 5),
(416, 25, 5),
(416, 26, 5),
(416, 27, 5),
(416, 28, 5),
(417, 10, 5),
(417, 11, 5),
(417, 12, 5),
(417, 13, 5),
(417, 14, 5),
(417, 15, 5),
(417, 16, 5),
(417, 17, 5),
(417, 18, 5),
(417, 19, 5),
(417, 20, 5),
(417, 21, 5),
(417, 22, 5),
(417, 23, 5),
(417, 24, 5),
(417, 25, 5),
(417, 26, 5),
(417, 27, 5),
(417, 28, 5),
(418, 10, 5),
(418, 11, 5),
(418, 12, 5),
(418, 13, 5),
(418, 14, 5),
(418, 15, 5),
(418, 16, 5),
(418, 17, 5),
(418, 18, 5),
(418, 19, 5),
(418, 20, 5),
(418, 21, 5),
(418, 22, 5),
(418, 23, 5),
(418, 24, 5),
(418, 25, 5),
(418, 26, 5),
(418, 27, 5),
(418, 28, 5),
(419, 10, 5),
(419, 11, 5),
(419, 12, 5),
(419, 13, 5),
(419, 14, 5),
(419, 15, 5),
(419, 16, 5),
(419, 17, 5),
(419, 18, 5),
(419, 19, 5),
(419, 20, 5),
(419, 21, 5),
(419, 22, 5),
(419, 23, 5),
(419, 24, 5),
(419, 25, 5),
(419, 26, 5),
(419, 27, 5),
(419, 28, 5),
(420, 10, 5),
(420, 11, 5),
(420, 12, 4),
(420, 13, 4),
(420, 14, 4),
(420, 15, 5),
(420, 16, 5),
(420, 17, 5),
(420, 18, 5),
(420, 19, 5),
(420, 20, 5),
(420, 21, 5),
(420, 22, 5),
(420, 23, 5),
(420, 24, 5),
(420, 25, 5),
(420, 26, 5),
(420, 27, 5),
(420, 28, 5),
(421, 10, 5),
(421, 11, 5),
(421, 12, 5),
(421, 13, 5),
(421, 14, 5),
(421, 15, 5),
(421, 16, 5),
(421, 17, 5),
(421, 18, 5),
(421, 19, 5),
(421, 20, 5),
(421, 21, 5),
(421, 22, 5),
(421, 23, 5),
(421, 24, 5),
(421, 25, 5),
(421, 26, 5),
(421, 27, 5),
(421, 28, 5),
(422, 10, 5),
(422, 11, 5),
(422, 12, 5),
(422, 13, 5),
(422, 14, 5),
(422, 15, 5),
(422, 16, 5),
(422, 17, 5),
(422, 18, 5),
(422, 19, 5),
(422, 20, 5),
(422, 21, 5),
(422, 22, 5),
(422, 23, 5),
(422, 24, 5),
(422, 25, 5),
(422, 26, 5),
(422, 27, 5),
(422, 28, 5),
(423, 10, 5),
(424, 10, 5),
(423, 11, 5),
(424, 11, 5),
(423, 12, 5),
(424, 12, 5),
(423, 13, 5),
(424, 13, 5),
(423, 14, 5),
(424, 14, 5),
(423, 15, 5),
(424, 15, 5),
(423, 16, 5),
(424, 16, 5),
(423, 17, 5),
(424, 17, 5),
(423, 18, 5),
(424, 18, 5),
(423, 19, 5),
(424, 19, 5),
(423, 20, 5),
(424, 20, 5),
(423, 21, 5),
(424, 21, 5),
(423, 22, 5),
(424, 22, 5),
(423, 23, 5),
(424, 23, 5),
(423, 24, 5),
(424, 24, 5),
(423, 25, 5),
(424, 25, 5),
(423, 26, 5),
(424, 26, 5),
(423, 27, 5),
(424, 27, 5),
(423, 28, 5),
(424, 28, 5),
(425, 10, 5),
(425, 11, 5),
(425, 12, 5),
(425, 13, 5),
(425, 14, 5),
(425, 15, 5),
(425, 16, 5),
(425, 17, 5),
(425, 18, 5),
(425, 19, 5),
(425, 20, 5),
(425, 21, 5),
(425, 22, 5),
(425, 23, 5),
(425, 24, 5),
(425, 25, 5),
(425, 26, 5),
(425, 27, 5),
(425, 28, 5),
(426, 10, 5),
(426, 11, 5),
(426, 12, 5),
(426, 13, 5),
(426, 14, 5),
(426, 15, 5),
(426, 16, 5),
(426, 17, 5),
(426, 18, 5),
(426, 19, 5),
(426, 20, 5),
(426, 21, 5),
(426, 22, 5),
(426, 23, 5),
(426, 24, 5),
(426, 25, 5),
(426, 26, 5),
(426, 27, 5),
(426, 28, 5),
(427, 10, 5),
(427, 11, 5),
(427, 12, 5),
(427, 13, 5),
(427, 14, 5),
(427, 15, 5),
(427, 16, 5),
(427, 17, 5),
(427, 18, 5),
(427, 19, 5),
(427, 20, 5),
(427, 21, 5),
(427, 22, 5),
(427, 23, 5),
(427, 24, 5),
(427, 25, 5),
(427, 26, 5),
(427, 27, 5),
(427, 28, 5),
(428, 10, 5),
(428, 11, 5),
(428, 12, 5),
(428, 13, 5),
(428, 14, 5),
(428, 15, 5),
(428, 16, 5),
(428, 17, 5),
(428, 18, 5),
(428, 19, 5),
(428, 20, 5),
(428, 21, 5),
(428, 22, 5),
(428, 23, 5),
(428, 24, 5),
(428, 25, 5),
(428, 26, 5),
(428, 27, 5),
(428, 28, 5),
(429, 10, 5),
(429, 11, 5),
(429, 12, 5),
(429, 13, 5),
(429, 14, 5),
(429, 15, 5),
(429, 16, 5),
(429, 17, 5),
(429, 18, 5),
(429, 19, 5),
(429, 20, 5),
(429, 21, 5),
(429, 22, 5),
(429, 23, 5),
(429, 24, 5),
(429, 25, 5),
(429, 26, 5),
(429, 27, 5),
(429, 28, 5),
(430, 10, 5),
(430, 11, 5),
(430, 12, 5),
(430, 13, 5),
(430, 14, 5),
(430, 15, 5),
(430, 16, 5),
(430, 17, 5),
(430, 18, 5),
(430, 19, 5),
(430, 20, 5),
(430, 21, 5),
(430, 22, 5),
(430, 23, 5),
(430, 24, 5),
(430, 25, 5),
(430, 26, 5),
(430, 27, 5),
(430, 28, 5),
(431, 10, 5),
(431, 11, 5),
(431, 12, 5),
(431, 13, 5),
(431, 14, 5),
(431, 15, 5),
(431, 16, 5),
(431, 17, 5),
(431, 18, 5),
(431, 19, 5),
(431, 20, 5),
(431, 21, 5),
(431, 22, 5),
(431, 23, 5),
(431, 24, 5),
(431, 25, 5),
(431, 26, 5),
(431, 27, 5),
(431, 28, 5),
(432, 10, 5),
(432, 11, 5),
(432, 12, 5),
(432, 13, 5),
(432, 14, 5),
(432, 15, 5),
(432, 16, 5),
(432, 17, 5),
(432, 18, 5),
(432, 19, 5),
(432, 20, 5),
(432, 21, 5),
(432, 22, 5),
(432, 23, 5),
(432, 24, 5),
(432, 25, 5),
(432, 26, 5),
(432, 27, 5),
(432, 28, 5),
(433, 10, 5),
(433, 11, 5),
(433, 12, 5),
(433, 13, 5),
(433, 14, 5),
(433, 15, 5),
(433, 16, 5),
(433, 17, 5),
(433, 18, 5),
(433, 19, 5),
(433, 20, 5),
(433, 21, 5),
(433, 22, 5),
(433, 23, 5),
(433, 24, 5),
(433, 25, 5),
(433, 26, 5),
(433, 27, 5),
(433, 28, 5),
(434, 10, 5),
(434, 11, 5),
(434, 12, 5),
(434, 13, 5),
(434, 14, 5),
(434, 15, 5),
(434, 16, 5),
(434, 17, 5),
(434, 18, 5),
(434, 19, 5),
(434, 20, 5),
(434, 21, 5),
(434, 22, 5),
(434, 23, 5),
(434, 24, 5),
(434, 25, 5),
(434, 26, 5),
(434, 27, 5),
(434, 28, 5),
(435, 10, 5),
(435, 11, 5),
(435, 12, 5),
(435, 13, 5),
(435, 14, 5),
(435, 15, 5),
(435, 16, 5),
(435, 17, 5),
(435, 18, 5),
(435, 19, 5),
(435, 20, 5),
(435, 21, 5),
(435, 22, 5),
(435, 23, 5),
(435, 24, 5),
(435, 25, 5),
(435, 26, 5),
(435, 27, 5),
(435, 28, 5),
(436, 10, 5),
(436, 11, 5),
(436, 12, 5),
(436, 13, 5),
(436, 14, 5),
(436, 15, 5),
(436, 16, 5),
(436, 17, 5),
(436, 18, 5),
(436, 19, 5),
(436, 20, 5),
(436, 21, 5),
(436, 22, 5),
(436, 23, 5),
(436, 24, 5),
(436, 25, 5),
(436, 26, 5),
(436, 27, 5),
(436, 28, 5),
(437, 10, 5),
(437, 11, 5),
(437, 12, 5),
(437, 13, 5),
(437, 14, 5),
(437, 15, 5),
(437, 16, 5),
(437, 17, 5),
(437, 18, 5),
(437, 19, 5),
(437, 20, 5),
(437, 21, 5),
(437, 22, 5),
(437, 23, 5),
(437, 24, 5),
(437, 25, 5),
(437, 26, 5),
(437, 27, 5),
(437, 28, 5),
(438, 10, 5),
(438, 11, 5),
(438, 12, 5),
(438, 13, 5),
(438, 14, 5),
(438, 15, 5),
(438, 16, 5),
(438, 17, 5),
(438, 18, 5),
(438, 19, 5),
(438, 20, 5),
(438, 21, 5),
(438, 22, 5),
(438, 23, 5),
(438, 24, 5),
(438, 25, 5),
(438, 26, 5),
(438, 27, 5),
(438, 28, 5),
(439, 10, 5),
(439, 11, 5),
(439, 12, 5),
(439, 13, 5),
(439, 14, 5),
(439, 15, 5),
(439, 16, 5),
(439, 17, 5),
(439, 18, 5),
(439, 19, 5),
(439, 20, 5),
(439, 21, 5),
(439, 22, 5),
(439, 23, 5),
(439, 24, 5),
(439, 25, 5),
(439, 26, 5),
(439, 27, 5),
(439, 28, 5),
(440, 10, 5),
(440, 11, 5),
(440, 12, 5),
(440, 13, 5),
(440, 14, 5),
(440, 15, 5),
(440, 16, 5),
(440, 17, 5),
(440, 18, 5),
(440, 19, 5),
(440, 20, 5),
(440, 21, 5),
(440, 22, 5),
(440, 23, 5),
(440, 24, 5),
(440, 25, 5),
(440, 26, 5),
(440, 27, 5),
(440, 28, 5),
(441, 10, 5),
(441, 11, 5),
(441, 12, 5),
(441, 13, 5),
(441, 14, 5),
(441, 15, 5),
(441, 16, 5),
(441, 17, 5),
(441, 18, 5),
(441, 19, 5),
(441, 20, 5),
(441, 21, 5),
(441, 22, 5),
(441, 23, 5),
(441, 24, 5),
(441, 25, 5),
(441, 26, 5),
(441, 27, 5),
(441, 28, 5),
(442, 10, 5),
(442, 11, 5),
(442, 12, 5),
(442, 13, 5),
(442, 14, 5),
(442, 15, 5),
(442, 16, 5),
(442, 17, 5),
(442, 18, 5),
(442, 19, 5),
(442, 20, 5),
(442, 21, 5),
(442, 22, 5),
(442, 23, 5),
(442, 24, 5),
(442, 25, 5),
(442, 26, 5),
(442, 27, 5),
(442, 28, 5),
(443, 10, 5),
(443, 11, 5),
(443, 12, 5),
(443, 13, 5),
(443, 14, 5),
(443, 15, 5),
(443, 16, 5),
(443, 17, 5),
(443, 18, 5),
(443, 19, 5),
(443, 20, 5),
(443, 21, 5),
(443, 22, 5),
(443, 23, 5),
(443, 24, 5),
(443, 25, 5),
(443, 26, 5),
(443, 27, 5),
(443, 28, 5),
(444, 10, 5),
(444, 11, 5),
(444, 12, 5),
(444, 13, 5),
(444, 14, 5),
(444, 15, 5),
(444, 16, 5),
(444, 17, 5),
(444, 18, 5),
(444, 19, 5),
(444, 20, 5),
(444, 21, 5),
(444, 22, 5),
(444, 23, 5),
(444, 24, 5),
(444, 25, 5),
(444, 26, 5),
(444, 27, 5),
(444, 28, 5),
(445, 10, 5),
(445, 11, 5),
(445, 12, 5),
(445, 13, 5),
(445, 14, 5),
(445, 15, 5),
(445, 16, 5),
(445, 17, 5),
(445, 18, 5),
(445, 19, 5),
(445, 20, 5),
(445, 21, 5),
(445, 22, 5),
(445, 23, 5),
(445, 24, 5),
(445, 25, 5),
(445, 26, 4),
(445, 27, 5),
(445, 28, 5),
(446, 10, 5),
(446, 11, 5),
(446, 12, 5),
(446, 13, 5),
(446, 14, 5),
(446, 15, 5),
(446, 16, 4),
(446, 17, 5),
(446, 18, 5),
(446, 19, 5),
(446, 20, 5),
(446, 21, 5),
(446, 22, 4),
(446, 23, 5),
(446, 24, 4),
(446, 25, 5),
(446, 26, 5),
(446, 27, 5),
(446, 28, 5),
(447, 10, 5),
(447, 11, 5),
(447, 12, 5),
(447, 13, 5),
(447, 14, 5),
(447, 15, 5),
(447, 16, 5),
(447, 17, 5),
(447, 18, 5),
(447, 19, 5),
(447, 20, 5),
(447, 21, 5),
(447, 22, 5),
(447, 23, 5),
(447, 24, 5),
(447, 25, 5),
(447, 26, 5),
(447, 27, 5),
(447, 28, 5),
(448, 10, 5),
(448, 11, 5),
(448, 12, 5),
(448, 13, 5),
(448, 14, 5),
(448, 15, 5),
(448, 16, 5),
(448, 17, 5),
(448, 18, 5),
(448, 19, 5),
(448, 20, 5),
(448, 21, 5),
(448, 22, 5),
(448, 23, 5),
(448, 24, 5),
(448, 25, 5),
(448, 26, 5),
(448, 27, 5),
(448, 28, 5),
(449, 10, 5),
(449, 11, 5),
(449, 12, 5),
(449, 13, 5),
(449, 14, 5),
(449, 15, 5),
(449, 16, 4),
(449, 17, 5),
(449, 18, 5),
(449, 19, 4),
(449, 20, 5),
(449, 21, 5),
(449, 22, 4),
(449, 23, 5),
(449, 24, 5),
(449, 25, 5),
(449, 26, 5),
(449, 27, 4),
(449, 28, 5),
(450, 10, 5),
(450, 11, 5),
(450, 12, 5),
(450, 13, 5),
(450, 14, 5),
(450, 15, 5),
(450, 16, 5),
(450, 17, 5),
(450, 18, 5),
(450, 19, 5),
(450, 20, 5),
(450, 21, 5),
(450, 22, 5),
(450, 23, 5),
(450, 24, 5),
(450, 25, 5),
(450, 26, 5),
(450, 27, 5),
(450, 28, 5),
(451, 10, 5),
(451, 11, 5),
(451, 12, 5),
(451, 13, 5),
(451, 14, 5),
(451, 15, 5),
(451, 16, 5),
(451, 17, 5),
(451, 18, 5),
(451, 19, 5),
(451, 20, 5),
(451, 21, 5);
INSERT INTO `evaluation_answers` (`evaluation_id`, `question_id`, `rate`) VALUES
(451, 22, 5),
(451, 23, 5),
(451, 24, 5),
(451, 25, 5),
(451, 26, 5),
(451, 27, 5),
(451, 28, 5),
(452, 10, 5),
(452, 11, 5),
(452, 12, 5),
(452, 13, 4),
(452, 14, 4),
(452, 15, 4),
(452, 16, 5),
(452, 17, 5),
(452, 18, 5),
(452, 19, 5),
(452, 20, 5),
(452, 21, 5),
(452, 22, 5),
(452, 23, 5),
(452, 24, 5),
(452, 25, 5),
(452, 26, 5),
(452, 27, 5),
(452, 28, 5),
(453, 10, 5),
(453, 11, 5),
(453, 12, 5),
(453, 13, 5),
(453, 14, 5),
(453, 15, 5),
(453, 16, 5),
(453, 17, 5),
(453, 18, 5),
(453, 19, 5),
(453, 20, 5),
(453, 21, 5),
(453, 22, 5),
(453, 23, 5),
(453, 24, 5),
(453, 25, 5),
(453, 26, 5),
(453, 27, 5),
(453, 28, 5),
(454, 10, 5),
(454, 11, 5),
(454, 12, 5),
(454, 13, 5),
(454, 14, 5),
(454, 15, 5),
(454, 16, 5),
(454, 17, 5),
(454, 18, 4),
(454, 19, 5),
(454, 20, 5),
(454, 21, 4),
(454, 22, 5),
(454, 23, 5),
(454, 24, 5),
(454, 25, 5),
(454, 26, 5),
(454, 27, 5),
(454, 28, 5),
(455, 10, 5),
(455, 11, 5),
(455, 12, 5),
(455, 13, 5),
(455, 14, 5),
(455, 15, 4),
(455, 16, 5),
(455, 17, 5),
(455, 18, 5),
(455, 19, 5),
(455, 20, 5),
(455, 21, 5),
(455, 22, 5),
(455, 23, 5),
(455, 24, 5),
(455, 25, 5),
(455, 26, 5),
(455, 27, 5),
(455, 28, 5),
(456, 10, 5),
(456, 11, 5),
(456, 12, 5),
(456, 13, 5),
(456, 14, 4),
(456, 15, 5),
(456, 16, 5),
(456, 17, 5),
(456, 18, 5),
(456, 19, 5),
(456, 20, 5),
(456, 21, 5),
(456, 22, 5),
(456, 23, 5),
(456, 24, 5),
(456, 25, 5),
(456, 26, 5),
(456, 27, 5),
(456, 28, 5),
(457, 10, 5),
(457, 11, 5),
(457, 12, 5),
(457, 13, 5),
(457, 14, 5),
(457, 15, 5),
(457, 16, 5),
(457, 17, 5),
(457, 18, 5),
(457, 19, 5),
(457, 20, 5),
(457, 21, 5),
(457, 22, 5),
(457, 23, 5),
(457, 24, 5),
(457, 25, 5),
(457, 26, 5),
(457, 27, 5),
(457, 28, 5),
(458, 10, 5),
(458, 11, 5),
(458, 12, 5),
(458, 13, 5),
(458, 14, 5),
(458, 15, 5),
(458, 16, 5),
(458, 17, 5),
(458, 18, 5),
(458, 19, 5),
(458, 20, 5),
(458, 21, 5),
(458, 22, 5),
(458, 23, 5),
(458, 24, 5),
(458, 25, 5),
(458, 26, 5),
(458, 27, 5),
(458, 28, 5),
(459, 10, 5),
(459, 11, 5),
(459, 12, 5),
(459, 13, 5),
(459, 14, 5),
(459, 15, 5),
(459, 16, 5),
(459, 17, 5),
(459, 18, 5),
(459, 19, 5),
(459, 20, 5),
(459, 21, 5),
(459, 22, 5),
(459, 23, 5),
(459, 24, 5),
(459, 25, 5),
(459, 26, 5),
(459, 27, 5),
(459, 28, 5),
(460, 10, 5),
(460, 11, 5),
(460, 12, 5),
(460, 13, 5),
(460, 14, 5),
(460, 15, 5),
(460, 16, 5),
(460, 17, 5),
(460, 18, 5),
(460, 19, 5),
(460, 20, 5),
(460, 21, 5),
(460, 22, 5),
(460, 23, 5),
(460, 24, 5),
(460, 25, 5),
(460, 26, 5),
(460, 27, 5),
(460, 28, 5),
(461, 10, 5),
(461, 11, 5),
(461, 12, 5),
(461, 13, 5),
(461, 14, 5),
(461, 15, 5),
(461, 16, 5),
(461, 17, 5),
(461, 18, 5),
(461, 19, 5),
(461, 20, 5),
(461, 21, 5),
(461, 22, 5),
(461, 23, 5),
(461, 24, 5),
(461, 25, 5),
(461, 26, 5),
(461, 27, 5),
(461, 28, 5),
(462, 10, 5),
(462, 11, 5),
(462, 12, 5),
(462, 13, 5),
(462, 14, 5),
(462, 15, 5),
(462, 16, 5),
(462, 17, 5),
(462, 18, 5),
(462, 19, 5),
(462, 20, 5),
(462, 21, 5),
(462, 22, 5),
(462, 23, 5),
(462, 24, 5),
(462, 25, 5),
(462, 26, 5),
(462, 27, 5),
(462, 28, 5),
(463, 10, 5),
(463, 11, 5),
(463, 12, 5),
(463, 13, 5),
(463, 14, 5),
(463, 15, 5),
(463, 16, 5),
(463, 17, 5),
(463, 18, 5),
(463, 19, 5),
(463, 20, 5),
(463, 21, 5),
(463, 22, 5),
(463, 23, 5),
(463, 24, 5),
(463, 25, 5),
(463, 26, 5),
(463, 27, 5),
(463, 28, 5),
(464, 10, 5),
(464, 11, 5),
(464, 12, 5),
(464, 13, 5),
(464, 14, 5),
(464, 15, 5),
(464, 16, 5),
(464, 17, 5),
(464, 18, 5),
(464, 19, 5),
(464, 20, 5),
(464, 21, 5),
(464, 22, 5),
(464, 23, 5),
(464, 24, 5),
(464, 25, 5),
(464, 26, 5),
(464, 27, 5),
(464, 28, 5),
(465, 10, 5),
(465, 11, 5),
(465, 12, 5),
(465, 13, 5),
(465, 14, 5),
(465, 15, 5),
(465, 16, 5),
(465, 17, 5),
(465, 18, 5),
(465, 19, 5),
(465, 20, 5),
(465, 21, 5),
(465, 22, 5),
(465, 23, 5),
(465, 24, 5),
(465, 25, 5),
(465, 26, 5),
(465, 27, 5),
(465, 28, 5),
(466, 10, 5),
(466, 11, 5),
(466, 12, 5),
(466, 13, 5),
(466, 14, 5),
(466, 15, 5),
(466, 16, 5),
(466, 17, 5),
(466, 18, 5),
(466, 19, 5),
(466, 20, 5),
(466, 21, 5),
(466, 22, 5),
(466, 23, 5),
(466, 24, 5),
(466, 25, 5),
(466, 26, 5),
(466, 27, 5),
(466, 28, 5),
(467, 10, 5),
(467, 11, 5),
(467, 12, 5),
(467, 13, 5),
(467, 14, 5),
(467, 15, 5),
(467, 16, 5),
(467, 17, 5),
(467, 18, 5),
(467, 19, 5),
(467, 20, 5),
(467, 21, 5),
(467, 22, 5),
(467, 23, 5),
(467, 24, 5),
(467, 25, 5),
(467, 26, 5),
(467, 27, 5),
(467, 28, 5),
(468, 10, 5),
(468, 11, 5),
(468, 12, 5),
(468, 13, 5),
(468, 14, 5),
(468, 15, 5),
(468, 16, 5),
(468, 17, 5),
(468, 18, 5),
(468, 19, 5),
(468, 20, 5),
(468, 21, 5),
(468, 22, 5),
(468, 23, 5),
(468, 24, 5),
(468, 25, 5),
(468, 26, 5),
(468, 27, 5),
(468, 28, 5),
(469, 10, 5),
(469, 11, 5),
(469, 12, 5),
(469, 13, 5),
(469, 14, 5),
(469, 15, 5),
(469, 16, 5),
(469, 17, 5),
(469, 18, 5),
(469, 19, 5),
(469, 20, 5),
(469, 21, 5),
(469, 22, 5),
(469, 23, 5),
(469, 24, 5),
(469, 25, 5),
(469, 26, 5),
(469, 27, 5),
(469, 28, 5),
(470, 10, 5),
(470, 11, 5),
(470, 12, 5),
(470, 13, 5),
(470, 14, 5),
(470, 15, 5),
(470, 16, 5),
(470, 17, 5),
(470, 18, 5),
(470, 19, 5),
(470, 20, 5),
(470, 21, 5),
(470, 22, 5),
(470, 23, 5),
(470, 24, 5),
(470, 25, 5),
(470, 26, 5),
(470, 27, 5),
(470, 28, 5),
(471, 10, 5),
(471, 11, 5),
(471, 12, 5),
(471, 13, 5),
(471, 14, 5),
(471, 15, 5),
(471, 16, 5),
(471, 17, 5),
(471, 18, 5),
(471, 19, 5),
(471, 20, 5),
(471, 21, 5),
(471, 22, 5),
(471, 23, 5),
(471, 24, 5),
(471, 25, 5),
(471, 26, 5),
(471, 27, 5),
(471, 28, 5),
(472, 10, 5),
(472, 11, 5),
(472, 12, 5),
(472, 13, 5),
(472, 14, 5),
(472, 15, 5),
(472, 16, 5),
(472, 17, 5),
(472, 18, 5),
(472, 19, 5),
(472, 20, 5),
(472, 21, 5),
(472, 22, 5),
(472, 23, 5),
(472, 24, 5),
(472, 25, 5),
(472, 26, 5),
(472, 27, 5),
(472, 28, 5),
(473, 10, 5),
(473, 11, 5),
(473, 12, 5),
(473, 13, 5),
(473, 14, 5),
(473, 15, 5),
(473, 16, 5),
(473, 17, 5),
(473, 18, 5),
(473, 19, 5),
(473, 20, 5),
(473, 21, 5),
(473, 22, 5),
(473, 23, 5),
(473, 24, 5),
(473, 25, 5),
(473, 26, 5),
(473, 27, 5),
(473, 28, 5),
(474, 10, 5),
(474, 11, 5),
(474, 12, 5),
(474, 13, 5),
(474, 14, 5),
(474, 15, 5),
(474, 16, 5),
(474, 17, 5),
(474, 18, 5),
(474, 19, 5),
(474, 20, 5),
(474, 21, 5),
(474, 22, 5),
(474, 23, 5),
(474, 24, 5),
(474, 25, 5),
(474, 26, 5),
(474, 27, 5),
(474, 28, 5),
(475, 10, 5),
(475, 11, 5),
(475, 12, 5),
(475, 13, 5),
(475, 14, 5),
(475, 15, 5),
(475, 16, 5),
(475, 17, 5),
(475, 18, 5),
(475, 19, 5),
(475, 20, 5),
(475, 21, 5),
(475, 22, 5),
(475, 23, 5),
(475, 24, 5),
(475, 25, 5),
(475, 26, 5),
(475, 27, 5),
(475, 28, 5),
(476, 10, 5),
(476, 11, 5),
(476, 12, 5),
(476, 13, 5),
(476, 14, 5),
(476, 15, 5),
(476, 16, 5),
(476, 17, 5),
(476, 18, 5),
(476, 19, 5),
(476, 20, 5),
(476, 21, 5),
(476, 22, 5),
(476, 23, 5),
(476, 24, 5),
(476, 25, 5),
(476, 26, 5),
(476, 27, 5),
(476, 28, 5),
(477, 10, 5),
(477, 11, 5),
(477, 12, 5),
(477, 13, 5),
(477, 14, 5),
(477, 15, 5),
(477, 16, 5),
(477, 17, 5),
(477, 18, 5),
(477, 19, 5),
(477, 20, 5),
(477, 21, 5),
(477, 22, 5),
(477, 23, 5),
(477, 24, 5),
(477, 25, 5),
(477, 26, 5),
(477, 27, 5),
(477, 28, 5),
(478, 10, 5),
(478, 11, 5),
(478, 12, 5),
(478, 13, 5),
(478, 14, 5),
(478, 15, 5),
(478, 16, 5),
(478, 17, 5),
(478, 18, 5),
(478, 19, 5),
(478, 20, 5),
(478, 21, 5),
(478, 22, 5),
(478, 23, 5),
(478, 24, 5),
(478, 25, 5),
(478, 26, 5),
(478, 27, 5),
(478, 28, 5),
(479, 10, 5),
(479, 11, 5),
(479, 12, 4),
(479, 13, 5),
(479, 14, 5),
(479, 15, 5),
(479, 16, 5),
(479, 17, 5),
(479, 18, 5),
(479, 19, 5),
(479, 20, 4),
(479, 21, 5),
(479, 22, 5),
(479, 23, 5),
(479, 24, 5),
(479, 25, 5),
(479, 26, 5),
(479, 27, 5),
(479, 28, 5),
(480, 10, 5),
(480, 11, 4),
(480, 12, 3),
(480, 13, 4),
(480, 14, 4),
(480, 15, 4),
(480, 16, 4),
(480, 17, 4),
(480, 18, 4),
(480, 19, 5),
(480, 20, 4),
(480, 21, 4),
(480, 22, 4),
(480, 23, 4),
(480, 24, 4),
(480, 25, 4),
(480, 26, 4),
(480, 27, 4),
(480, 28, 4),
(481, 10, 5),
(481, 11, 5),
(481, 12, 5),
(481, 13, 5),
(481, 14, 5),
(481, 15, 5),
(481, 16, 5),
(481, 17, 5),
(481, 18, 5),
(481, 19, 5),
(481, 20, 5),
(481, 21, 5),
(481, 22, 5),
(481, 23, 5),
(481, 24, 5),
(481, 25, 5),
(481, 26, 5),
(481, 27, 5),
(481, 28, 5),
(482, 10, 5),
(482, 11, 5),
(482, 12, 5),
(482, 13, 5),
(482, 14, 5),
(482, 15, 5),
(482, 16, 5),
(482, 17, 5),
(482, 18, 5),
(482, 19, 5),
(482, 20, 5),
(482, 21, 5),
(482, 22, 5),
(482, 23, 5),
(482, 24, 5),
(482, 25, 5),
(482, 26, 5),
(482, 27, 5),
(482, 28, 5),
(483, 10, 5),
(483, 11, 5),
(483, 12, 5),
(483, 13, 5),
(483, 14, 5),
(483, 15, 5),
(483, 16, 5),
(483, 17, 5),
(483, 18, 5),
(483, 19, 5),
(483, 20, 5),
(483, 21, 5),
(483, 22, 5),
(483, 23, 5),
(483, 24, 5),
(483, 25, 5),
(483, 26, 5),
(483, 27, 5),
(483, 28, 5),
(484, 10, 5),
(484, 11, 5),
(484, 12, 5),
(484, 13, 5),
(484, 14, 5),
(484, 15, 5),
(484, 16, 5),
(484, 17, 5),
(484, 18, 5),
(484, 19, 5),
(484, 20, 5),
(484, 21, 5),
(484, 22, 5),
(484, 23, 5),
(484, 24, 5),
(484, 25, 5),
(484, 26, 5),
(484, 27, 5),
(484, 28, 5),
(485, 10, 5),
(485, 11, 5),
(485, 12, 5),
(485, 13, 5),
(485, 14, 5),
(485, 15, 5),
(485, 16, 5),
(485, 17, 5),
(485, 18, 5),
(485, 19, 5),
(485, 20, 5),
(485, 21, 5),
(485, 22, 5),
(485, 23, 5),
(485, 24, 5),
(485, 25, 5),
(485, 26, 5),
(485, 27, 5),
(485, 28, 5),
(486, 10, 5),
(486, 11, 5),
(486, 12, 5),
(486, 13, 5),
(486, 14, 5),
(486, 15, 5),
(486, 16, 5),
(486, 17, 5),
(486, 18, 5),
(486, 19, 5),
(486, 20, 5),
(486, 21, 5),
(486, 22, 5),
(486, 23, 5),
(486, 24, 5),
(486, 25, 5),
(486, 26, 5),
(486, 27, 5),
(486, 28, 5),
(487, 10, 5),
(487, 11, 5),
(487, 12, 5),
(487, 13, 5),
(487, 14, 5),
(487, 15, 5),
(487, 16, 5),
(487, 17, 5),
(487, 18, 5),
(487, 19, 5),
(487, 20, 5),
(487, 21, 5),
(487, 22, 5),
(487, 23, 5),
(487, 24, 5),
(487, 25, 5),
(487, 26, 5),
(487, 27, 5),
(487, 28, 5),
(488, 10, 5),
(488, 11, 5),
(488, 12, 5),
(488, 13, 5),
(488, 14, 5),
(488, 15, 5),
(488, 16, 5),
(488, 17, 5),
(488, 18, 5),
(488, 19, 5),
(488, 20, 5),
(488, 21, 5),
(488, 22, 5),
(488, 23, 5),
(488, 24, 5),
(488, 25, 5),
(488, 26, 5),
(488, 27, 5),
(488, 28, 5),
(489, 10, 5),
(489, 11, 5),
(489, 12, 5),
(489, 13, 5),
(489, 14, 5),
(489, 15, 5),
(489, 16, 5),
(489, 17, 5),
(489, 18, 5),
(489, 19, 5),
(489, 20, 5),
(489, 21, 5),
(489, 22, 5),
(489, 23, 5),
(489, 24, 5),
(489, 25, 5),
(489, 26, 5),
(489, 27, 5),
(489, 28, 5),
(490, 10, 5),
(490, 11, 5),
(490, 12, 5),
(490, 13, 5),
(490, 14, 5),
(490, 15, 5),
(490, 16, 5),
(490, 17, 5),
(490, 18, 5),
(490, 19, 5),
(490, 20, 5),
(490, 21, 5),
(490, 22, 5),
(490, 23, 5),
(490, 24, 5),
(490, 25, 5),
(490, 26, 5),
(490, 27, 5),
(490, 28, 5),
(491, 10, 5),
(491, 11, 5),
(491, 12, 5),
(491, 13, 5),
(491, 14, 5),
(491, 15, 5),
(491, 16, 5),
(491, 17, 5),
(491, 18, 5),
(491, 19, 5),
(491, 20, 5),
(491, 21, 5),
(491, 22, 5),
(491, 23, 5),
(491, 24, 5),
(491, 25, 5),
(491, 26, 5),
(491, 27, 5),
(491, 28, 5),
(492, 10, 5),
(492, 11, 5),
(492, 12, 5),
(492, 13, 5),
(492, 14, 5),
(492, 15, 5),
(492, 16, 5),
(492, 17, 5),
(492, 18, 5),
(492, 19, 5),
(492, 20, 5),
(492, 21, 5),
(492, 22, 5),
(492, 23, 5),
(492, 24, 5),
(492, 25, 5),
(492, 26, 5),
(492, 27, 5),
(492, 28, 5),
(493, 10, 5),
(493, 11, 5),
(493, 12, 5),
(493, 13, 5),
(493, 14, 5),
(493, 15, 5),
(493, 16, 5),
(493, 17, 5),
(493, 18, 5),
(493, 19, 5),
(493, 20, 5),
(493, 21, 5),
(493, 22, 5),
(493, 23, 5),
(493, 24, 5),
(493, 25, 5),
(493, 26, 5),
(493, 27, 5),
(493, 28, 5),
(494, 10, 5),
(494, 11, 5),
(494, 12, 5),
(494, 13, 5),
(494, 14, 5),
(494, 15, 5),
(494, 16, 5),
(494, 17, 5),
(494, 18, 5),
(494, 19, 5),
(494, 20, 5),
(494, 21, 5),
(494, 22, 5),
(494, 23, 5),
(494, 24, 5),
(494, 25, 5),
(494, 26, 5),
(494, 27, 5),
(494, 28, 5),
(495, 10, 5),
(495, 11, 5),
(495, 12, 5),
(495, 13, 5),
(495, 14, 5),
(495, 15, 5),
(495, 16, 5),
(495, 17, 5),
(495, 18, 5),
(495, 19, 5),
(495, 20, 5),
(495, 21, 5),
(495, 22, 5),
(495, 23, 5),
(495, 24, 5),
(495, 25, 5),
(495, 26, 5),
(495, 27, 5),
(495, 28, 5),
(496, 10, 5),
(496, 11, 4),
(496, 12, 5),
(496, 13, 5),
(496, 14, 5),
(496, 15, 5),
(496, 16, 5),
(496, 17, 5),
(496, 18, 5),
(496, 19, 5),
(496, 20, 5),
(496, 21, 5),
(496, 22, 5),
(496, 23, 5),
(496, 24, 5),
(496, 25, 5),
(496, 26, 5),
(496, 27, 5),
(496, 28, 5),
(497, 10, 5),
(497, 11, 5),
(497, 12, 5),
(497, 13, 5),
(497, 14, 5),
(497, 15, 5),
(497, 16, 5),
(497, 17, 5),
(497, 18, 5),
(497, 19, 5),
(497, 20, 5),
(497, 21, 5),
(497, 22, 5),
(497, 23, 5),
(497, 24, 5),
(497, 25, 5),
(497, 26, 5),
(497, 27, 5),
(497, 28, 5),
(498, 10, 5),
(498, 11, 5),
(498, 12, 5),
(498, 13, 5),
(498, 14, 5),
(498, 15, 5),
(498, 16, 5),
(498, 17, 5),
(498, 18, 5),
(498, 19, 5),
(498, 20, 5),
(498, 21, 5),
(498, 22, 5),
(498, 23, 5),
(498, 24, 5),
(498, 25, 5),
(498, 26, 5),
(498, 27, 5),
(498, 28, 5),
(499, 10, 5),
(499, 11, 5),
(499, 12, 5),
(499, 13, 5),
(499, 14, 5),
(499, 15, 5),
(499, 16, 5),
(499, 17, 5),
(499, 18, 5),
(499, 19, 5),
(499, 20, 5),
(499, 21, 5),
(499, 22, 5),
(499, 23, 5),
(499, 24, 5),
(499, 25, 5),
(499, 26, 5),
(499, 27, 5),
(499, 28, 5),
(500, 10, 4),
(500, 11, 4),
(500, 12, 4),
(500, 13, 3),
(500, 14, 5),
(500, 15, 5),
(500, 16, 5),
(500, 17, 5),
(500, 18, 5),
(500, 19, 5),
(500, 20, 4),
(500, 21, 5),
(500, 22, 4),
(500, 23, 5),
(500, 24, 5),
(500, 25, 5),
(500, 26, 5),
(500, 27, 5),
(500, 28, 5),
(501, 10, 5),
(501, 11, 5),
(501, 12, 5),
(501, 13, 5),
(501, 14, 5),
(501, 15, 5),
(501, 16, 5),
(501, 17, 5),
(501, 18, 5),
(501, 19, 5),
(501, 20, 5),
(501, 21, 5),
(501, 22, 5),
(501, 23, 5),
(501, 24, 5),
(501, 25, 5),
(501, 26, 5),
(501, 27, 5),
(501, 28, 5),
(502, 10, 5),
(502, 11, 5),
(502, 12, 5),
(502, 13, 5),
(502, 14, 5),
(502, 15, 5),
(502, 16, 5),
(502, 17, 5),
(502, 18, 5),
(502, 19, 5),
(502, 20, 5),
(502, 21, 5),
(502, 22, 5),
(502, 23, 5),
(502, 24, 5),
(502, 25, 5),
(502, 26, 5),
(502, 27, 5),
(502, 28, 5),
(503, 10, 5),
(503, 11, 5),
(503, 12, 5),
(503, 13, 5),
(503, 14, 5),
(503, 15, 5),
(503, 16, 5),
(503, 17, 5),
(503, 18, 5),
(503, 19, 5),
(503, 20, 5),
(503, 21, 5),
(503, 22, 5),
(503, 23, 5),
(503, 24, 5),
(503, 25, 5),
(503, 26, 5),
(503, 27, 5),
(503, 28, 5),
(504, 10, 4),
(504, 11, 4),
(504, 12, 5),
(504, 13, 5),
(504, 14, 4),
(504, 15, 4),
(504, 16, 5),
(504, 17, 4),
(504, 18, 5),
(504, 19, 4),
(504, 20, 4),
(504, 21, 4),
(504, 22, 5),
(504, 23, 4),
(504, 24, 5),
(504, 25, 5),
(504, 26, 5),
(504, 27, 5),
(504, 28, 5),
(505, 10, 5),
(505, 11, 5),
(505, 12, 5),
(505, 13, 5),
(505, 14, 5),
(505, 15, 5),
(505, 16, 5),
(505, 17, 5),
(505, 18, 5),
(505, 19, 5),
(505, 20, 5),
(505, 21, 5),
(505, 22, 5),
(505, 23, 5),
(505, 24, 5),
(505, 25, 5),
(505, 26, 5),
(505, 27, 5),
(505, 28, 5),
(506, 10, 5),
(506, 11, 5),
(506, 12, 5),
(506, 13, 5),
(506, 14, 5),
(506, 15, 5),
(506, 16, 5),
(506, 17, 5),
(506, 18, 5),
(506, 19, 5),
(506, 20, 5),
(506, 21, 5),
(506, 22, 5),
(506, 23, 5),
(506, 24, 5),
(506, 25, 5),
(506, 26, 5),
(506, 27, 5),
(506, 28, 5),
(507, 10, 5),
(507, 11, 5),
(507, 12, 5),
(507, 13, 5),
(507, 14, 4),
(507, 15, 4),
(507, 16, 4),
(507, 17, 5),
(507, 18, 5),
(507, 19, 5),
(507, 20, 5),
(507, 21, 5),
(507, 22, 5),
(507, 23, 5),
(507, 24, 5),
(507, 25, 5),
(507, 26, 5),
(507, 27, 5),
(507, 28, 5),
(508, 10, 5),
(508, 11, 5),
(508, 12, 4),
(508, 13, 5),
(508, 14, 4),
(508, 15, 4),
(508, 16, 5),
(508, 17, 5),
(508, 18, 5),
(508, 19, 5),
(508, 20, 4),
(508, 21, 5),
(508, 22, 5),
(508, 23, 4),
(508, 24, 4),
(508, 25, 5),
(508, 26, 4),
(508, 27, 4),
(508, 28, 5),
(509, 10, 5),
(509, 11, 5),
(509, 12, 5),
(509, 13, 5),
(509, 14, 5),
(509, 15, 5),
(509, 16, 5),
(509, 17, 5),
(509, 18, 5),
(509, 19, 5),
(509, 20, 5),
(509, 21, 5),
(509, 22, 5),
(509, 23, 5),
(509, 24, 5),
(509, 25, 5),
(509, 26, 5),
(509, 27, 5),
(509, 28, 4),
(510, 10, 5),
(510, 11, 5),
(510, 12, 5),
(510, 13, 5),
(510, 14, 5),
(510, 15, 5),
(510, 16, 5),
(510, 17, 5),
(510, 18, 5),
(510, 19, 5),
(510, 20, 5),
(510, 21, 5),
(510, 22, 5),
(510, 23, 5),
(510, 24, 5),
(510, 25, 5),
(510, 26, 5),
(510, 27, 5),
(510, 28, 5),
(511, 10, 5),
(511, 11, 5),
(511, 12, 5),
(511, 13, 5),
(511, 14, 5),
(511, 15, 5),
(511, 16, 5),
(511, 17, 5),
(511, 18, 5),
(511, 19, 5),
(511, 20, 5),
(511, 21, 5),
(511, 22, 5),
(511, 23, 5),
(511, 24, 5),
(511, 25, 5),
(511, 26, 5),
(511, 27, 5),
(511, 28, 5),
(512, 10, 5),
(512, 11, 5),
(512, 12, 5),
(512, 13, 5),
(512, 14, 5),
(512, 15, 5),
(512, 16, 5),
(512, 17, 5),
(512, 18, 5),
(512, 19, 5),
(512, 20, 5),
(512, 21, 5),
(512, 22, 5),
(512, 23, 5),
(512, 24, 5),
(512, 25, 5),
(512, 26, 5),
(512, 27, 5),
(512, 28, 5),
(513, 10, 5),
(513, 11, 5),
(513, 12, 5),
(513, 13, 5),
(513, 14, 5),
(513, 15, 5),
(513, 16, 5),
(513, 17, 5),
(513, 18, 5),
(513, 19, 5),
(513, 20, 5),
(513, 21, 5),
(513, 22, 5),
(513, 23, 5),
(513, 24, 5),
(513, 25, 5),
(513, 26, 5),
(513, 27, 5),
(513, 28, 5),
(514, 10, 5),
(514, 11, 5),
(514, 12, 5),
(514, 13, 5),
(514, 14, 5),
(514, 15, 5),
(514, 16, 5),
(514, 17, 5),
(514, 18, 5),
(514, 19, 5),
(514, 20, 5),
(514, 21, 5),
(514, 22, 5),
(514, 23, 5),
(514, 24, 5),
(514, 25, 5),
(514, 26, 5),
(514, 27, 5),
(514, 28, 5),
(515, 10, 5),
(515, 11, 5),
(515, 12, 5),
(515, 13, 5),
(515, 14, 5),
(515, 15, 5),
(515, 16, 5),
(515, 17, 5),
(515, 18, 5),
(515, 19, 5),
(515, 20, 5),
(515, 21, 5),
(515, 22, 5),
(515, 23, 5),
(515, 24, 5),
(515, 25, 5),
(515, 26, 5),
(515, 27, 5),
(515, 28, 5),
(516, 10, 5),
(516, 11, 5),
(516, 12, 5),
(516, 13, 5),
(516, 14, 5),
(516, 15, 5),
(516, 16, 5),
(516, 17, 5),
(516, 18, 5),
(516, 19, 5),
(516, 20, 5),
(516, 21, 5),
(516, 22, 5),
(516, 23, 5),
(516, 24, 5),
(516, 25, 5),
(516, 26, 5),
(516, 27, 5),
(516, 28, 5),
(517, 10, 5),
(517, 11, 5),
(517, 12, 5),
(517, 13, 5),
(517, 14, 5),
(517, 15, 5),
(517, 16, 5),
(517, 17, 5),
(517, 18, 5),
(517, 19, 5),
(517, 20, 5),
(517, 21, 5),
(517, 22, 5),
(517, 23, 5),
(517, 24, 5),
(517, 25, 5),
(517, 26, 5),
(517, 27, 5),
(517, 28, 5),
(518, 10, 5),
(518, 11, 5),
(518, 12, 5),
(518, 13, 5),
(518, 14, 5),
(518, 15, 5),
(518, 16, 5),
(518, 17, 5),
(518, 18, 5),
(518, 19, 5),
(518, 20, 5),
(518, 21, 5),
(518, 22, 5),
(518, 23, 5),
(518, 24, 5),
(518, 25, 5),
(518, 26, 5),
(518, 27, 5),
(518, 28, 5),
(519, 10, 5),
(519, 11, 4),
(519, 12, 4),
(519, 13, 4),
(519, 14, 4),
(519, 15, 5),
(519, 16, 5),
(519, 17, 4),
(519, 18, 4),
(519, 19, 5),
(519, 20, 5),
(519, 21, 4),
(519, 22, 4),
(519, 23, 4),
(519, 24, 4),
(519, 25, 4),
(519, 26, 4),
(519, 27, 4),
(519, 28, 4),
(520, 10, 5),
(520, 11, 5),
(520, 12, 5),
(520, 13, 5),
(520, 14, 5),
(520, 15, 5),
(520, 16, 5),
(520, 17, 5),
(520, 18, 5),
(520, 19, 5),
(520, 20, 5),
(520, 21, 5),
(520, 22, 5),
(520, 23, 5),
(520, 24, 5),
(520, 25, 5),
(520, 26, 5),
(520, 27, 5),
(520, 28, 5),
(521, 10, 5),
(521, 11, 5),
(521, 12, 4),
(521, 13, 5),
(521, 14, 5),
(521, 15, 4),
(521, 16, 5),
(521, 17, 5),
(521, 18, 5),
(521, 19, 5),
(521, 20, 5),
(521, 21, 5),
(521, 22, 5),
(521, 23, 5),
(521, 24, 5),
(521, 25, 5),
(521, 26, 5),
(521, 27, 5),
(521, 28, 5),
(522, 10, 5),
(522, 11, 5),
(522, 12, 5),
(522, 13, 5),
(522, 14, 5),
(522, 15, 5),
(522, 16, 5),
(522, 17, 5),
(522, 18, 5),
(522, 19, 5),
(522, 20, 5),
(522, 21, 5),
(522, 22, 5),
(522, 23, 5),
(522, 24, 5),
(522, 25, 5),
(522, 26, 5),
(522, 27, 5),
(522, 28, 5),
(523, 10, 5),
(523, 11, 5),
(523, 12, 5),
(523, 13, 5),
(523, 14, 5),
(523, 15, 5),
(523, 16, 5),
(523, 17, 5),
(523, 18, 5),
(523, 19, 5),
(523, 20, 5),
(523, 21, 5),
(523, 22, 5),
(523, 23, 5),
(523, 24, 5),
(523, 25, 5),
(523, 26, 5),
(523, 27, 5),
(523, 28, 5),
(524, 10, 5),
(524, 11, 5),
(524, 12, 5),
(524, 13, 5),
(524, 14, 5),
(524, 15, 5),
(524, 16, 5),
(524, 17, 5),
(524, 18, 5),
(524, 19, 5),
(524, 20, 5),
(524, 21, 5),
(524, 22, 5),
(524, 23, 5),
(524, 24, 5),
(524, 25, 5),
(524, 26, 5),
(524, 27, 5),
(524, 28, 5);

-- --------------------------------------------------------

--
-- Table structure for table `evaluation_list`
--

CREATE TABLE `evaluation_list` (
  `evaluation_id` int(30) NOT NULL,
  `academic_id` int(30) NOT NULL,
  `class_id` int(30) NOT NULL,
  `student_id` int(30) NOT NULL,
  `subject_id` int(30) NOT NULL,
  `faculty_id` int(30) NOT NULL,
  `restriction_id` int(30) NOT NULL,
  `feedback_id` int(11) DEFAULT NULL,
  `date_taken` datetime NOT NULL DEFAULT current_timestamp()
) ENGINE=InnoDB DEFAULT CHARSET=utf8mb4 COLLATE=utf8mb4_general_ci;

--
-- Dumping data for table `evaluation_list`
--

INSERT INTO `evaluation_list` (`evaluation_id`, `academic_id`, `class_id`, `student_id`, `subject_id`, `faculty_id`, `restriction_id`, `feedback_id`, `date_taken`) VALUES
(1, 3, 1, 1, 1, 1, 8, 0, '2020-12-15 16:26:51'),
(2, 3, 2, 2, 2, 1, 9, 0, '2020-12-15 16:33:37'),
(3, 3, 1, 3, 1, 1, 8, 0, '2020-12-15 20:18:49'),
(4, 5, 1, 4, 2, 1, 11, 1, '2025-08-07 19:35:25'),
(5, 5, 1, 1, 2, 1, 11, 2, '2025-08-07 19:37:41'),
(6, 5, 1, 3, 2, 1, 11, 3, '2025-08-07 19:40:14'),
(7, 5, 1, 1, 2, 19, 12, 4, '2025-09-15 05:20:40'),
(8, 5, 1, 1, 3, 32, 13, 5, '2025-09-15 05:37:57'),
(9, 5, 1, 1, 8, 20, 24, 6, '2025-09-15 05:39:02'),
(10, 5, 1, 87, 2, 19, 12, 7, '2025-11-14 19:24:37'),
(11, 5, 1, 87, 1, 22, 14, 8, '2025-11-14 19:26:44'),
(12, 5, 1, 89, 1, 22, 14, 9, '2025-11-14 19:34:03'),
(13, 5, 5, 90, 1, 38, 29, 10, '2026-01-29 22:46:39'),
(14, 5, 36, 91, 36, 25, 48, 11, '2026-02-02 01:29:41'),
(15, 5, 30, 549, 49, 8, 201, 12, '2026-02-02 09:38:02'),
(16, 5, 30, 555, 80, 24, 202, 13, '2026-02-02 09:38:47'),
(17, 5, 30, 539, 81, 45, 203, 14, '2026-02-02 09:38:48'),
(18, 5, 30, 549, 80, 24, 202, 15, '2026-02-02 09:39:29'),
(19, 5, 30, 555, 49, 8, 201, 16, '2026-02-02 09:39:52'),
(20, 5, 30, 561, 49, 8, 201, 17, '2026-02-02 09:39:53'),
(21, 5, 30, 549, 81, 45, 203, 18, '2026-02-02 09:40:02'),
(22, 5, 30, 533, 49, 8, 201, 19, '2026-02-02 09:40:35'),
(23, 5, 30, 561, 80, 24, 202, 20, '2026-02-02 09:40:38'),
(24, 5, 30, 537, 49, 8, 201, 21, '2026-02-02 09:40:41'),
(25, 5, 30, 549, 82, 4, 204, 22, '2026-02-02 09:40:59'),
(26, 5, 30, 539, 49, 8, 201, 23, '2026-02-02 09:41:02'),
(27, 5, 30, 555, 81, 45, 203, 24, '2026-02-02 09:41:10'),
(28, 5, 30, 561, 81, 45, 203, 25, '2026-02-02 09:41:27'),
(29, 5, 30, 549, 83, 5, 205, 26, '2026-02-02 09:41:33'),
(30, 5, 30, 539, 83, 5, 205, 27, '2026-02-02 09:41:41'),
(31, 5, 30, 537, 81, 45, 203, 28, '2026-02-02 09:41:48'),
(32, 5, 30, 537, 80, 24, 202, 29, '2026-02-02 09:42:05'),
(33, 5, 30, 549, 84, 45, 206, 30, '2026-02-02 09:42:06'),
(34, 5, 30, 533, 80, 24, 202, 31, '2026-02-02 09:42:13'),
(35, 5, 30, 539, 80, 24, 202, 32, '2026-02-02 09:42:19'),
(36, 5, 30, 555, 82, 4, 204, 33, '2026-02-02 09:42:36'),
(37, 5, 30, 561, 82, 4, 204, 34, '2026-02-02 09:42:43'),
(38, 5, 30, 533, 81, 45, 203, 35, '2026-02-02 09:42:46'),
(39, 5, 30, 537, 82, 4, 204, 36, '2026-02-02 09:42:53'),
(40, 5, 30, 555, 83, 5, 205, 37, '2026-02-02 09:43:14'),
(41, 5, 30, 561, 83, 5, 205, 38, '2026-02-02 09:43:21'),
(42, 5, 30, 539, 84, 45, 206, 39, '2026-02-02 09:43:53'),
(43, 5, 30, 561, 84, 45, 206, 40, '2026-02-02 09:44:01'),
(44, 5, 30, 555, 84, 45, 206, 41, '2026-02-02 09:44:06'),
(45, 5, 30, 537, 83, 5, 205, 42, '2026-02-02 09:44:13'),
(46, 5, 30, 537, 84, 45, 206, 43, '2026-02-02 09:44:18'),
(47, 5, 30, 533, 82, 4, 204, 44, '2026-02-02 09:44:40'),
(48, 5, 30, 533, 84, 45, 206, 45, '2026-02-02 09:44:54'),
(49, 5, 30, 539, 82, 4, 204, 46, '2026-02-02 09:45:12'),
(50, 5, 30, 533, 83, 5, 205, 47, '2026-02-02 09:45:14'),
(51, 5, 29, 441, 60, 37, 232, 48, '2026-02-02 10:42:49'),
(52, 5, 29, 441, 96, 31, 231, 49, '2026-02-02 10:43:01'),
(53, 5, 29, 441, 97, 22, 233, 50, '2026-02-02 10:43:13'),
(54, 5, 29, 441, 98, 2, 234, 51, '2026-02-02 10:43:29'),
(55, 5, 29, 441, 100, 8, 235, 52, '2026-02-02 10:43:39'),
(56, 5, 29, 441, 101, 43, 236, 53, '2026-02-02 10:43:50'),
(57, 5, 29, 424, 100, 8, 235, 54, '2026-02-02 10:44:15'),
(58, 5, 29, 436, 96, 31, 231, 55, '2026-02-02 10:44:23'),
(59, 5, 29, 431, 96, 31, 231, 56, '2026-02-02 10:44:31'),
(60, 5, 29, 424, 98, 2, 234, 57, '2026-02-02 10:44:58'),
(61, 5, 29, 436, 60, 37, 232, 58, '2026-02-02 10:45:03'),
(62, 5, 29, 446, 98, 2, 234, 59, '2026-02-02 10:45:03'),
(63, 5, 29, 426, 98, 2, 234, 60, '2026-02-02 10:45:07'),
(64, 5, 29, 427, 96, 31, 231, 61, '2026-02-02 10:45:13'),
(65, 5, 29, 424, 96, 31, 231, 62, '2026-02-02 10:45:25'),
(66, 5, 29, 424, 97, 22, 233, 63, '2026-02-02 10:45:31'),
(67, 5, 29, 427, 97, 22, 233, 64, '2026-02-02 10:45:43'),
(68, 5, 29, 424, 101, 43, 236, 65, '2026-02-02 10:45:46'),
(69, 5, 29, 424, 60, 37, 232, 66, '2026-02-02 10:46:01'),
(70, 5, 29, 431, 97, 22, 233, 67, '2026-02-02 10:46:03'),
(71, 5, 29, 435, 96, 31, 231, 68, '2026-02-02 10:46:03'),
(72, 5, 29, 431, 100, 8, 235, 69, '2026-02-02 10:46:09'),
(73, 5, 29, 435, 60, 37, 232, 70, '2026-02-02 10:46:12'),
(74, 5, 29, 431, 101, 43, 236, 71, '2026-02-02 10:46:15'),
(75, 5, 29, 435, 97, 22, 233, 72, '2026-02-02 10:46:17'),
(76, 5, 29, 436, 97, 22, 233, 73, '2026-02-02 10:46:20'),
(77, 5, 29, 435, 98, 2, 234, 74, '2026-02-02 10:46:23'),
(78, 5, 29, 431, 60, 37, 232, 75, '2026-02-02 10:46:23'),
(79, 5, 29, 431, 98, 2, 234, 76, '2026-02-02 10:46:28'),
(80, 5, 29, 435, 100, 8, 235, 77, '2026-02-02 10:46:28'),
(81, 5, 29, 435, 101, 43, 236, 78, '2026-02-02 10:46:34'),
(82, 5, 29, 436, 98, 2, 234, 79, '2026-02-02 10:46:49'),
(83, 5, 29, 454, 96, 31, 231, 80, '2026-02-02 10:46:58'),
(84, 5, 29, 446, 96, 31, 231, 81, '2026-02-02 10:47:05'),
(85, 5, 29, 436, 100, 8, 235, 82, '2026-02-02 10:47:05'),
(86, 5, 29, 436, 101, 43, 236, 83, '2026-02-02 10:47:19'),
(87, 5, 29, 446, 60, 37, 232, 84, '2026-02-02 10:47:37'),
(88, 5, 29, 449, 60, 37, 232, 85, '2026-02-02 10:47:40'),
(89, 5, 29, 449, 96, 31, 231, 86, '2026-02-02 10:47:44'),
(90, 5, 29, 446, 97, 22, 233, 87, '2026-02-02 10:47:58'),
(91, 5, 29, 449, 98, 2, 234, 88, '2026-02-02 10:47:59'),
(92, 5, 29, 449, 98, 2, 234, 89, '2026-02-02 10:48:02'),
(93, 5, 29, 449, 101, 43, 236, 90, '2026-02-02 10:48:05'),
(94, 5, 29, 426, 100, 8, 235, 91, '2026-02-02 10:48:06'),
(95, 5, 29, 427, 98, 2, 234, 92, '2026-02-02 10:48:07'),
(96, 5, 29, 449, 100, 8, 235, 93, '2026-02-02 10:48:09'),
(97, 5, 29, 449, 97, 22, 233, 94, '2026-02-02 10:48:12'),
(98, 5, 29, 446, 100, 8, 235, 95, '2026-02-02 10:48:15'),
(99, 5, 29, 427, 101, 43, 236, 96, '2026-02-02 10:48:16'),
(100, 5, 29, 449, 97, 22, 233, 97, '2026-02-02 10:48:25'),
(101, 5, 29, 427, 100, 8, 235, 98, '2026-02-02 10:48:26'),
(102, 5, 29, 454, 97, 22, 233, 99, '2026-02-02 10:48:31'),
(103, 5, 29, 446, 101, 43, 236, 100, '2026-02-02 10:48:36'),
(104, 5, 29, 448, 60, 37, 232, 101, '2026-02-02 10:48:44'),
(105, 5, 29, 454, 98, 2, 234, 102, '2026-02-02 10:48:48'),
(106, 5, 29, 448, 96, 31, 231, 103, '2026-02-02 10:48:51'),
(107, 5, 29, 426, 101, 43, 236, 104, '2026-02-02 10:48:51'),
(108, 5, 29, 448, 98, 2, 234, 105, '2026-02-02 10:48:57'),
(109, 5, 29, 448, 100, 8, 235, 106, '2026-02-02 10:49:01'),
(110, 5, 29, 448, 101, 43, 236, 107, '2026-02-02 10:49:06'),
(111, 5, 29, 448, 97, 22, 233, 108, '2026-02-02 10:49:11'),
(112, 5, 29, 454, 100, 8, 235, 109, '2026-02-02 10:49:15'),
(113, 5, 29, 448, 97, 22, 233, 110, '2026-02-02 10:49:16'),
(114, 5, 29, 454, 60, 37, 232, 111, '2026-02-02 10:49:22'),
(115, 5, 29, 448, 97, 22, 233, 112, '2026-02-02 10:49:25'),
(116, 5, 29, 426, 96, 31, 231, 113, '2026-02-02 10:49:27'),
(117, 5, 29, 448, 97, 22, 233, 114, '2026-02-02 10:49:28'),
(118, 5, 29, 426, 60, 37, 232, 115, '2026-02-02 10:49:31'),
(119, 5, 29, 448, 97, 22, 233, 116, '2026-02-02 10:49:31'),
(120, 5, 29, 454, 101, 43, 236, 117, '2026-02-02 10:49:36'),
(121, 5, 29, 426, 97, 22, 233, 118, '2026-02-02 10:49:37'),
(122, 5, 29, 448, 97, 22, 233, 119, '2026-02-02 10:49:39'),
(123, 5, 29, 448, 97, 22, 233, 120, '2026-02-02 10:49:42'),
(124, 5, 29, 454, 101, 43, 236, 121, '2026-02-02 10:49:44'),
(125, 5, 29, 426, 97, 22, 233, 122, '2026-02-02 10:49:44'),
(126, 5, 29, 427, 100, 8, 235, 123, '2026-02-02 10:49:54'),
(127, 5, 29, 448, 97, 22, 233, 124, '2026-02-02 10:49:56'),
(128, 5, 29, 427, 60, 37, 232, 125, '2026-02-02 10:50:17'),
(129, 5, 29, 427, 60, 37, 232, 126, '2026-02-02 10:50:24'),
(130, 5, 29, 439, 60, 37, 232, 127, '2026-02-02 10:50:59'),
(131, 5, 29, 439, 101, 43, 236, 128, '2026-02-02 10:51:33'),
(132, 5, 24, 182, 88, 26, 213, 129, '2026-02-02 12:11:02'),
(133, 5, 24, 185, 67, 44, 210, 130, '2026-02-02 12:11:18'),
(134, 5, 24, 208, 67, 44, 210, 131, '2026-02-02 12:11:18'),
(135, 5, 24, 223, 86, 31, 211, 132, '2026-02-02 12:11:42'),
(136, 5, 24, 202, 88, 26, 213, 133, '2026-02-02 12:12:44'),
(137, 5, 24, 202, 88, 26, 213, 134, '2026-02-02 12:12:59'),
(138, 5, 24, 202, 88, 26, 213, 135, '2026-02-02 12:13:03'),
(139, 5, 24, 202, 88, 26, 213, 136, '2026-02-02 12:13:06'),
(140, 5, 24, 202, 88, 26, 213, 137, '2026-02-02 12:13:09'),
(141, 5, 24, 202, 88, 26, 213, 138, '2026-02-02 12:13:13'),
(142, 5, 24, 202, 88, 26, 213, 139, '2026-02-02 12:13:16'),
(143, 5, 24, 202, 88, 26, 213, 140, '2026-02-02 12:13:19'),
(144, 5, 24, 215, 85, 29, 209, 141, '2026-02-02 12:13:41'),
(145, 5, 24, 202, 65, 23, 207, 142, '2026-02-02 12:13:42'),
(146, 5, 24, 202, 66, 39, 208, 143, '2026-02-02 12:13:47'),
(147, 5, 24, 202, 85, 29, 209, 144, '2026-02-02 12:13:51'),
(148, 5, 24, 202, 67, 44, 210, 145, '2026-02-02 12:13:55'),
(149, 5, 24, 202, 86, 31, 211, 146, '2026-02-02 12:13:59'),
(150, 5, 24, 202, 87, 3, 212, 147, '2026-02-02 12:14:04'),
(151, 5, 24, 202, 87, 3, 212, 148, '2026-02-02 12:14:25'),
(152, 5, 24, 190, 65, 23, 207, 149, '2026-02-02 12:15:25'),
(153, 5, 24, 190, 66, 39, 208, 150, '2026-02-02 12:15:33'),
(154, 5, 24, 190, 85, 29, 209, 151, '2026-02-02 12:15:38'),
(155, 5, 24, 190, 67, 44, 210, 152, '2026-02-02 12:15:42'),
(156, 5, 24, 190, 86, 31, 211, 153, '2026-02-02 12:15:46'),
(157, 5, 24, 190, 87, 3, 212, 154, '2026-02-02 12:16:20'),
(158, 5, 24, 190, 88, 26, 213, 155, '2026-02-02 12:16:24'),
(159, 5, 24, 198, 65, 23, 207, 156, '2026-02-02 12:16:34'),
(160, 5, 24, 198, 86, 31, 211, 157, '2026-02-02 12:17:02'),
(161, 5, 24, 218, 86, 31, 211, 158, '2026-02-02 12:17:05'),
(162, 5, 24, 198, 87, 3, 212, 159, '2026-02-02 12:17:13'),
(163, 5, 24, 218, 65, 23, 207, 160, '2026-02-02 12:17:22'),
(164, 5, 24, 198, 88, 26, 213, 161, '2026-02-02 12:17:23'),
(165, 5, 24, 198, 67, 44, 210, 162, '2026-02-02 12:17:28'),
(166, 5, 24, 198, 85, 29, 209, 163, '2026-02-02 12:17:33'),
(167, 5, 24, 198, 66, 39, 208, 164, '2026-02-02 12:17:46'),
(168, 5, 24, 198, 66, 39, 208, 165, '2026-02-02 12:18:09'),
(169, 5, 24, 198, 66, 39, 208, 166, '2026-02-02 12:18:19'),
(170, 5, 24, 198, 66, 39, 208, 167, '2026-02-02 12:18:28'),
(171, 5, 24, 188, 65, 23, 207, 168, '2026-02-02 12:18:30'),
(172, 5, 24, 198, 66, 39, 208, 169, '2026-02-02 12:18:36'),
(173, 5, 24, 203, 65, 23, 207, 170, '2026-02-02 12:22:01'),
(174, 5, 24, 203, 66, 39, 208, 171, '2026-02-02 12:22:12'),
(175, 5, 24, 203, 85, 29, 209, 172, '2026-02-02 12:22:18'),
(176, 5, 24, 203, 67, 44, 210, 173, '2026-02-02 12:22:31'),
(177, 5, 24, 203, 86, 31, 211, 174, '2026-02-02 12:22:46'),
(178, 5, 24, 203, 87, 3, 212, 175, '2026-02-02 12:22:51'),
(179, 5, 24, 205, 65, 23, 207, 176, '2026-02-02 12:23:07'),
(180, 5, 24, 178, 65, 23, 207, 177, '2026-02-02 12:26:30'),
(181, 5, 24, 219, 66, 39, 208, 178, '2026-02-02 12:28:29'),
(182, 5, 24, 219, 66, 39, 208, 179, '2026-02-02 12:28:40'),
(183, 5, 24, 219, 66, 39, 208, 180, '2026-02-02 12:28:44'),
(184, 5, 24, 219, 66, 39, 208, 181, '2026-02-02 12:28:47'),
(185, 5, 24, 219, 66, 39, 208, 182, '2026-02-02 12:28:51'),
(186, 5, 24, 219, 66, 39, 208, 183, '2026-02-02 12:28:54'),
(187, 5, 24, 219, 66, 39, 208, 184, '2026-02-02 12:28:57'),
(188, 5, 24, 219, 66, 39, 208, 185, '2026-02-02 12:29:00'),
(189, 5, 24, 219, 66, 39, 208, 186, '2026-02-02 12:29:10'),
(190, 5, 24, 221, 88, 26, 213, 187, '2026-02-02 12:29:15'),
(191, 5, 24, 219, 66, 39, 208, 188, '2026-02-02 12:29:23'),
(192, 5, 24, 219, 66, 39, 208, 189, '2026-02-02 12:29:27'),
(193, 5, 24, 219, 66, 39, 208, 190, '2026-02-02 12:29:37'),
(194, 5, 24, 176, 65, 23, 207, 191, '2026-02-02 12:31:14'),
(195, 5, 24, 176, 66, 39, 208, 192, '2026-02-02 12:31:20'),
(196, 5, 24, 176, 85, 29, 209, 193, '2026-02-02 12:31:24'),
(197, 5, 24, 176, 67, 44, 210, 194, '2026-02-02 12:31:28'),
(198, 5, 24, 176, 86, 31, 211, 195, '2026-02-02 12:31:34'),
(199, 5, 24, 176, 87, 3, 212, 196, '2026-02-02 12:31:39'),
(200, 5, 24, 176, 88, 26, 213, 197, '2026-02-02 12:31:43'),
(201, 5, 24, 176, 88, 26, 213, 198, '2026-02-02 12:31:47'),
(202, 5, 24, 186, 65, 23, 207, 199, '2026-02-02 12:32:16'),
(203, 5, 24, 192, 65, 23, 207, 200, '2026-02-02 12:33:17'),
(204, 5, 24, 200, 65, 23, 207, 201, '2026-02-02 12:33:22'),
(205, 5, 24, 213, 65, 23, 207, 202, '2026-02-02 12:34:05'),
(206, 5, 24, 200, 66, 39, 208, 203, '2026-02-02 12:34:13'),
(207, 5, 24, 200, 85, 29, 209, 204, '2026-02-02 12:34:17'),
(208, 5, 24, 200, 67, 44, 210, 205, '2026-02-02 12:34:21'),
(209, 5, 24, 200, 86, 31, 211, 206, '2026-02-02 12:34:25'),
(210, 5, 24, 200, 87, 3, 212, 207, '2026-02-02 12:34:29'),
(211, 5, 24, 195, 65, 23, 207, 208, '2026-02-02 12:34:30'),
(212, 5, 24, 200, 88, 26, 213, 209, '2026-02-02 12:34:33'),
(213, 5, 24, 221, 65, 23, 207, 210, '2026-02-02 12:34:37'),
(214, 5, 24, 213, 66, 39, 208, 211, '2026-02-02 12:34:37'),
(215, 5, 24, 221, 66, 39, 208, 212, '2026-02-02 12:34:41'),
(216, 5, 24, 213, 85, 29, 209, 213, '2026-02-02 12:34:44'),
(217, 5, 24, 221, 85, 29, 209, 214, '2026-02-02 12:34:45'),
(218, 5, 24, 213, 67, 44, 210, 215, '2026-02-02 12:34:49'),
(219, 5, 24, 221, 67, 44, 210, 216, '2026-02-02 12:34:49'),
(220, 5, 24, 221, 86, 31, 211, 217, '2026-02-02 12:34:53'),
(221, 5, 24, 213, 86, 31, 211, 218, '2026-02-02 12:34:54'),
(222, 5, 24, 221, 87, 3, 212, 219, '2026-02-02 12:34:57'),
(223, 5, 24, 213, 87, 3, 212, 220, '2026-02-02 12:34:59'),
(224, 5, 24, 221, 87, 3, 212, 221, '2026-02-02 12:35:02'),
(225, 5, 24, 213, 88, 26, 213, 222, '2026-02-02 12:35:04'),
(226, 5, 24, 213, 88, 26, 213, 223, '2026-02-02 12:35:09'),
(227, 5, 24, 196, 85, 29, 209, 224, '2026-02-02 12:35:54'),
(228, 5, 24, 207, 65, 23, 207, 225, '2026-02-02 12:36:55'),
(229, 5, 4, 38, 2, 19, 193, 226, '2026-02-02 14:37:45'),
(230, 5, 4, 49, 5, 18, 197, 227, '2026-02-02 14:38:08'),
(231, 5, 4, 38, 3, 32, 194, 228, '2026-02-02 14:38:13'),
(232, 5, 4, 38, 5, 18, 197, 229, '2026-02-02 14:38:59'),
(233, 5, 4, 38, 4, 25, 196, 230, '2026-02-02 14:39:04'),
(234, 5, 4, 38, 8, 20, 199, 231, '2026-02-02 14:39:12'),
(235, 5, 4, 38, 7, 35, 200, 232, '2026-02-02 14:39:22'),
(236, 5, 4, 38, 6, 5, 198, 233, '2026-02-02 14:39:27'),
(237, 5, 4, 38, 1, 22, 195, 234, '2026-02-02 14:39:39'),
(238, 5, 4, 49, 4, 25, 196, 235, '2026-02-02 14:39:47'),
(239, 5, 4, 49, 1, 22, 195, 236, '2026-02-02 14:41:09'),
(240, 5, 4, 29, 7, 35, 200, 237, '2026-02-02 14:41:19'),
(241, 5, 4, 29, 7, 35, 200, 238, '2026-02-02 14:41:31'),
(242, 5, 4, 29, 8, 20, 199, 239, '2026-02-02 14:41:43'),
(243, 5, 4, 29, 5, 18, 197, 240, '2026-02-02 14:41:54'),
(244, 5, 4, 35, 7, 35, 200, 241, '2026-02-02 14:42:11'),
(245, 5, 4, 49, 6, 5, 198, 242, '2026-02-02 14:42:54'),
(246, 5, 4, 35, 2, 19, 193, 243, '2026-02-02 14:43:09'),
(247, 5, 4, 49, 8, 20, 199, 244, '2026-02-02 14:43:23'),
(248, 5, 4, 35, 3, 32, 194, 245, '2026-02-02 14:43:43'),
(249, 5, 4, 35, 1, 22, 195, 246, '2026-02-02 14:44:18'),
(250, 5, 4, 54, 1, 22, 195, 247, '2026-02-02 14:44:20'),
(251, 5, 4, 54, 4, 25, 196, 248, '2026-02-02 14:44:25'),
(252, 5, 4, 54, 5, 18, 197, 249, '2026-02-02 14:44:32'),
(253, 5, 4, 54, 6, 5, 198, 250, '2026-02-02 14:44:36'),
(254, 5, 4, 54, 8, 20, 199, 251, '2026-02-02 14:44:41'),
(255, 5, 4, 35, 4, 25, 196, 252, '2026-02-02 14:44:46'),
(256, 5, 4, 59, 1, 22, 195, 253, '2026-02-02 14:45:00'),
(257, 5, 4, 35, 5, 18, 197, 254, '2026-02-02 14:45:15'),
(258, 5, 4, 54, 2, 19, 193, 255, '2026-02-02 14:45:15'),
(259, 5, 4, 54, 3, 32, 194, 256, '2026-02-02 14:45:20'),
(260, 5, 4, 59, 4, 25, 196, 257, '2026-02-02 14:45:22'),
(261, 5, 4, 58, 5, 18, 197, 258, '2026-02-02 14:45:24'),
(262, 5, 4, 54, 7, 35, 200, 259, '2026-02-02 14:45:24'),
(263, 5, 4, 54, 7, 35, 200, 260, '2026-02-02 14:45:30'),
(264, 5, 4, 54, 7, 35, 200, 261, '2026-02-02 14:45:39'),
(265, 5, 4, 54, 7, 35, 200, 262, '2026-02-02 14:45:43'),
(266, 5, 4, 35, 6, 5, 198, 263, '2026-02-02 14:45:46'),
(267, 5, 4, 54, 7, 35, 200, 264, '2026-02-02 14:45:47'),
(268, 5, 4, 54, 7, 35, 200, 265, '2026-02-02 14:45:50'),
(269, 5, 4, 59, 5, 18, 197, 266, '2026-02-02 14:45:52'),
(270, 5, 4, 54, 7, 35, 200, 267, '2026-02-02 14:45:53'),
(271, 5, 4, 58, 6, 5, 198, 268, '2026-02-02 14:45:55'),
(272, 5, 4, 54, 7, 35, 200, 269, '2026-02-02 14:45:56'),
(273, 5, 4, 54, 7, 35, 200, 270, '2026-02-02 14:46:00'),
(274, 5, 4, 54, 7, 35, 200, 271, '2026-02-02 14:46:03'),
(275, 5, 4, 54, 7, 35, 200, 272, '2026-02-02 14:46:06'),
(276, 5, 4, 58, 1, 22, 195, 273, '2026-02-02 14:46:09'),
(277, 5, 4, 54, 7, 35, 200, 274, '2026-02-02 14:46:10'),
(278, 5, 4, 54, 7, 35, 200, 275, '2026-02-02 14:46:13'),
(279, 5, 4, 58, 4, 25, 196, 276, '2026-02-02 14:46:15'),
(280, 5, 4, 54, 7, 35, 200, 277, '2026-02-02 14:46:16'),
(281, 5, 4, 35, 8, 20, 199, 278, '2026-02-02 14:46:17'),
(282, 5, 4, 54, 7, 35, 200, 279, '2026-02-02 14:46:20'),
(283, 5, 4, 58, 8, 20, 199, 280, '2026-02-02 14:46:20'),
(284, 5, 4, 54, 7, 35, 200, 281, '2026-02-02 14:46:23'),
(285, 5, 4, 54, 7, 35, 200, 282, '2026-02-02 14:46:26'),
(286, 5, 4, 35, 8, 20, 199, 283, '2026-02-02 14:46:28'),
(287, 5, 4, 59, 6, 5, 198, 284, '2026-02-02 14:46:30'),
(288, 5, 4, 54, 7, 35, 200, 285, '2026-02-02 14:46:31'),
(289, 5, 4, 59, 8, 20, 199, 286, '2026-02-02 14:46:37'),
(290, 5, 4, 54, 7, 35, 200, 287, '2026-02-02 14:46:40'),
(291, 5, 4, 54, 7, 35, 200, 288, '2026-02-02 14:46:44'),
(292, 5, 4, 52, 5, 18, 197, 289, '2026-02-02 14:46:50'),
(293, 5, 4, 35, 8, 20, 199, 290, '2026-02-02 14:46:54'),
(294, 5, 4, 52, 1, 22, 195, 291, '2026-02-02 14:46:57'),
(295, 5, 4, 52, 4, 25, 196, 292, '2026-02-02 14:47:02'),
(296, 5, 4, 52, 8, 20, 199, 293, '2026-02-02 14:47:07'),
(297, 5, 4, 34, 1, 22, 195, 294, '2026-02-02 14:47:28'),
(298, 5, 4, 34, 4, 25, 196, 295, '2026-02-02 14:47:57'),
(299, 5, 4, 34, 5, 18, 197, 296, '2026-02-02 14:48:14'),
(300, 5, 4, 52, 6, 5, 198, 297, '2026-02-02 14:48:36'),
(301, 5, 4, 55, 8, 20, 199, 298, '2026-02-02 14:48:39'),
(302, 5, 4, 55, 4, 25, 196, 299, '2026-02-02 14:48:51'),
(303, 5, 4, 55, 5, 18, 197, 300, '2026-02-02 14:48:59'),
(304, 5, 4, 55, 6, 5, 198, 301, '2026-02-02 14:49:06'),
(305, 5, 4, 55, 1, 22, 195, 302, '2026-02-02 14:49:18'),
(306, 5, 4, 34, 6, 5, 198, 303, '2026-02-02 14:49:35'),
(307, 5, 4, 55, 1, 22, 195, 304, '2026-02-02 14:49:41'),
(308, 5, 4, 55, 1, 22, 195, 305, '2026-02-02 14:49:48'),
(309, 5, 4, 34, 8, 20, 199, 306, '2026-02-02 14:49:54'),
(310, 5, 4, 52, 2, 19, 193, 307, '2026-02-02 14:50:40'),
(311, 5, 4, 52, 3, 32, 194, 308, '2026-02-02 14:50:47'),
(312, 5, 4, 52, 7, 35, 200, 309, '2026-02-02 14:50:51'),
(313, 5, 4, 34, 8, 20, 199, 310, '2026-02-02 14:50:52'),
(314, 5, 4, 46, 2, 19, 193, 311, '2026-02-02 14:56:07'),
(315, 5, 12, 524, 12, 14, 214, 312, '2026-02-02 15:12:44'),
(316, 5, 12, 524, 74, 26, 215, 313, '2026-02-02 15:12:55'),
(317, 5, 12, 524, 4, 9, 216, 314, '2026-02-02 15:13:10'),
(318, 5, 12, 524, 4, 9, 216, 315, '2026-02-02 15:13:27'),
(319, 5, 12, 524, 10, 33, 217, 316, '2026-02-02 15:13:44'),
(320, 5, 12, 524, 1, 27, 218, 317, '2026-02-02 15:14:12'),
(321, 5, 12, 524, 11, 19, 219, 318, '2026-02-02 15:14:19'),
(322, 5, 12, 524, 2, 12, 220, 319, '2026-02-02 15:14:25'),
(323, 5, 12, 521, 12, 14, 214, 320, '2026-02-02 15:14:33'),
(324, 5, 12, 524, 13, 17, 221, 321, '2026-02-02 15:14:35'),
(325, 5, 12, 524, 7, 35, 222, 322, '2026-02-02 15:14:49'),
(326, 5, 12, 524, 8, 26, 223, 323, '2026-02-02 15:15:06'),
(327, 5, 12, 521, 1, 27, 218, 324, '2026-02-02 15:15:40'),
(328, 5, 12, 521, 74, 26, 215, 325, '2026-02-02 15:15:50'),
(329, 5, 12, 521, 4, 9, 216, 326, '2026-02-02 15:15:56'),
(330, 5, 12, 521, 10, 33, 217, 327, '2026-02-02 15:16:01'),
(331, 5, 12, 521, 11, 19, 219, 328, '2026-02-02 15:16:06'),
(332, 5, 12, 521, 2, 12, 220, 329, '2026-02-02 15:16:10'),
(333, 5, 12, 521, 13, 17, 221, 330, '2026-02-02 15:16:14'),
(334, 5, 12, 521, 7, 35, 222, 331, '2026-02-02 15:16:19'),
(335, 5, 12, 521, 8, 26, 223, 332, '2026-02-02 15:16:23'),
(336, 5, 12, 525, 8, 26, 223, 333, '2026-02-02 15:17:37'),
(337, 5, 12, 525, 8, 26, 223, 334, '2026-02-02 15:17:51'),
(338, 5, 36, 122, 29, 25, 238, 335, '2026-02-03 10:24:25'),
(339, 5, 36, 122, 31, 25, 240, 336, '2026-02-03 10:26:52'),
(340, 5, 36, 129, 28, 30, 237, 337, '2026-02-03 10:26:52'),
(341, 5, 36, 118, 29, 25, 238, 338, '2026-02-03 10:27:12'),
(342, 5, 36, 129, 29, 25, 238, 339, '2026-02-03 10:27:13'),
(343, 5, 36, 95, 28, 30, 237, 340, '2026-02-03 10:27:18'),
(344, 5, 36, 122, 33, 39, 242, 341, '2026-02-03 10:27:22'),
(345, 5, 36, 107, 28, 30, 237, 342, '2026-02-03 10:27:24'),
(346, 5, 36, 118, 31, 25, 240, 343, '2026-02-03 10:27:26'),
(347, 5, 36, 118, 32, 39, 241, 344, '2026-02-03 10:27:34'),
(348, 5, 36, 111, 29, 25, 238, 345, '2026-02-03 10:27:35'),
(349, 5, 36, 118, 32, 39, 241, 346, '2026-02-03 10:27:38'),
(350, 5, 36, 95, 28, 30, 237, 347, '2026-02-03 10:27:43'),
(351, 5, 36, 129, 30, 42, 239, 348, '2026-02-03 10:27:43'),
(352, 5, 36, 118, 33, 39, 242, 349, '2026-02-03 10:27:44'),
(353, 5, 36, 118, 30, 42, 239, 350, '2026-02-03 10:27:50'),
(354, 5, 36, 118, 28, 30, 237, 351, '2026-02-03 10:27:55'),
(355, 5, 36, 129, 30, 42, 239, 352, '2026-02-03 10:28:06'),
(356, 5, 36, 129, 31, 25, 240, 353, '2026-02-03 10:28:23'),
(357, 5, 36, 98, 28, 30, 237, 354, '2026-02-03 10:28:29'),
(358, 5, 36, 98, 29, 25, 238, 355, '2026-02-03 10:28:35'),
(359, 5, 36, 98, 30, 42, 239, 356, '2026-02-03 10:28:38'),
(360, 5, 36, 129, 32, 39, 241, 357, '2026-02-03 10:28:39'),
(361, 5, 36, 98, 31, 25, 240, 358, '2026-02-03 10:28:41'),
(362, 5, 36, 122, 30, 42, 239, 359, '2026-02-03 10:28:42'),
(363, 5, 36, 98, 32, 39, 241, 360, '2026-02-03 10:28:45'),
(364, 5, 36, 98, 33, 39, 242, 361, '2026-02-03 10:28:49'),
(365, 5, 36, 91, 28, 30, 237, 362, '2026-02-03 10:28:53'),
(366, 5, 36, 129, 33, 39, 242, 363, '2026-02-03 10:28:54'),
(367, 5, 36, 111, 30, 42, 239, 364, '2026-02-03 10:28:56'),
(368, 5, 36, 100, 28, 30, 237, 365, '2026-02-03 10:29:03'),
(369, 5, 36, 116, 28, 30, 237, 366, '2026-02-03 10:29:12'),
(370, 5, 36, 95, 29, 25, 238, 367, '2026-02-03 10:29:12'),
(371, 5, 36, 107, 29, 25, 238, 368, '2026-02-03 10:29:18'),
(372, 5, 36, 122, 32, 39, 241, 369, '2026-02-03 10:29:34'),
(373, 5, 36, 95, 30, 42, 239, 370, '2026-02-03 10:29:40'),
(374, 5, 36, 111, 31, 25, 240, 371, '2026-02-03 10:29:48'),
(375, 5, 36, 107, 30, 42, 239, 372, '2026-02-03 10:29:50'),
(376, 5, 36, 95, 31, 25, 240, 373, '2026-02-03 10:30:02'),
(377, 5, 36, 107, 31, 25, 240, 374, '2026-02-03 10:30:13'),
(378, 5, 36, 91, 29, 25, 238, 375, '2026-02-03 10:30:23'),
(379, 5, 36, 95, 32, 39, 241, 376, '2026-02-03 10:30:26'),
(380, 5, 36, 122, 28, 30, 237, 377, '2026-02-03 10:30:33'),
(381, 5, 36, 100, 30, 42, 239, 378, '2026-02-03 10:30:34'),
(382, 5, 36, 107, 32, 39, 241, 379, '2026-02-03 10:30:43'),
(383, 5, 36, 95, 33, 39, 242, 380, '2026-02-03 10:30:43'),
(384, 5, 36, 122, 28, 30, 237, 381, '2026-02-03 10:30:47'),
(385, 5, 36, 107, 33, 39, 242, 382, '2026-02-03 10:30:49'),
(386, 5, 36, 91, 30, 42, 239, 383, '2026-02-03 10:30:49'),
(387, 5, 36, 111, 32, 39, 241, 384, '2026-02-03 10:30:55'),
(388, 5, 36, 100, 32, 39, 241, 385, '2026-02-03 10:31:09'),
(389, 5, 36, 111, 33, 39, 242, 386, '2026-02-03 10:31:13'),
(390, 5, 36, 91, 31, 25, 240, 387, '2026-02-03 10:31:15'),
(391, 5, 36, 116, 29, 25, 238, 388, '2026-02-03 10:31:28'),
(392, 5, 36, 91, 32, 39, 241, 389, '2026-02-03 10:31:31'),
(393, 5, 36, 93, 28, 30, 237, 390, '2026-02-03 10:31:32'),
(394, 5, 36, 100, 33, 39, 242, 391, '2026-02-03 10:31:33'),
(395, 5, 36, 100, 31, 25, 240, 392, '2026-02-03 10:31:46'),
(396, 5, 36, 91, 33, 39, 242, 393, '2026-02-03 10:32:02'),
(397, 5, 36, 93, 30, 42, 239, 394, '2026-02-03 10:32:07'),
(398, 5, 36, 105, 28, 30, 237, 395, '2026-02-03 10:32:23'),
(399, 5, 36, 100, 29, 25, 238, 396, '2026-02-03 10:32:31'),
(400, 5, 36, 93, 29, 25, 238, 397, '2026-02-03 10:32:49'),
(401, 5, 36, 111, 28, 30, 237, 398, '2026-02-03 10:32:54'),
(402, 5, 36, 116, 30, 42, 239, 399, '2026-02-03 10:32:54'),
(403, 5, 36, 93, 29, 25, 238, 400, '2026-02-03 10:33:01'),
(404, 5, 36, 116, 31, 25, 240, 401, '2026-02-03 10:33:05'),
(405, 5, 36, 89, 28, 30, 237, 402, '2026-02-03 10:33:06'),
(406, 5, 36, 116, 32, 39, 241, 403, '2026-02-03 10:33:11'),
(407, 5, 36, 116, 33, 39, 242, 404, '2026-02-03 10:33:16'),
(408, 5, 36, 127, 28, 30, 237, 405, '2026-02-03 10:33:18'),
(409, 5, 36, 120, 31, 25, 240, 406, '2026-02-03 10:33:19'),
(410, 5, 36, 93, 31, 25, 240, 407, '2026-02-03 10:33:25'),
(411, 5, 36, 111, 28, 30, 237, 408, '2026-02-03 10:33:30'),
(412, 5, 36, 89, 30, 42, 239, 409, '2026-02-03 10:33:34'),
(413, 5, 36, 103, 28, 30, 237, 410, '2026-02-03 10:33:44'),
(414, 5, 36, 89, 31, 25, 240, 411, '2026-02-03 10:33:46'),
(415, 5, 36, 93, 32, 39, 241, 412, '2026-02-03 10:33:51'),
(416, 5, 36, 89, 29, 25, 238, 413, '2026-02-03 10:34:06'),
(417, 5, 36, 105, 28, 30, 237, 414, '2026-02-03 10:34:08'),
(418, 5, 36, 89, 32, 39, 241, 415, '2026-02-03 10:34:15'),
(419, 5, 36, 89, 33, 39, 242, 416, '2026-02-03 10:34:20'),
(420, 5, 36, 93, 33, 39, 242, 417, '2026-02-03 10:34:27'),
(421, 5, 36, 103, 29, 25, 238, 418, '2026-02-03 10:34:29'),
(422, 5, 36, 89, 33, 39, 242, 419, '2026-02-03 10:34:32'),
(423, 5, 36, 127, 29, 25, 238, 420, '2026-02-03 10:35:10'),
(424, 5, 36, 103, 30, 42, 239, 421, '2026-02-03 10:35:10'),
(425, 5, 36, 103, 31, 25, 240, 422, '2026-02-03 10:35:15'),
(426, 5, 36, 103, 32, 39, 241, 423, '2026-02-03 10:35:19'),
(427, 5, 36, 127, 30, 42, 239, 424, '2026-02-03 10:35:21'),
(428, 5, 36, 103, 33, 39, 242, 425, '2026-02-03 10:35:23'),
(429, 5, 36, 125, 28, 30, 237, 426, '2026-02-03 10:35:32'),
(430, 5, 36, 127, 31, 25, 240, 427, '2026-02-03 10:35:34'),
(431, 5, 36, 120, 28, 30, 237, 428, '2026-02-03 10:36:36'),
(432, 5, 36, 125, 29, 25, 238, 429, '2026-02-03 10:37:00'),
(433, 5, 36, 127, 32, 39, 241, 430, '2026-02-03 10:37:16'),
(434, 5, 36, 127, 33, 39, 242, 431, '2026-02-03 10:37:21'),
(435, 5, 36, 109, 28, 30, 237, 432, '2026-02-03 10:37:44'),
(436, 5, 36, 125, 30, 42, 239, 433, '2026-02-03 10:37:56'),
(437, 5, 36, 125, 31, 25, 240, 434, '2026-02-03 10:38:03'),
(438, 5, 36, 109, 29, 25, 238, 435, '2026-02-03 10:38:05'),
(439, 5, 36, 109, 30, 42, 239, 436, '2026-02-03 10:38:13'),
(440, 5, 36, 109, 31, 25, 240, 437, '2026-02-03 10:38:30'),
(441, 5, 36, 109, 32, 39, 241, 438, '2026-02-03 10:38:38'),
(442, 5, 36, 109, 33, 39, 242, 439, '2026-02-03 10:38:45'),
(443, 5, 36, 109, 33, 39, 242, 440, '2026-02-03 10:38:50'),
(444, 5, 36, 109, 33, 39, 242, 441, '2026-02-03 10:39:00'),
(445, 5, 36, 105, 29, 25, 238, 442, '2026-02-03 10:39:04'),
(446, 5, 36, 125, 32, 39, 241, 443, '2026-02-03 10:39:17'),
(447, 5, 36, 105, 30, 42, 239, 444, '2026-02-03 10:39:34'),
(448, 5, 36, 105, 31, 25, 240, 445, '2026-02-03 10:39:48'),
(449, 5, 36, 125, 33, 39, 242, 446, '2026-02-03 10:39:54'),
(450, 5, 36, 105, 32, 39, 241, 447, '2026-02-03 10:40:05'),
(451, 5, 36, 105, 33, 39, 242, 448, '2026-02-03 10:40:25'),
(452, 5, 36, 120, 30, 42, 239, 449, '2026-02-03 10:40:26'),
(453, 5, 36, 105, 33, 39, 242, 450, '2026-02-03 10:40:50'),
(454, 5, 36, 120, 29, 25, 238, 451, '2026-02-03 10:40:52'),
(455, 5, 36, 120, 32, 39, 241, 452, '2026-02-03 10:41:14'),
(456, 5, 36, 120, 33, 39, 242, 453, '2026-02-03 10:41:32'),
(457, 5, 36, 120, 33, 39, 242, 454, '2026-02-03 10:41:59'),
(458, 5, 33, 487, 28, 37, 185, 455, '2026-02-03 11:12:15'),
(459, 5, 33, 487, 29, 39, 186, 456, '2026-02-03 11:12:29'),
(460, 5, 33, 480, 28, 37, 185, 457, '2026-02-03 11:12:30'),
(461, 5, 33, 487, 34, 6, 187, 458, '2026-02-03 11:12:36'),
(462, 5, 33, 485, 28, 37, 185, 459, '2026-02-03 11:12:36'),
(463, 5, 33, 487, 35, 6, 188, 460, '2026-02-03 11:12:42'),
(464, 5, 33, 485, 29, 39, 186, 461, '2026-02-03 11:12:48'),
(465, 5, 33, 487, 36, 7, 189, 462, '2026-02-03 11:12:49'),
(466, 5, 33, 485, 34, 6, 187, 463, '2026-02-03 11:12:54'),
(467, 5, 33, 487, 37, 12, 190, 464, '2026-02-03 11:12:55'),
(468, 5, 33, 487, 38, 37, 191, 465, '2026-02-03 11:12:58'),
(469, 5, 33, 487, 39, 19, 192, 466, '2026-02-03 11:13:03'),
(470, 5, 33, 485, 35, 6, 188, 467, '2026-02-03 11:13:09'),
(471, 5, 33, 485, 36, 7, 189, 468, '2026-02-03 11:13:14'),
(472, 5, 33, 485, 37, 12, 190, 469, '2026-02-03 11:13:21'),
(473, 5, 33, 485, 38, 37, 191, 470, '2026-02-03 11:13:29'),
(474, 5, 33, 485, 39, 19, 192, 471, '2026-02-03 11:13:39'),
(475, 5, 33, 485, 39, 19, 192, 472, '2026-02-03 11:13:45'),
(476, 5, 33, 488, 34, 6, 187, 473, '2026-02-03 11:13:47'),
(477, 5, 33, 488, 34, 6, 187, 474, '2026-02-03 11:13:54'),
(478, 5, 33, 485, 39, 19, 192, 475, '2026-02-03 11:13:55'),
(479, 5, 33, 498, 28, 37, 185, 476, '2026-02-03 11:14:00'),
(480, 5, 33, 480, 29, 39, 186, 477, '2026-02-03 11:14:03'),
(481, 5, 33, 488, 29, 39, 186, 478, '2026-02-03 11:14:14'),
(482, 5, 33, 488, 36, 7, 189, 479, '2026-02-03 11:14:20'),
(483, 5, 33, 488, 35, 6, 188, 480, '2026-02-03 11:14:25'),
(484, 5, 33, 471, 28, 37, 185, 481, '2026-02-03 11:14:28'),
(485, 5, 33, 488, 28, 37, 185, 482, '2026-02-03 11:14:32'),
(486, 5, 33, 488, 37, 12, 190, 483, '2026-02-03 11:14:35'),
(487, 5, 33, 471, 29, 39, 186, 484, '2026-02-03 11:14:39'),
(488, 5, 33, 488, 38, 37, 191, 485, '2026-02-03 11:14:41'),
(489, 5, 33, 488, 39, 19, 192, 486, '2026-02-03 11:14:45'),
(490, 5, 33, 471, 34, 6, 187, 487, '2026-02-03 11:14:46'),
(491, 5, 33, 496, 37, 12, 190, 488, '2026-02-03 11:14:48'),
(492, 5, 33, 471, 35, 6, 188, 489, '2026-02-03 11:14:52'),
(493, 5, 33, 471, 36, 7, 189, 490, '2026-02-03 11:14:57'),
(494, 5, 33, 488, 39, 19, 192, 491, '2026-02-03 11:14:58'),
(495, 5, 33, 471, 37, 12, 190, 492, '2026-02-03 11:15:01'),
(496, 5, 33, 480, 29, 39, 186, 493, '2026-02-03 11:15:02'),
(497, 5, 33, 471, 38, 37, 191, 494, '2026-02-03 11:15:05'),
(498, 5, 33, 471, 39, 19, 192, 495, '2026-02-03 11:15:09'),
(499, 5, 33, 471, 39, 19, 192, 496, '2026-02-03 11:15:14'),
(500, 5, 33, 498, 29, 39, 186, 497, '2026-02-03 11:15:22'),
(501, 5, 33, 480, 34, 6, 187, 498, '2026-02-03 11:15:38'),
(502, 5, 33, 498, 34, 6, 187, 499, '2026-02-03 11:16:04'),
(503, 5, 33, 498, 35, 6, 188, 500, '2026-02-03 11:16:09'),
(504, 5, 33, 480, 35, 6, 188, 501, '2026-02-03 11:16:13'),
(505, 5, 33, 498, 36, 7, 189, 502, '2026-02-03 11:16:13'),
(506, 5, 33, 498, 37, 12, 190, 503, '2026-02-03 11:16:18'),
(507, 5, 33, 498, 39, 19, 192, 504, '2026-02-03 11:16:45'),
(508, 5, 33, 480, 36, 7, 189, 505, '2026-02-03 11:16:59'),
(509, 5, 33, 498, 38, 37, 191, 506, '2026-02-03 11:17:02'),
(510, 5, 33, 498, 38, 37, 191, 507, '2026-02-03 11:17:17'),
(511, 5, 33, 494, 28, 37, 185, 508, '2026-02-03 11:17:36'),
(512, 5, 33, 494, 29, 39, 186, 509, '2026-02-03 11:17:41'),
(513, 5, 33, 494, 34, 6, 187, 510, '2026-02-03 11:17:44'),
(514, 5, 33, 494, 35, 6, 188, 511, '2026-02-03 11:17:47'),
(515, 5, 33, 494, 36, 7, 189, 512, '2026-02-03 11:17:50'),
(516, 5, 33, 494, 37, 12, 190, 513, '2026-02-03 11:17:54'),
(517, 5, 33, 494, 38, 37, 191, 514, '2026-02-03 11:17:57'),
(518, 5, 33, 494, 39, 19, 192, 515, '2026-02-03 11:18:00'),
(519, 5, 33, 480, 37, 12, 190, 516, '2026-02-03 11:18:05'),
(520, 5, 33, 480, 38, 37, 191, 517, '2026-02-03 11:18:36'),
(521, 5, 33, 480, 39, 19, 192, 518, '2026-02-03 11:19:04'),
(522, 5, 33, 480, 39, 19, 192, 519, '2026-02-03 11:19:10'),
(523, 5, 33, 484, 28, 37, 185, 520, '2026-02-03 11:19:49'),
(524, 5, 33, 484, 29, 39, 186, 521, '2026-02-03 11:19:58');

-- --------------------------------------------------------

--
-- Table structure for table `faculty_list`
--

CREATE TABLE `faculty_list` (
  `id` int(30) NOT NULL,
  `school_id` varchar(100) NOT NULL,
  `firstname` varchar(200) NOT NULL,
  `middlename` varchar(50) DEFAULT NULL,
  `lastname` varchar(200) NOT NULL,
  `username` varchar(200) NOT NULL,
  `password` text NOT NULL,
  `avatar` text NOT NULL DEFAULT 'no-image-available.png',
  `date_created` datetime NOT NULL DEFAULT current_timestamp()
) ENGINE=InnoDB DEFAULT CHARSET=utf8mb4 COLLATE=utf8mb4_general_ci;

--
-- Dumping data for table `faculty_list`
--

INSERT INTO `faculty_list` (`id`, `school_id`, `firstname`, `middlename`, `lastname`, `username`, `password`, `avatar`, `date_created`) VALUES
(2, '001', 'Remy', NULL, 'Andrada', 'r.andrada@faculty.com', '286c452b448b85985bc331d3b05f153d', 'no-image-available.png', '2025-09-13 12:28:23'),
(3, '002', 'Rod Bryan', NULL, 'Bacsa', 'rb.bacsa@faculty.com', 'a8c481083830c46390e8996578393b82', 'no-image-available.png', '2025-09-13 12:30:36'),
(4, '003', 'Grace', NULL, 'Cajucom', 'g.cajucom@faculty.com', '7f50e31e109a3ba911caadcdd5ef1b2c', 'no-image-available.png', '2025-09-13 12:32:02'),
(5, '004', 'Constantino', NULL, 'Cuevas', 'c.cuevas@faculty.com', 'ce55f389184a570f5036df3c42f41efa', 'no-image-available.png', '2025-09-13 12:32:55'),
(6, '005', 'Regilyn', NULL, 'Dayon', 'r.dayon@faculty.com', 'bf63db8f7f6c79a581b419a5309c9c05', 'no-image-available.png', '2025-09-13 13:40:36'),
(7, '006', 'Jeffry', NULL, 'Duca', 'j.duca@faculty.com', 'f6fd9bb09682d26c058d83d420ecd1ad', 'no-image-available.png', '2025-09-13 13:42:15'),
(8, '007', 'Reynald', NULL, 'Estanes', 'r.estanes@faculty.com', '539494a0cb87e07518ab1cb75b4969db', 'no-image-available.png', '2025-09-13 13:43:01'),
(9, '008', 'Michael', NULL, 'Esguerra', 'm.esguerra@faculty.com', '1cd06b84114629b4a2e0e55dc0fedb39', 'no-image-available.png', '2025-09-13 13:44:00'),
(10, '009', 'Angel Nicole', NULL, 'Ferrer', 'an.ferrer@faculty.com', '19185566c5fe3e613eb9a686fa3deec2', 'no-image-available.png', '2025-09-13 13:45:06'),
(11, '010', 'Zyrish Ann', NULL, 'Gadiano', 'za.gadiano@faculty.com', 'e9a9c268831035dbb2e0df161a71aedd', 'no-image-available.png', '2025-09-13 13:51:31'),
(12, '011', 'Jessie', NULL, 'Gagelonia', 'j.gagelonia@faculty.com', '87f2902045b0a64590736454950a91c7', 'no-image-available.png', '2025-09-13 13:54:49'),
(13, '012', 'Glenn Angelo', NULL, 'Gonzales', 'ga.gonzales@faculty.com', 'b238019f0e72d26cdad490650c4ff220', 'no-image-available.png', '2025-09-13 13:56:13'),
(14, '013', 'Catherine', NULL, 'Guillermo', 'c.guillermo@faculty.com', '16289f7266ad864c3aec42763a75a0f7', 'no-image-available.png', '2025-09-13 13:57:09'),
(15, '014', 'Lorna', NULL, 'Jardines', 'l.jardinez@faculty.com', 'e767a4fdaf8c9b96bb7dfa55c3f595a6', 'no-image-available.png', '2025-09-13 13:58:24'),
(16, '015', 'Jenmark', NULL, 'Lina', 'j.lina@faculty.com', '528a3c500e49e8d14159dd2935ee36a1', 'no-image-available.png', '2025-09-13 13:59:10'),
(17, '016', 'Ariane Kyrie', NULL, 'Macaslam', 'ak.macaslam@faculty.com', 'e06c2fa9e21039e350b74891d5f6d8cd', 'no-image-available.png', '2025-09-13 14:00:51'),
(18, '017', 'Alma', NULL, 'Makio', 'a.makio@faculty.com', 'cec035ff32e6ef8f2f58e3b6e817d5d2', 'no-image-available.png', '2025-09-13 14:02:27'),
(19, '018', 'Kayzel', NULL, 'Manglicmot', 'k.manglicmot@faculty.com', '683cc745613607770d1a05bb4ce97b4e', 'no-image-available.png', '2025-09-13 14:03:17'),
(20, '019', 'Jervin', NULL, 'Martin', 'j.martin@faculty.com', '34f74c049edea51851c6924f4a386762', 'no-image-available.png', '2025-09-13 14:05:10'),
(21, '020', 'Jocelyn', NULL, 'Matadling', 'j.matadling@faculty.com', '34cbbce5b936a4477af4bddb5022f27c', 'no-image-available.png', '2025-09-13 14:05:47'),
(22, '021', 'Roman', NULL, 'Mendoza', 'r.mendoza@faculty.com', 'd758e3d2c7a7f3ead0ff475ded41aaaf', 'no-image-available.png', '2025-09-13 14:06:30'),
(23, '022', 'John Kenneth', NULL, 'Meradios', 'jk.meradios@faculty.com', '423843259b685295f3b3f8795c8618a4', 'no-image-available.png', '2025-09-13 14:07:16'),
(24, '023', 'Elerizza', NULL, 'Meteoro', 'e.meteoro@faculty.com', '16addb116c0963a55b86c4ce1789f8dc', 'no-image-available.png', '2025-09-13 14:08:10'),
(25, '024', 'Rexie May', NULL, 'Morales', 'rm.morales@faculty.com', 'edb7f3ff814ddc4a53a00147ac5072cc', 'no-image-available.png', '2025-09-13 14:08:56'),
(26, '025', 'Roland', NULL, 'Morta', 'r.morta@faculty.com', '7389c8577fdb31b0330e1eda1309c452', 'no-image-available.png', '2025-09-13 14:09:36'),
(27, '026', 'Maria Angelyn', NULL, 'Nadora', 'ma.nadora@faculty.com', '7ee79925095bd88fc6b5aa955ff8b412', 'no-image-available.png', '2025-09-13 14:10:57'),
(28, '027', 'Arnold', NULL, 'Nidoy', 'a.nidoy@faculty.com', '88903f0a3f71450c1c9332e2d6f2d12a', 'no-image-available.png', '2025-09-13 14:11:42'),
(29, '028', 'Fina-Daye', NULL, 'Panginen', 'fd.panginen@faculty.com', '6cc569dba71fe67b408795d562f73145', 'no-image-available.png', '2025-09-13 14:13:53'),
(30, '029', 'Jeremy', NULL, 'Pascua', 'j.pascua@faculty.com', '5d96d28df832f52322d27f76a9c14317', 'no-image-available.png', '2025-09-13 14:14:52'),
(31, '030', 'Elmer', NULL, 'Prochina', 'e.prochina@faculty.com', 'eec15def5d46d6f6194c0ba82b03fb33', 'no-image-available.png', '2025-09-13 14:16:51'),
(32, '031', 'Rodeliza', NULL, 'Pungan', 'r.pungan@faculty.com', 'e90c782550fce8b87002c693d0bc3b23', 'no-image-available.png', '2025-09-13 14:17:35'),
(33, '032', 'Jayson', NULL, 'Simbulan', 'j.simbulan@faculty.com', '68649a65891fe16bbb01b28a37c5a3f8', 'no-image-available.png', '2025-09-13 14:18:26'),
(34, '033', 'Merly', NULL, 'Tamayao', 'm.tamayao@faculty.com', '8f998061239b097b8c2df7ef0b6ddf33', 'no-image-available.png', '2025-09-13 14:19:21'),
(35, '034', 'Jocelyn', NULL, 'Toquero', 'j.toquero@faculty.com', 'a9c11f79369826312a7199bb09844db5', 'no-image-available.png', '2025-09-13 14:21:06'),
(36, '035', 'Isabel', NULL, 'Valino', 'i.valino@faculty.com', 'f5675e4dab88afa8e3765df053106539', 'no-image-available.png', '2025-09-13 14:21:51'),
(37, '036', 'Tathel ', NULL, 'Pelayo', 't.pelayo@faculty.com', 'e25708511c9609ab84429d88a8a4790b', 'no-image-available.png', '2025-09-14 09:37:57'),
(38, '037', 'Yishin Shane', NULL, 'Ampaya', 'ys.ampaya@faculty.com', '29c7340abd4d10b7486b8c6c2ae91d20', 'no-image-available.png', '2025-09-14 09:39:32'),
(39, '038', 'Airrah ', NULL, 'Lacanaria', 'a.lacanaria@faculty.com', '3896c02126c878b29c6efd4796ce75d1', 'no-image-available.png', '2025-09-14 09:40:50'),
(40, '039', 'Danica', NULL, 'Lorenzo', 'd.lorenzo@faculty.com', '82582d783e53ff45e5dcf8adb9f06b1c', 'no-image-available.png', '2025-11-18 17:23:26'),
(41, '040', 'Diomela', NULL, 'Biongan', 'd.biongan@faculty.com', 'be66df3f08cce90abe552408df7f4d50', 'no-image-available.png', '2025-11-18 17:27:41'),
(42, '041', 'Katrina', NULL, 'Lajom', 'k.lajom@faculty.com', '78b12b9e3e73411f764f66aede49e36b', 'no-image-available.png', '2025-11-18 17:52:40'),
(43, '042', 'Merly', NULL, 'Bayan', 'm.bayan@faculty.com', '845ec6b498d131b984de99bf0a309d11', 'no-image-available.png', '2025-11-18 18:27:41'),
(44, '043', 'Juan Carlos', NULL, 'Lopez', 'jc.lopez@faculty.com', 'd4c2ab0472efde153c32a06a24311a8c', 'no-image-available.png', '2025-11-20 10:58:41'),
(45, '044', 'Vanessa', NULL, 'Maliwat', 'v.maliwat@faculty.com', '64d8161feb42b099263a0203261af0b6', 'no-image-available.png', '2025-11-20 11:16:46');

-- --------------------------------------------------------

--
-- Table structure for table `irregular_student_subjects`
--

CREATE TABLE `irregular_student_subjects` (
  `id` int(11) NOT NULL,
  `student_id` int(11) NOT NULL,
  `subject_id` int(11) NOT NULL,
  `added_at` datetime NOT NULL DEFAULT current_timestamp()
) ENGINE=InnoDB DEFAULT CHARSET=utf8mb4 COLLATE=utf8mb4_general_ci;

--
-- Dumping data for table `irregular_student_subjects`
--

INSERT INTO `irregular_student_subjects` (`id`, `student_id`, `subject_id`, `added_at`) VALUES
(1, 20, 4, '2026-01-29 22:08:57'),
(2, 566, 89, '2026-03-05 20:06:04'),
(3, 567, 54, '2026-03-05 20:06:25'),
(4, 566, 96, '2026-03-05 20:08:04'),
(5, 567, 50, '2026-03-05 20:10:28'),
(6, 566, 71, '2026-03-05 20:14:05'),
(7, 567, 6, '2026-03-05 20:18:05'),
(8, 567, 23, '2026-03-05 20:22:28'),
(9, 567, 31, '2026-03-05 20:27:15');

-- --------------------------------------------------------

--
-- Table structure for table `question_list`
--

CREATE TABLE `question_list` (
  `id` int(30) NOT NULL,
  `academic_id` int(30) NOT NULL,
  `question` text NOT NULL,
  `order_by` int(30) NOT NULL,
  `criteria_id` int(30) NOT NULL
) ENGINE=InnoDB DEFAULT CHARSET=utf8mb4 COLLATE=utf8mb4_general_ci;

--
-- Dumping data for table `question_list`
--

INSERT INTO `question_list` (`id`, `academic_id`, `question`, `order_by`, `criteria_id`) VALUES
(1, 3, 'Sample Question', 0, 1),
(3, 3, 'Test', 2, 2),
(5, 0, 'Question 101', 0, 1),
(6, 3, 'Sample 101', 4, 1),
(7, 4, 'Makes topic understandable', 0, 1),
(10, 5, 'a. Exhibits mastery of the topics discussed.  (Nagpapakita ng karunungan sa mga paksang tinalakay.)', 0, 1),
(11, 5, 'b. Responds to student’s questions with clarity and accuracy and gives concrete and accurate examples.    (Tumutugon sa mga katanungan ng mag-aaral nang may kalinawan at kawastuhan at nagbibigay ng kongkreto at tumpak na mga halimbawa.)', 1, 1),
(12, 5, 'c. Presents the lessons based on the objectives. (Nagpapakita ng mga aralin batay sa mga layunin.)', 2, 1),
(13, 5, 'd. Gives activities which integrates values related to the lesson and are relevant and essential for the attainment of the lesson objectives. (Nagbibigay ng mga gawain na nagsasama ng mga halagang may kaugnayan sa aralin at mahalaga para sa pagkakamit ng mga layunin ng aralin.)', 3, 1),
(14, 5, 'a. Employs effective and relevant motivation in classroom activities. (Gumagamit ng mabisa at may-katuturang pagganyak sa mga gawain pampaaralan.)', 4, 2),
(15, 5, 'Maximizes the available instructional devices, appropriate method and varied techniques for the lesson. (Ginagamit ang mga possible o maaring magamit na aparato sa pagtuturo na naaangkop sa pamamaraan at iba-ibang mga diskarte para sa aralin.)', 5, 2),
(16, 5, 'c. Encourage students’ interaction and participation by asking stimulating and probing questions. (Nanghihikayat ng pakikipag-ugnay at pakikilahok ng mga mag-aaral sa pamamagitan ng pagtatanong ng mga nakapagpapasigla at nagsisiyasat na katanungan.)', 6, 2),
(17, 5, 'a. Ask questions to clarify understanding during discussion (as formative assessment).              (Nagtatanong ng mga katanungan upang linawin ang pag-unawa sa panahon ng talakayan (bilang formative assessment)).', 7, 4),
(18, 5, 'b. Give formative exercises to check the level of student understanding and attainment of objective. (Nagbibigay ng mga formative na pagsasanay upang suriin ang antas ng pag-unawa ng mag-aaral at pagkamit ng layunin.)', 8, 4),
(19, 5, 'c. Utilizes summative evaluations relevant to the lesson objectives. (Gumagamit ng mga pagsusuri sa kabuuan na nauugnay sa mga layunin ng aralin.)                                                             ', 9, 4),
(20, 5, 'a. Appears presentable that postures confidence during virtual meeting thru google meet or any the same platforms.                                                      (Dumadalo ng presentable at nagpapakita ng kumpiyansa tuwing virtual meeting sa pamamagitan ng google meet o anumang mga parehong plataporma.)', 10, 5),
(21, 5, 'b. Shows appropriate command of authority in class. (Nagpapakita ng awtoridad sa klase.)', 11, 5),
(22, 5, 'c. Displays enthusiasm and positive interpersonal skills. (Nagpapakita ng sigasig at positibong pakikisama sa iba.)                                                                                             ', 12, 5),
(23, 5, 'a. Discusses the lesson displaying personal integrity in the classroom by their own use of ethical behaviors and by refusing to encourage or tolerate unethical behavior. (Natatalakay ang aralin na nagpapakita ng personal na integridad sa klase sa pamamagitan ng kanilang sariling paggamit ng etikal na pag-uugali at sa pagtanggi na hikayatin o tiisin ang hindi etikal na pag-uugali.)', 13, 6),
(24, 5, 'b. Presents organize ideas with clarity. (Nagpapakita ng organisadong mga ideya nang may kalinawan.)', 14, 6),
(25, 5, 'c. Uses language suited for the subject.           (Gumagamit ng wikang angkop para sa paksa.)', 15, 6),
(26, 5, 'a. Displays evident positive classroom routines (eg. never misses a class meeting; always checks attendance, etc.)                                                           (Nagpapakita ng mga malinaw na positibong gawain sa silid-aralan (hal. Hindi nakakaligtaan sa isang pagpupulong sa klase; palaging sinusuri ang pagdalo, atbp.)', 16, 7),
(27, 5, 'b. Gives positive reinforcements like praises, rewards and others. (Nagbibigay ng mga positibong feedbcak kagaya ng mga papuri, rewards at iba pa.)                                                                                              ', 17, 7),
(28, 5, 'c. Utilizes effective instructional time for teaching learning process. (Gumagamit ng mabisang oras ng pagtuturo para sa proseso ng pagkatuto ng pagtuturo.)                                                    ', 18, 7);

-- --------------------------------------------------------

--
-- Table structure for table `restriction_list`
--

CREATE TABLE `restriction_list` (
  `id` int(30) NOT NULL,
  `academic_id` int(30) NOT NULL,
  `faculty_id` int(30) NOT NULL,
  `class_id` int(30) NOT NULL,
  `subject_id` int(30) NOT NULL
) ENGINE=InnoDB DEFAULT CHARSET=utf8mb4 COLLATE=utf8mb4_general_ci;

--
-- Dumping data for table `restriction_list`
--

INSERT INTO `restriction_list` (`id`, `academic_id`, `faculty_id`, `class_id`, `subject_id`) VALUES
(8, 3, 1, 1, 1),
(9, 3, 1, 2, 2),
(10, 3, 1, 3, 3),
(183, 5, 40, 39, 21),
(184, 5, 41, 39, 23),
(185, 5, 37, 33, 28),
(186, 5, 39, 33, 29),
(187, 5, 6, 33, 34),
(188, 5, 6, 33, 35),
(189, 5, 7, 33, 36),
(190, 5, 12, 33, 37),
(191, 5, 37, 33, 38),
(192, 5, 19, 33, 39),
(193, 5, 19, 4, 2),
(194, 5, 32, 4, 3),
(195, 5, 22, 4, 1),
(196, 5, 25, 4, 4),
(197, 5, 18, 4, 5),
(198, 5, 5, 4, 6),
(199, 5, 20, 4, 8),
(200, 5, 35, 4, 7),
(201, 5, 8, 30, 49),
(202, 5, 24, 30, 80),
(203, 5, 45, 30, 81),
(204, 5, 4, 30, 82),
(205, 5, 5, 30, 83),
(206, 5, 45, 30, 84),
(207, 5, 23, 24, 65),
(208, 5, 39, 24, 66),
(209, 5, 29, 24, 85),
(210, 5, 44, 24, 67),
(211, 5, 31, 24, 86),
(212, 5, 3, 24, 87),
(213, 5, 26, 24, 88),
(214, 5, 14, 12, 12),
(215, 5, 26, 12, 74),
(216, 5, 9, 12, 4),
(217, 5, 33, 12, 10),
(218, 5, 27, 12, 1),
(219, 5, 19, 12, 11),
(220, 5, 12, 12, 2),
(221, 5, 17, 12, 13),
(222, 5, 35, 12, 7),
(223, 5, 26, 12, 8),
(231, 5, 31, 29, 96),
(232, 5, 37, 29, 60),
(233, 5, 22, 29, 97),
(234, 5, 2, 29, 98),
(235, 5, 8, 29, 100),
(236, 5, 43, 29, 101),
(237, 5, 30, 36, 28),
(238, 5, 25, 36, 29),
(239, 5, 42, 36, 30),
(240, 5, 25, 36, 31),
(241, 5, 39, 36, 32),
(242, 5, 39, 36, 33);

-- --------------------------------------------------------

--
-- Table structure for table `student_list`
--

CREATE TABLE `student_list` (
  `id` int(30) NOT NULL,
  `school_id` varchar(100) NOT NULL,
  `firstname` varchar(200) NOT NULL,
  `middlename` varchar(200) DEFAULT NULL,
  `lastname` varchar(200) NOT NULL,
  `username` varchar(200) NOT NULL,
  `password` text NOT NULL,
  `is_irregular` tinyint(1) NOT NULL,
  `class_id` int(30) NOT NULL,
  `avatar` text NOT NULL DEFAULT 'no-image-available.png',
  `date_created` datetime NOT NULL DEFAULT current_timestamp()
) ENGINE=InnoDB DEFAULT CHARSET=utf8mb4 COLLATE=utf8mb4_general_ci;

--
-- Dumping data for table `student_list`
--

INSERT INTO `student_list` (`id`, `school_id`, `firstname`, `middlename`, `lastname`, `username`, `password`, `is_irregular`, `class_id`, `avatar`, `date_created`) VALUES
(6, '25-0060', 'Jamaica Ashley', NULL, 'Aguinaldo', 'jamaicaashley@student.com', '2cf16f67492c800f603f4889c941a9d2', 0, 1, 'no-image-available.png', '2025-09-08 11:43:02'),
(7, '25-0222', 'Meryll Anthonette', NULL, 'Aguilar', 'meryllanthonette@student.com', '229e1bacd0214d43b0e952e09502719c', 0, 1, 'no-image-available.png', '2025-09-08 11:44:46'),
(8, '25-0009', 'Jhiemaira Victor', NULL, 'Alarcon', 'jhiemairavictor@student.com', 'fbcdd32d9b76542f43409514076cf126', 0, 1, 'no-image-available.png', '2025-09-08 11:46:07'),
(10, '25-0353', 'Maria Cindy', NULL, 'Garcia', 'mariacindy@student.com', '2252025a024140bd165d081cf920a0f5', 0, 4, 'no-image-available.png', '2025-09-08 11:51:16'),
(11, '25-0068', 'Princess Ericka', NULL, 'Arata', 'princessericka@student.com', 'c1866efebf8e392b80f65b2f21060d99', 0, 1, 'no-image-available.png', '2025-09-08 11:52:20'),
(12, '25-0113', 'Raighley', NULL, 'Baldovino', 'raighley@student.com', 'daeb505c51af2b9389c4bace3fa79675', 0, 1, 'no-image-available.png', '2025-09-08 11:53:18'),
(13, '25-0306', 'Trisha Gaile', NULL, 'Acosta', 'trishagaile@student.com', '7bd0c4485665ccf8fca611166f504943', 0, 4, 'no-image-available.png', '2025-09-08 11:53:44'),
(14, '25-0130', 'Mary Grace', NULL, 'Buenavista', 'marygrace@student.com', '234b3e4d6724900a90a5d6386789310f', 0, 1, 'no-image-available.png', '2025-09-08 11:54:15'),
(15, '25-0232', 'Maurene', NULL, 'Callanta', 'maurene@student.com', 'f9a9b26b6f4026881f8fb1166728668c', 0, 1, 'no-image-available.png', '2025-09-08 11:55:09'),
(16, '25-0281', 'Jonalyn', NULL, 'Arandia', 'jonalyn@student.com', 'fd3d28c90ec2e8426f30fe052dda2ea8', 0, 4, 'no-image-available.png', '2025-09-08 11:55:16'),
(17, '25-0025', 'Krisha Joyce', NULL, 'Carpio', 'krishajoyce@student.com', 'a4bd237b48d7ec0557fb26c610f06b4e', 0, 1, 'no-image-available.png', '2025-09-08 11:56:03'),
(18, '25-0226', 'Mark Vincent', NULL, 'Camposano', 'markvincent@student.com', 'e4c830e463978c6b18b54e85e38e2fa4', 0, 4, 'no-image-available.png', '2025-09-08 11:56:44'),
(19, '25-0137', 'John Rein', NULL, 'Dacumos', 'johnrein@student.com', 'fed8fc000de7f6bb9321d1291843e1a0', 0, 1, 'no-image-available.png', '2025-09-08 11:57:01'),
(20, '25-0021', 'Aizel', NULL, 'Dela Cruz', 'aizel@student.com', '3ce8b9c2257b9179f206efbfa8f163a6', 0, 1, 'no-image-available.png', '2025-09-08 11:57:55'),
(21, '25-0377', 'Kristina Cassandra', NULL, 'De Guzman', 'kristinacassandra@student.com', '7a4ff731fdb1916d2b071284b00a642f', 0, 4, 'no-image-available.png', '2025-09-08 11:58:04'),
(22, '25-0019', 'Trisha Mae', NULL, 'Dela Cruz', 'trishamae@student.com', 'd9d5d0ea7d8dff36540ee89902c2903c', 0, 1, 'no-image-available.png', '2025-09-08 11:58:46'),
(23, '25-0302', 'Precilla', NULL, 'Dela Masa', 'precilla@student.com', '469b0c89135a359fc5729312490bfa08', 0, 1, 'no-image-available.png', '2025-09-08 11:59:42'),
(24, '25-0116', 'Ashley Mae', NULL, 'Flores', 'ashleymae@student.com', 'fa5e7d95c3328b374f1734f31aae361b', 0, 4, 'no-image-available.png', '2025-09-08 12:00:01'),
(25, '25-0153', 'Julia Angelene', NULL, 'Enriquez', 'julaiangelene@student.com', 'fc958c4cc6fc00b8041e836c17b92f30', 0, 1, 'no-image-available.png', '2025-09-08 12:00:48'),
(26, '25-0284', 'Tristan Jay', NULL, 'Libid', 'tristanjay@student.com', 'c0ec0cced6d7a971a0466f11c88a1929', 0, 4, 'no-image-available.png', '2025-09-08 12:01:26'),
(27, '25-0002', 'Zandy', NULL, 'Medina', 'zandy@student.com', 'd24da12e036646bc23ee14299a826456', 0, 4, 'no-image-available.png', '2025-09-08 12:02:22'),
(28, '25-0216', 'John Paolo', NULL, 'Miguel', 'johnpaolo@student.com', '2b6f25a0cabe96ad6f0b4a383efbd3fa', 0, 4, 'no-image-available.png', '2025-09-08 12:04:44'),
(29, '25-0194', 'Francis Dion', NULL, 'Salvador', 'francisdion@student.com', 'bf14357628acc81e74c7f9ebdc08fdb1', 0, 4, 'no-image-available.png', '2025-09-09 13:01:31'),
(30, '25-0109', 'Angela', NULL, 'De Guzman', 'angela@student.com', 'f9d1426a1d2bf1b94d016f764143143e', 0, 4, 'no-image-available.png', '2025-09-09 13:02:52'),
(31, '25-0286', 'Jewel Ann', NULL, 'Centeno', 'jewelann@student.com', '9d9fdeb4da0dd574f1639e5591d4cfbc', 0, 4, 'no-image-available.png', '2025-09-09 13:04:50'),
(32, '25-0379', 'Patrick', NULL, 'Bago', 'patrick@student.com', 'b6f020c29a86dfc63abfb36d9ac9b84a', 0, 4, 'no-image-available.png', '2025-09-09 13:06:38'),
(33, '25-0159', 'Pamela Mae', NULL, 'Acupan', 'pamelamae@student.com', '4537c15656e80aaff68df8431c72885c', 0, 4, 'no-image-available.png', '2025-09-09 13:07:56'),
(34, '25-0311', 'Russel Von', NULL, 'Alarcon', 'russelvon@student.com', 'f218397fcbd09ea591291e5869d842ae', 0, 4, 'no-image-available.png', '2025-09-09 13:09:03'),
(35, '25-0313', 'Heart Dezaire', NULL, 'Barcelo', 'heartdezaire@student.com', 'f77aac381faab028672ee9bdf4d98fa6', 0, 4, 'no-image-available.png', '2025-09-09 13:11:38'),
(36, '25-0162', 'Janine', NULL, 'Sotto', 'janine@student.com', '390e61bc56f1b1edfa11920e7c434119', 0, 4, 'no-image-available.png', '2025-09-09 13:13:12'),
(37, '25-0307', 'Cheska Gayle', NULL, 'Corpuz', 'cheskagayle@student.com', '5b36a8ae59566a8bc49b4dd4366c9a64', 0, 4, 'no-image-available.png', '2025-09-09 13:13:26'),
(38, '25-0105', 'princess krisha mae', NULL, 'muyot', 'princesskrishamae@student.com', 'f76cc956511cf025d1b285a18901b703', 0, 4, 'no-image-available.png', '2025-09-09 13:14:42'),
(39, '25-0248', 'Aldrae Nicholas', NULL, 'Dizon', 'aldraenicholas@student.com', '4ca729e39627cf59fbc4478a9a1d7385', 0, 4, 'no-image-available.png', '2025-09-09 13:15:09'),
(40, '25-0298', 'jamilla', NULL, 'laurente', 'jamila@student.com', '2c3d95a638c69be0a891d9cf3df48870', 0, 4, 'no-image-available.png', '2025-09-09 13:17:08'),
(41, '25-0267', 'nicole', NULL, 'jumao-as', 'nicole@student.com', '2a0247e1d3042d1f1926b3ee2fc3e53e', 0, 4, 'no-image-available.png', '2025-09-09 13:18:11'),
(42, '25-0285', 'jeanly vee', NULL, 'damian', 'jeanlyvee@student.com', '0ac3d8ed081d1ba7a6fcfbb091bf7c3e', 0, 4, 'no-image-available.png', '2025-09-09 13:19:12'),
(43, '25-0110', 'Glenn Niño', NULL, 'Malubag', 'glennnino@student.com', '41f499add7f898fc1f55e5f3e18dea1b', 0, 4, 'no-image-available.png', '2025-09-09 13:19:31'),
(44, '25-0269', 'carl lexter', NULL, 'matadling', 'carllexter@student.com', 'bee6dfde149cf1b76110ff1c0467eb3a', 0, 4, 'no-image-available.png', '2025-09-09 13:20:28'),
(45, '25-0266', 'JC Claire', NULL, 'Montuerto', 'jcclaire@student.com', '8a7a83427eab2f42a47bcc36193dba9f', 0, 4, 'no-image-available.png', '2025-09-09 13:21:03'),
(46, '25-0029', 'wilcie joyce', NULL, 'bayan', 'wilciejoyce@student.com', '2a44e97dfbe21b4c7c63d32168d4fc3e', 0, 4, 'no-image-available.png', '2025-09-09 13:21:23'),
(47, '25-0289', 'triztine lee', NULL, 'arellano', 'triztinelee@student.com', '927df513d90899e4bc7baab637acbc76', 0, 4, 'no-image-available.png', '2025-09-09 13:23:18'),
(48, '25-0373', 'bryan', NULL, 'arazo', 'bryan@student.com', 'faceeacc53053b3865fdef38063d06a9', 0, 4, 'no-image-available.png', '2025-09-09 13:24:47'),
(49, '25-0287', 'alexa reena', NULL, 'bautista', 'alexareena@student.com', 'a7e0129571aa25f9056cf754e20ff07f', 0, 4, 'no-image-available.png', '2025-09-09 13:25:44'),
(50, '25-0150', 'janine alexis', NULL, 'dayao', 'janinealexis@student.com', '864b0f82cb843e0b1bf4c68d24b0caba', 0, 4, 'no-image-available.png', '2025-09-09 13:26:48'),
(51, '25-0117', 'Frelli Nicole', NULL, 'Santos', 'frellinicole@student.com', '7d3e447eb849f0277fb25fe4ff3cb679', 0, 4, 'no-image-available.png', '2025-09-09 13:27:24'),
(52, '25-0085', 'michaela angela', NULL, 'fajardo', 'michaelaangela@student.com', '967b32a1cd9bebbb41cfbfa46918e178', 0, 4, 'no-image-available.png', '2025-09-09 13:28:04'),
(53, '25-0166', 'dale matthew', NULL, 'lazatin', 'dalematthew@student.com', '1911df4225d02f2f5396f8e0275a8895', 0, 4, 'no-image-available.png', '2025-09-09 13:30:00'),
(54, '25-0294', 'jomar', NULL, 'marigsa', 'jomar@student.com', 'e7ca5c2a6768b5d001448ba87f842856', 0, 4, 'no-image-available.png', '2025-09-09 13:30:54'),
(55, '25-0043', 'jade ann', NULL, 'paltao', 'jadeann@student.com', '4f30e4b1e9c7edcc9f2cb444449eb49f', 0, 4, 'no-image-available.png', '2025-09-09 13:31:52'),
(56, '25-0191', 'keziah muriel', NULL, 'tabalno', 'keziahmuriel@student.com', 'c6d174062a70a908e8d981e35670a853', 0, 4, 'no-image-available.png', '2025-09-09 13:33:07'),
(57, '25-0367', 'gnash francis', NULL, 'umali', 'gnashfrancis@student.com', 'afb2ccc3f8a90e188e118565f6c654a2', 0, 4, 'no-image-available.png', '2025-09-09 13:34:09'),
(58, '25-0370', 'rianne mae', NULL, 'urgino', 'riannemae@student.com', 'db4f281a09a0de2665c33bb7018ae02a', 0, 4, 'no-image-available.png', '2025-09-09 13:35:06'),
(59, '25-0142', 'gilbert quiel', NULL, 'villamar', 'gilbertquiel@student.com', '449291754c47944e535f158029457b12', 0, 4, 'no-image-available.png', '2025-09-09 13:36:09'),
(60, '25-0339', 'nikki', NULL, 'malazarte', 'nikki@student.com', 'b06eb1b6e94bdaa61e5a90d08c164859', 0, 4, 'no-image-available.png', '2025-09-09 13:37:05'),
(61, '25-0308', 'amy', NULL, 'espiritu', 'amy@student.com', 'ed3f01f9f56b982a896c2f757cebefe6', 0, 4, 'no-image-available.png', '2025-09-09 13:38:00'),
(62, '25-0080', 'Althea', NULL, 'Escuador', 'althea@student.com', 'bd0292ef4256183182e636e9759264d2', 0, 1, 'no-image-available.png', '2025-09-09 13:56:02'),
(63, '25-0022', 'Princess Loraine', NULL, 'Ferreon', 'princessloraine@student.com', 'e61ef0f4c0d804c062af09607ed36790', 0, 1, 'no-image-available.png', '2025-09-09 13:57:08'),
(64, '25-0102', 'Lorie Anne', NULL, 'Fontanilla', 'lorieanne@student.com', '0d56012260dcbf4f365d585e3e7b4947', 0, 1, 'no-image-available.png', '2025-09-09 13:58:05'),
(65, '25-0040', 'Christine Joy', NULL, 'Florendo', 'christinejoy@student.com', 'be5425ddf3473b1eb995d12049bc977b', 0, 1, 'no-image-available.png', '2025-09-09 13:58:55'),
(66, '25-0027', 'Rizza', NULL, 'Gayla', 'rizza@student.com', '05bfee00e3b2cb7ccd3f145f1b198e95', 0, 1, 'no-image-available.png', '2025-09-09 13:59:34'),
(67, '25-0230', 'Maicca Jeanna', NULL, 'Guiang', 'maiccajeanna@student.com', '36b9ddf52bae24f382e80ac86dec8da1', 0, 1, 'no-image-available.png', '2025-09-09 14:01:09'),
(68, '25-0135', 'John Michael', NULL, 'Indiana', 'johnmichael@student.com', 'f7903fb25c6b8deea1b79a484be55767', 0, 1, 'no-image-available.png', '2025-09-09 14:02:02'),
(69, '25-0235', 'Ayhecia Lorreign', NULL, 'Las Piñas', 'ayhecialorreign@student.com', '316a1cf226ede44d6dc4ab6c43c1c5eb', 0, 1, 'no-image-available.png', '2025-09-09 14:09:53'),
(70, '25-0295', 'Mikaella Divine', NULL, 'Lagsilon', 'mikaelladivine@student.com', '7f1f29e692ba010378a9861dab86ca52', 0, 1, 'no-image-available.png', '2025-09-09 14:10:46'),
(71, '25-0084', 'Hazel', NULL, 'Manaran', 'hazel@student.com', '3f7030d12d923f51264a12782c7a6037', 0, 1, 'no-image-available.png', '2025-09-09 14:11:41'),
(72, '25-0083', 'Cherry', NULL, 'Masaybing', 'cherry1@student.com', '7e442dfa0c372b991072484e94abc1df', 0, 1, 'no-image-available.png', '2025-09-09 14:12:57'),
(73, '25-0206', 'Pauline', NULL, 'Medrano', 'pauline@student.com', '344f0a9ced0c0956361a59b29b66d6f2', 0, 1, 'no-image-available.png', '2025-09-09 14:13:45'),
(74, '25-0106', 'Allyssa Joy', NULL, 'Fajardo', 'allyssajoy@student.com', 'a5f9db0084bf7e6a684d10bbc7afa001', 0, 1, 'no-image-available.png', '2025-09-09 14:14:50'),
(75, '25-0042', 'Laralaine', NULL, 'Ocampo', 'laralaine@student.com', 'a61f28e169d2ce005380c2d5ca25cad4', 0, 1, 'no-image-available.png', '2025-09-09 14:15:40'),
(76, '25-0011', 'Mhyla', NULL, 'Ocumen', 'mhyla@student.com', '13b702512348c8416de196888ea57f0b', 0, 1, 'no-image-available.png', '2025-09-09 14:16:22'),
(77, '25-0020', 'Jillian', NULL, 'Petacio', 'jillian@student.com', '24bfe01f2d7840447979f3a81fc36c65', 0, 1, 'no-image-available.png', '2025-09-09 14:18:32'),
(78, '25-0028', 'Andrea Pauleen', NULL, 'Ponce', 'andreapauleen@student.com', 'c532286ad7286925a641f43465dadd4a', 0, 1, 'no-image-available.png', '2025-09-09 14:19:18'),
(79, '25-0227', 'Mary Grace', NULL, 'Ramos', 'marygrace1@student.com', '5f1f1f4e959479e4f53b516e26141b53', 0, 1, 'no-image-available.png', '2025-09-09 14:20:35'),
(80, '25-0198', 'Angelita', NULL, 'Seradoy', 'angelita@student.com', '53aacd219248d7cf0239505007f68799', 0, 1, 'no-image-available.png', '2025-09-09 14:21:33'),
(81, '25-0044', 'Jay Angelo', NULL, 'Salcedo', 'jayangelo@student.com', '3e68ec9cffd8868ee931248385694061', 0, 1, 'no-image-available.png', '2025-09-09 14:22:46'),
(82, '25-0378', 'Jorizza Mae', NULL, 'Talania', 'jorizzamae@student.com', 'd671add8c7d68874a35c0d0c2178a38c', 0, 1, 'no-image-available.png', '2025-09-09 14:24:16'),
(83, '25-0026', 'Lewis Alfred', NULL, 'Tinio', 'lewisalfred@student.com', '064add50182475853694c999f3f1040a', 0, 1, 'no-image-available.png', '2025-09-09 14:25:02'),
(84, '25-0058', 'Reynalyn', NULL, 'Valenciana', 'reynalyn@student.com', 'ab516914b6a2333c8c5972ca2e58f135', 0, 1, 'no-image-available.png', '2025-09-09 14:25:49'),
(85, '25-0037', 'Jonel Bien', NULL, 'Yabut', 'jonelbien@student.com', '26d1da5a27ada6822a681bcdad0dabea', 0, 1, 'no-image-available.png', '2025-09-09 14:26:30'),
(86, '25-0388', 'Leanne Grace', NULL, 'Perez', 'leannegrace@student.com', '8cc3b54855005bd76326aaca5d41d3bf', 0, 1, 'no-image-available.png', '2025-09-09 14:27:19'),
(87, '24-0377', 'Kim Amherey', NULL, 'Javier', 'kimamherey@student.com', 'ba4e6d4837a970d6787a942b059bc6f3', 0, 15, 'no-image-available.png', '2025-11-20 10:42:53'),
(88, '24-0072', 'Jasmine', NULL, 'Neuda', 'jasmine@student.com', '73e38cfa07d89f86caa7462c8c747601', 0, 15, 'no-image-available.png', '2025-11-20 10:43:57'),
(89, '23-0183', 'Jenille', NULL, 'Abuan', 'jenille@student.com', '7d4fc316ad92cd07dfcf3fa3c875d6d1', 0, 36, 'no-image-available.png', '2025-11-20 10:44:55'),
(90, '24-0191', 'Blessed Cam', NULL, 'Perlado', 'blessedcam@student.com', '2b61cd2c44a381a3c3a63320f9834541', 0, 15, 'no-image-available.png', '2025-11-20 10:45:13'),
(91, '23-0037', 'Alzeah', '', 'Andaya', 'alzeah@student.com', '79023ef7d1be918758925c2b37a966e7', 0, 36, 'no-image-available.png', '2025-11-20 10:46:17'),
(92, '24-0070', 'Jillian', NULL, 'Verginiza', 'jillian2@student.com', '4745bb6611c7a768f56a15651f588e81', 0, 15, 'no-image-available.png', '2025-11-20 10:46:49'),
(93, '23-0230', 'Emmanuel', NULL, 'Andrada', 'emmanuel@student.com', '135c18605ae6daf65c94340a0aad639d', 0, 36, 'no-image-available.png', '2025-11-20 10:47:48'),
(94, '24-0151', 'Cheelzy', NULL, 'Carera', 'cheelzy@student.com', '5faeca3c977ca457cb01799a33fa4f67', 0, 15, 'no-image-available.png', '2025-11-20 10:48:17'),
(95, '23-0324', 'Haravel', NULL, 'Atienza', 'haravel@student.com', 'a2d4435e634ada13c872e77cfd344965', 0, 36, 'no-image-available.png', '2025-11-20 10:48:52'),
(96, '24-0057', 'Carla Mae', NULL, 'Erese', 'carlamae@student.com', '4a57ac87edc544834312dcd0ea9b0309', 0, 15, 'no-image-available.png', '2025-11-20 10:49:05'),
(97, '24-0121', 'Julie Ann ', NULL, 'Valderama', 'julieann@student.com', '1035cfc67263438e3000a08232bcd5fc', 0, 15, 'no-image-available.png', '2025-11-20 10:50:13'),
(98, '23-0066', 'Ma. Theresa', NULL, 'Bergado', 'ma.theresa@student.com', '570646c4ddc60fb642f7d93fc4f3e502', 0, 36, 'no-image-available.png', '2025-11-20 10:50:39'),
(99, '24-0122', 'Jan Laurenz', NULL, 'Sabado', 'janlaurenz@student.com', '78fef6dcc0397b5895397ada7d192fcb', 0, 15, 'no-image-available.png', '2025-11-20 10:51:07'),
(100, '23-0024', 'Precious Kate', NULL, 'Carpio', 'preciouskate@student.com', 'e06b6ae4b72e73cc73dc786c3bd873c2', 0, 36, 'no-image-available.png', '2025-11-20 10:51:47'),
(101, '24-0204', 'Francyn', NULL, 'Mallari', 'francyn@student.com', '9623c1ec054a60139d3cc315f3d121cd', 0, 15, 'no-image-available.png', '2025-11-20 10:51:58'),
(102, '24-0178', 'Jherssy', NULL, 'Correa', 'jherssy@student.com', '6d6e893851e02bcb8883eb9e5a202ca3', 0, 15, 'no-image-available.png', '2025-11-20 10:52:39'),
(103, '23-0136', 'Jazlyn', NULL, 'Clemente', 'jazlyn@student.com', 'c883fcb78589320161d679fda7083fff', 0, 36, 'no-image-available.png', '2025-11-20 10:53:13'),
(104, '24-0247', 'Adrian', NULL, 'Almirol', 'adrian@student.com', '6ff81db10a9e3830f166ba1191174414', 0, 15, 'no-image-available.png', '2025-11-20 10:53:29'),
(105, '23-0144', 'Edmond', NULL, 'Domingo', 'edmond@student.com', 'be469d4f658f0c67753ef65086494e95', 0, 36, 'no-image-available.png', '2025-11-20 10:54:08'),
(106, '24-0222', 'Queen Jazzel', NULL, 'Francisco', 'queenjazzel@student.com', 'c528cf4b4a9d89d0edf2094946109b6c', 0, 15, 'no-image-available.png', '2025-11-20 10:54:33'),
(107, '23-0104', 'Lea', NULL, 'Fiel', 'lea@student.com', '6602b31b37d95e62a90889020624006b', 0, 36, 'no-image-available.png', '2025-11-20 10:55:14'),
(108, '24-0307', 'Julie Ann', NULL, 'Pascual', 'julieann2@student.com', '469bf601a8a79c22c9a6e3f98c6c6d87', 0, 15, 'no-image-available.png', '2025-11-20 10:55:31'),
(109, '23-0087', 'Lorie Jane', NULL, 'Flores', 'loriejane@student.com', 'd473c7e62258a2e3a744144850c2eb2a', 0, 36, 'no-image-available.png', '2025-11-20 10:56:11'),
(110, '24-0140', 'Lyrene Jane', NULL, 'Evalengista', 'lyrenejane@student.com', '90425cc14681432da18d900e3daca2a6', 0, 15, 'no-image-available.png', '2025-11-20 10:57:38'),
(111, '23-0049', 'Euny Rhouze', NULL, 'Frany', 'eunyrhouze@student.com', 'ea6d72b510f9a3603266d450585b9981', 0, 36, 'no-image-available.png', '2025-11-20 10:58:07'),
(112, '24-0045', 'Julia Ann ', NULL, 'Sareno', 'julaiann@student.com', '7dd120fc2f5fad4920145584e37f2cfa', 0, 15, 'no-image-available.png', '2025-11-20 10:58:35'),
(113, '23-0304', 'Roxanne', NULL, 'Galang', 'roxanne@student.com', '22b5643ee1872e85b90100d02d4c69f5', 0, 36, 'no-image-available.png', '2025-11-20 10:59:07'),
(114, '24-0019', 'Daryl Jane', NULL, 'Pabalate', 'daryljane@student.com', '44e4a3510fd3e0704d5c36d95988a589', 0, 15, 'no-image-available.png', '2025-11-20 10:59:23'),
(115, '24-0228', 'Marialene', NULL, 'Sayo', 'marialene@student.com', '0782dd2a046b43e8827cda7b73e74df8', 0, 15, 'no-image-available.png', '2025-11-20 11:00:14'),
(116, '23-0243', 'Azhelle Faith Dyan', NULL, 'Guevarra', 'azhellefaithdyan@student.com', '35591ca8d9d40da5c560d74527f0a0fe', 0, 36, 'no-image-available.png', '2025-11-20 11:00:58'),
(117, '24-0276', 'Julius Ceazar', NULL, 'Dizon', 'juliusceazar@student.com', '39d0720c17c4c94bfae1480fa3f3e075', 0, 15, 'no-image-available.png', '2025-11-20 11:01:51'),
(118, '23-0134', 'Reymark', NULL, 'Liciawa', 'reymark@student.com', 'c7c41d5a3eb8be1a95592985b8e9e002', 0, 36, 'no-image-available.png', '2025-11-20 11:02:13'),
(119, '24-0136', 'Renz Frederick', NULL, 'Arco', 'renzfrederick@student.com', 'bda1e8eb032b92e8c48e25a6fd39bd5a', 0, 15, 'no-image-available.png', '2025-11-20 11:03:51'),
(120, '23-0004', 'Helaena', NULL, 'Melu', 'helaena@student.com', '802746f5d21d17c67e5ae82f4690de2c', 0, 36, 'no-image-available.png', '2025-11-20 11:03:51'),
(121, '24-0044', 'Princess Jewel', NULL, 'Dela Rosa', 'princessjewel@student.com', '0aaa639fa116343e6b1e08e76e12ff43', 0, 15, 'no-image-available.png', '2025-11-20 11:05:12'),
(122, '23-0210', 'Eduardo', NULL, 'Obina', 'eduardo@student.com', '68de616ca23dd99a5adb99aa04132873', 0, 36, 'no-image-available.png', '2025-11-20 11:05:43'),
(123, '24-0322', 'Kyla Jane', NULL, 'Jaime', 'kylajane@student.com', '03b3fce2bff8fa28fb5560bb35c7ab98', 0, 15, 'no-image-available.png', '2025-11-20 11:06:01'),
(124, '24-0006', 'Julla Rose', NULL, 'Calica', 'jullarose@student.com', '65f66916e31c4e25681c27a7da8b1fae', 0, 15, 'no-image-available.png', '2025-11-20 11:06:46'),
(125, '23-0006', 'Frederick', NULL, 'Quinto', 'frederick@student.com', '465a5b31c10e496a32e8ad3c3315cad4', 0, 36, 'no-image-available.png', '2025-11-20 11:07:39'),
(126, '24-0073', 'Princess Ma. Teresa', NULL, 'Galvez', 'princessmateresa@student.com', '210f734dbd1d1fa3b6f6ae376ad9dd46', 0, 15, 'no-image-available.png', '2025-11-20 11:08:31'),
(127, '23-0332', 'Lyka', NULL, 'Quinto', 'lyka@student.com', '5c792dd01b995810cc883d7fc4dc932f', 0, 36, 'no-image-available.png', '2025-11-20 11:09:07'),
(128, '24-0255', 'Lei Andrea', NULL, 'Dauz', 'leiandrea@student.com', '58786f937f97bb095b54a3867c460766', 0, 15, 'no-image-available.png', '2025-11-20 11:09:33'),
(129, '23-0023', 'Bernadeth', NULL, 'Sacopla', 'bernadeth@student.com', 'dcdf0025a345c9d3e90a4b594be7436a', 0, 36, 'no-image-available.png', '2025-11-20 11:10:52'),
(130, '24-0305', 'Angel', NULL, 'Fernandez', 'angel@student.com', '6e91588963968720f3648beed8a22b46', 0, 15, 'no-image-available.png', '2025-11-20 11:10:58'),
(131, '24-0205', 'Ronald', NULL, 'Ringor', 'ronald@student.com', 'a013b6e02910f6b0b66954b9e6a48cdf', 0, 15, 'no-image-available.png', '2025-11-20 11:12:23'),
(132, '24-0171', 'Ester Marie', NULL, 'Patulayin', 'estermarie@student.com', 'eddc69148a72be934adaee4cbde0c793', 0, 15, 'no-image-available.png', '2025-11-20 11:13:39'),
(133, '24-0233', 'Jolea', NULL, 'Agbayani', 'jolea@student.com', '94459a0ba35819a63abfdf208360444e', 0, 23, 'no-image-available.png', '2025-11-20 11:13:41'),
(134, '24-0262', 'Mary Grace', NULL, 'Pineda', 'marygrace3@student.com', 'c610adcc29587d793c2520154b8255ee', 0, 15, 'no-image-available.png', '2025-11-20 11:14:41'),
(135, '24-0181', 'Allen Jeremy', NULL, 'Jorduela ', 'allenjeremy@student.com', 'ac793a62a0809db5f405347b74f01fc0', 0, 15, 'no-image-available.png', '2025-11-20 11:15:59'),
(136, '24-0014', 'Dainielle', NULL, 'Bautista', 'dainielle@student.com', 'c978bb05493c12e9a7c47840cf7245ab', 0, 23, 'no-image-available.png', '2025-11-20 11:16:07'),
(137, '24-0188', 'Zyrille Althea', NULL, 'Remocal', 'zyrillealthea@student.com', 'a0787cd346ba6d0bd3da2f64c94f0a60', 0, 15, 'no-image-available.png', '2025-11-20 11:17:56'),
(138, '24-0120', 'Lary', NULL, 'Billiones', 'lary@student.com', '77aad052e8b707ba743486554023cce2', 0, 23, 'no-image-available.png', '2025-11-20 11:18:14'),
(139, '24-0071', 'Rae Mart', NULL, 'Lualhati', 'raemart@student.com', 'e63e07a8f776b0d1747dd389afca9e11', 0, 15, 'no-image-available.png', '2025-11-20 11:18:39'),
(140, '24-0117', 'Ivan', NULL, 'Calderon', 'ivan@student.com', 'aafa5c7b2c8bd8ddc5579ea828d93c4c', 0, 23, 'no-image-available.png', '2025-11-20 11:19:04'),
(141, '24-0308', 'Domenic', NULL, 'Montezer', 'domenic@student.com', 'f1bce0f0e559d912dfaa9705f9ed1322', 0, 15, 'no-image-available.png', '2025-11-20 11:19:22'),
(142, '24-0358', 'Julliana', NULL, 'Lorenzo', 'julliana@student.com', '635324f2e4169dcb94d4216c18350366', 0, 15, 'no-image-available.png', '2025-11-20 11:20:21'),
(143, '24-0059', 'Shaireen Lei', NULL, 'Costales', 'shaireenlei@student.com', '01a0125b4179caf2063549c4a54bce74', 0, 23, 'no-image-available.png', '2025-11-20 11:20:51'),
(144, '24-0241', 'Ian', NULL, 'Galapate', 'ian@student.com', '9157b05674ec6f2aba55348c1a13d0da', 0, 15, 'no-image-available.png', '2025-11-20 11:21:17'),
(145, '24-0116', 'Ceasar Ian', NULL, 'Parayno', 'ceasarian@student.com', '7ae2b2edab2788627d752af3b64e31c3', 0, 15, 'no-image-available.png', '2025-11-20 11:21:58'),
(146, '24-0343', 'Rainiel', NULL, 'Fernando', 'rainiel@student.com', '59ff29be027cd0828f6227626052bc71', 0, 23, 'no-image-available.png', '2025-11-20 11:22:19'),
(147, '24-0351', 'Queenee', NULL, 'Agunat', 'queenee@student.com', 'b3216449bf81b5876f5ffa5222a6a7d2', 0, 15, 'no-image-available.png', '2025-11-20 11:22:36'),
(148, '24-0170', 'Phil Marion', NULL, 'Sarte', 'philmarion@student.com', 'dda27bce673baaf7c1f2d227d6c04f42', 0, 15, 'no-image-available.png', '2025-11-20 11:23:22'),
(149, '24-0005', 'John Ruel', NULL, 'Gutierrez', 'johnruel@student.com', 'ede0f018178de4d20a3ce98b121d87a8', 0, 23, 'no-image-available.png', '2025-11-20 11:23:39'),
(150, '24-0017', 'Angela Mae', NULL, 'Jacinto', 'angelamae@student.com', '6b72ca1c415d91be2c032103dccc503d', 0, 23, 'no-image-available.png', '2025-11-20 11:25:27'),
(151, '24-0240', 'Russel', NULL, 'Esquejo', 'russel@student.com', 'c8ac17b2da7888722cc9d4bdf8cb7984', 0, 19, 'no-image-available.png', '2025-11-20 11:26:58'),
(152, '24-0069', 'Trixie', NULL, 'Nieves', 'trixie@student.com', 'bb1fc6034e556adbff26415994c76c0e', 0, 19, 'no-image-available.png', '2025-11-20 11:27:49'),
(153, '24-0202', 'Jonas', NULL, 'Meradios', 'jonas@student.com', '0713a96552cdf848c996b96cd5cf4987', 0, 23, 'no-image-available.png', '2025-11-20 11:28:07'),
(154, '24-0054', 'Minea', NULL, 'Reyes', 'minea@student.com', '07a08bcffd90ca0e390d9877d29d2977', 0, 19, 'no-image-available.png', '2025-11-20 11:28:38'),
(155, '24-0315', 'Angel', NULL, 'Mercado', 'angel1@student.com', '3fa5d67be7c8720f9aeaabce40f0cd67', 0, 23, 'no-image-available.png', '2025-11-20 11:29:23'),
(156, '24-0113', 'Lady Rose', NULL, 'Camading', 'ladyrose@student.com', '2177331ff6bed5577ae762679551045a', 0, 19, 'no-image-available.png', '2025-11-20 11:29:36'),
(157, '24-0064', 'Ginalyn', NULL, 'Angeles', 'ginalyn@student.com', '1fc77315569b33d08dac2341fc6b8e38', 0, 19, 'no-image-available.png', '2025-11-20 11:30:15'),
(158, '24-0027', 'Christine Ava', NULL, 'Nolasco', 'christineava@student.com', 'ab3cb1361085f0e45df897ef2ccc95fb', 0, 23, 'no-image-available.png', '2025-11-20 11:31:13'),
(159, '24-0001', 'Bea', NULL, 'Pariñas', 'bea@student.com', '76074f612628b0b8b7639f6e244b4aa9', 0, 19, 'no-image-available.png', '2025-11-20 11:32:03'),
(160, '24-0236', 'Almira', NULL, 'Ortega', 'almira@student.com', '70e2c4980aa1108981a7feb451b8d4c0', 0, 23, 'no-image-available.png', '2025-11-20 11:32:28'),
(161, '24-0361', 'Princess Anne', NULL, 'Ramos', 'princessanne@student.com', '220c187b5806615b9c821f0cd8ef5e3d', 0, 19, 'no-image-available.png', '2025-11-20 11:33:16'),
(162, '24-0288', 'John Carlo', NULL, 'Ramos', 'johncarlo@student.com', '203cb775efa252b0637b88d5c477de12', 0, 23, 'no-image-available.png', '2025-11-20 11:33:19'),
(163, '24-0359', 'Katelyn', NULL, 'Nieves', 'katelyn@student.com', 'abab9ba623fed324e0d62fe47ffda00b', 0, 19, 'no-image-available.png', '2025-11-20 11:34:04'),
(164, '24-0033', 'Jake Racel', NULL, 'Santiago', 'jakeracel@student.com', '57a3db8303d79c1f9ac81ba7b7177efa', 0, 23, 'no-image-available.png', '2025-11-20 11:34:34'),
(165, '24-0141', 'Michael Morris', NULL, 'Paras', 'michaelmorris@student.com', '0f03c8c06974196395a45dd632f322c3', 0, 19, 'no-image-available.png', '2025-11-20 11:34:45'),
(166, '24-0282', 'Fernalyn', NULL, 'Cudal', 'fernalyn@student.com', '2a73ee88dd73bd85f2dc8eb3ff06a334', 0, 19, 'no-image-available.png', '2025-11-20 11:35:25'),
(167, '24-0354', 'Kimberlyn', NULL, 'Sombrito', 'kimberlyn@student.com', 'e611468b3f67e6959b9183c0d1ec96b2', 0, 23, 'no-image-available.png', '2025-11-20 11:35:41'),
(168, '24-0183', 'Bon Jovie', NULL, 'Cruz', 'bonjovie@student.com', '2208d50bb9c58109d7675be1a1b45fc3', 0, 19, 'no-image-available.png', '2025-11-20 11:36:09'),
(169, '24-0065', 'Cyrille Suzanne', NULL, 'Valdez', 'cyrillesuzanne@student.com', '98e05aa4c53935cf0717774e97a96f88', 0, 23, 'no-image-available.png', '2025-11-20 11:36:50'),
(170, '24-0297', 'Jerwilyn', NULL, 'Mercado', 'jerwilyn@student.com', '763d933a1062ae1f88c62d2a51e53f8a', 0, 19, 'no-image-available.png', '2025-11-20 11:36:56'),
(171, '24-0087', 'Danica', NULL, 'Lopez', 'danica@student.com', '0a0404bfae9df233e91fb3daba9059e8', 0, 19, 'no-image-available.png', '2025-11-20 11:37:31'),
(172, '24-0352', 'Richard Brent', NULL, 'Villa', 'richardbrent@student.com', '0b58d156bfe50c59496a40343b3040b1', 0, 23, 'no-image-available.png', '2025-11-20 11:37:53'),
(173, '24-0089', 'Crystal Jade', NULL, 'Catong', 'crystaljade@student.com', 'e0d0fe60308134fe0077c9267c15034c', 0, 19, 'no-image-available.png', '2025-11-20 11:38:13'),
(174, '24-0079', 'Jona', NULL, 'Castillo', 'jona@student.com', '6b4860154298dc9e2e7bf164d20d1482', 0, 19, 'no-image-available.png', '2025-11-20 11:38:49'),
(175, '24-0326', 'Irene', NULL, 'Alfonso', 'irene@student.com', 'c6587e7771d5ff48ed3ecc37745251b0', 0, 24, 'no-image-available.png', '2025-11-20 11:41:49'),
(176, '24-0056', 'Marjorie', NULL, 'Arceo', 'marjorie@student.com', '5381237796012f9934b9f358c8d1ea02', 0, 24, 'no-image-available.png', '2025-11-20 11:42:32'),
(177, '24-0321', 'Lalaine Mae', NULL, 'Apelado', 'lalainemae@student.com', 'a3060cda31f6d38a0f29ec3d487de66d', 0, 14, 'no-image-available.png', '2025-11-20 11:42:41'),
(178, '24-0078', 'Rica Mae', NULL, 'Asuncion', 'ricamae@student.com', '207dd81cd8e3a9e9714ad684d3aeae19', 0, 24, 'no-image-available.png', '2025-11-20 11:43:32'),
(179, '24-0289', 'Mary Grace', NULL, 'Balderama', 'marygrace4@student.com', '510f6a2c2565979f4dfd0c0c8b4486df', 0, 24, 'no-image-available.png', '2025-11-20 11:44:51'),
(180, '24-0198', 'Joana Joy', NULL, 'Badua', 'joanajoy@student.com', 'c507b49fc3d3406bb7d142386e1f170d', 0, 14, 'no-image-available.png', '2025-11-20 11:44:54'),
(181, '24-0091', 'Chellika', NULL, 'Cacayurin', 'chellika@student.com', '1c4e806719d975cb40a2aad9a5a5aabd', 0, 14, 'no-image-available.png', '2025-11-20 11:46:31'),
(182, '24-0097', 'Jhebeth Prince', NULL, 'Bunag', 'jhebethprince@student.com', '25ad9b55b980e6bf7c6cb04b00f66a54', 0, 24, 'no-image-available.png', '2025-11-20 11:47:17'),
(183, '24-0290', 'Trixie Ann', NULL, 'Cabanilla', 'trixieann@student.com', 'b1dd89bb7fe94c3cbd17644cc2f7c6e0', 0, 24, 'no-image-available.png', '2025-11-20 11:48:13'),
(184, '24-0211', 'Carmella Joanna Paulene', NULL, 'Callanta', 'carmellajoanapaulene@student.com', 'da48700ecebf30992ec438e8f7fc73ab', 0, 14, 'no-image-available.png', '2025-11-20 11:48:20'),
(185, '24-0329', 'Jodie', NULL, 'Calica', 'jodie@student.com', '2308f0f10073577e7fec24847653f15d', 0, 24, 'no-image-available.png', '2025-11-20 11:48:48'),
(186, '24-0074', 'Camille', NULL, 'Cuevo', 'camille@student.com', '80270de40ff01c67f3b7bde0f26b190f', 0, 24, 'no-image-available.png', '2025-11-20 11:49:25'),
(187, '24-0152', 'Lovely Rose', NULL, 'Cayetano', 'lovelyrose@student.com', '9f4f227d238acb80db3e8d90e1b2a659', 0, 14, 'no-image-available.png', '2025-11-20 11:49:27'),
(188, '24-0100', 'John Carlo', NULL, 'Cunanan', 'johncarlo1@student.com', 'c06c98204788d839b57f83c7b3f90ed8', 0, 24, 'no-image-available.png', '2025-11-20 11:50:15'),
(189, '24-0040', 'Nerryl Joy', NULL, 'Cervantes', 'nerryljoy@student.com', 'b55353894f869b27590c8b8afef45202', 0, 14, 'no-image-available.png', '2025-11-20 11:50:53'),
(190, '24-0362', 'Myles Anjella', NULL, 'De Jesus', 'mylesanjella@student.com', 'd549cb78b073b088f4604fc3425a94f2', 0, 24, 'no-image-available.png', '2025-11-20 11:51:08'),
(191, '24-0012', 'Kyla Nicole', NULL, 'De Jesus', 'kylanicole@student.com', '7ab62df6c779a19705e61de5a8ac1654', 0, 14, 'no-image-available.png', '2025-11-20 11:51:57'),
(192, '24-0345', 'Abegail', '', 'Dupra', 'abegail@student.com', '74f6eb63c1a580fdfb128dca6e217dff', 1, 24, 'no-image-available.png', '2025-11-20 11:52:12'),
(193, '24-0004', 'Hazel Ann', NULL, 'Estabillo', 'hazelann@student.com', 'fa79be9131e64a6820fefd3cb222b522', 0, 24, 'no-image-available.png', '2025-11-20 11:53:00'),
(194, '24-0221', 'Carl Jason', NULL, 'Desamito', 'carljason@student.com', 'b8988d744f8e0112b30ec64e4a80fe30', 0, 14, 'no-image-available.png', '2025-11-20 11:53:10'),
(195, '24-0339', 'Airell Ashley', NULL, 'Fernandez', 'airellashley@student.com', '523e29e0cf70760b2428e00b2acee56c', 0, 24, 'no-image-available.png', '2025-11-20 11:54:09'),
(196, '24-0041', 'James Errol', NULL, 'Francisco', 'jameserrol@student.com', 'efed012a90000ab8e6c8f3dd6e4e3ab0', 0, 24, 'no-image-available.png', '2025-11-20 11:54:56'),
(197, '24-0108', 'Princess Christine', NULL, 'Evangelista', 'princesschristine@student.com', '57d491860e9fc80a0b11d2e20970e375', 0, 14, 'no-image-available.png', '2025-11-20 11:54:59'),
(198, '24-0037', 'Cherish', NULL, 'Garcia', 'cherish@student.com', 'b6f7c105ee13fe499fef2328c8b124ca', 0, 24, 'no-image-available.png', '2025-11-20 11:55:33'),
(199, '24-0081', 'Sean Austin', NULL, 'Fajardo', 'seanaustin@student.com', 'd47338e40e87fbbb10a052dd9c98ac89', 0, 14, 'no-image-available.png', '2025-11-20 11:56:20'),
(200, '24-0094', 'Russel Ann', NULL, 'Grospe', 'russelann@student.com', '86453f131eeb207d9f135bd459217ef8', 0, 24, 'no-image-available.png', '2025-11-20 11:56:27'),
(201, '24-0234', 'Maricris', NULL, 'Guevarra', 'maricris@student.com', '62838d318777fe70f35ea50f98d780a4', 0, 14, 'no-image-available.png', '2025-11-20 11:57:20'),
(202, '24-0155', 'Rouier Ashley', NULL, 'Hermina', 'rouierashley@student.com', '1d678090f723bf6c70e5c574c6938543', 0, 24, 'no-image-available.png', '2025-11-20 11:57:37'),
(203, '24-0257', 'Andrea Mae', NULL, 'Jose', 'andreamae@student.com', '1192887c4ab36ede67d5ffd96ed1cd9d', 0, 24, 'no-image-available.png', '2025-11-20 11:58:16'),
(204, '24-0300', 'Lorenzo', NULL, 'Lagasca', 'lorenzo@student.com', 'c527399b08d2fc5c0c46c6764cca1e0f', 0, 14, 'no-image-available.png', '2025-11-20 11:58:30'),
(205, '24-0313', 'Kyla Mariz', NULL, 'Magno', 'kylamariz@student.com', '7a7b62654795bf75742b46c4a57b9f7b', 0, 24, 'no-image-available.png', '2025-11-20 11:58:59'),
(206, '24-0261', 'Harold', NULL, 'Lagisma', 'harold@student.com', 'e30b378a114a42dd473e314b00b11369', 0, 14, 'no-image-available.png', '2025-11-20 11:59:19'),
(207, '24-0075', 'Jasper', NULL, 'Mariano', 'jasper@student.com', '4862d2c2d397b65cbc2d382d7e5cde8b', 0, 24, 'no-image-available.png', '2025-11-20 11:59:37'),
(208, '24-0273', 'France Lexter', NULL, 'Muli', 'francelexter@student.com', 'a3e5ad917c995bc076b2e87bbb7d3009', 0, 24, 'no-image-available.png', '2025-11-20 12:00:26'),
(209, '24-0013', 'Raign Alexis', NULL, 'Nuñez', 'raignalexis@student.com', 'bc304f65fb2069505d51e963c0673096', 0, 14, 'no-image-available.png', '2025-11-20 12:00:56'),
(210, '24-0104', 'Josefa Usher', NULL, 'Pangandian', 'josefausher@student.com', 'c369bfad803d6c8372ba1ce2f174ba4b', 0, 24, 'no-image-available.png', '2025-11-20 12:01:16'),
(211, '24-0084', 'Karl Cyrus', NULL, 'Ramirez', 'karlcyrus@student.com', '628822f89947eb04b23c433c46ffae6c', 0, 24, 'no-image-available.png', '2025-11-20 12:02:01'),
(212, '24-0235', 'Angel Kristeen Kearl', NULL, 'Padama', 'angelkristeenkearl@student.com', '1e73387a95445216cc16657495564d56', 0, 14, 'no-image-available.png', '2025-11-20 12:02:18'),
(213, '24-0109', 'Kazandra Camille', NULL, 'Ramos', 'kazandracamille@student.com', '9578b47ab7b575c8031e1e72a0d4ee18', 0, 24, 'no-image-available.png', '2025-11-20 12:03:03'),
(214, '24-0153', 'Clarissa', NULL, 'Ruzo', 'clarissa@student.com', '4f109322c316f482bb1d5bfbfcf52d27', 0, 14, 'no-image-available.png', '2025-11-20 12:03:18'),
(215, '24-0259', 'Jefty III', NULL, 'Sagud', 'jefty@student.com', '2b7151de6fcbb7ae31e2306785aa0c7c', 0, 24, 'no-image-available.png', '2025-11-20 12:03:52'),
(216, '24-0373', 'Rose Ann', NULL, 'Sumawang', 'roseann@student.com', 'e9e0f92f9ec3b003f6829fbe4e15ff18', 0, 24, 'no-image-available.png', '2025-11-20 12:04:33'),
(217, '24-0265', 'Lyka', NULL, 'Sibuma', 'lyka1@student.com', 'eeb2d0b492bc848cd1484c9651f7e339', 0, 14, 'no-image-available.png', '2025-11-20 12:05:10'),
(218, '24-0311', 'Ellaiza', NULL, 'Taberna', 'ellaiza@student.com', '925867c65e6b388e810112cd3362bb5c', 0, 24, 'no-image-available.png', '2025-11-20 12:05:19'),
(219, '24-0340', 'Jheraldyne', NULL, 'Tobias', 'jheraldyne@student.com', 'fa59836ba6e56b24e621361d25896c8b', 0, 24, 'no-image-available.png', '2025-11-20 12:05:57'),
(220, '24-0082', 'Anne Ashley', NULL, 'Tigcal', 'anneashley@student.com', '5a34943c961f1169b8f64a513592f617', 0, 14, 'no-image-available.png', '2025-11-20 12:06:12'),
(221, '24-0050', 'Pauleen Joyce', NULL, 'Urmatan', 'pauleenjoyce@student.com', '44ca2998f7ff79a74087f247e5176534', 0, 24, 'no-image-available.png', '2025-11-20 12:06:34'),
(222, '24-0049', 'Juvel', NULL, 'Ulidan', 'juvel@student.com', 'f342b7f9968ab514b1b05d8c17109f40', 0, 14, 'no-image-available.png', '2025-11-20 12:07:12'),
(223, '24-0298', 'Jenielyn', NULL, 'Valdez', 'jenielyn@student.com', 'ea772673ce90de6895b810fe5e2ab05f', 0, 24, 'no-image-available.png', '2025-11-20 12:07:12'),
(224, '24-0106', 'Xyrene Fate', NULL, 'Vicente', 'xyrenefate@student.com', '6ecb9e282a4bca367af12c8c6ea8bcd5', 0, 14, 'no-image-available.png', '2025-11-20 12:08:48'),
(225, '24-0102', 'Mhel Bryan', NULL, 'Walican', 'mhelbryan@student.com', '725820cb1f8659b920ed34203afbc160', 0, 14, 'no-image-available.png', '2025-11-20 12:09:51'),
(226, '22-0315', 'Ariana Mae', NULL, 'Alano', 'arianamae@student.com', '6cd53a3bca1da6dd61dc14e996066aae', 0, 40, 'no-image-available.png', '2025-11-20 12:10:11'),
(227, '22-0181', 'Christian', NULL, 'Amianit', 'christian@student.com', 'f33d96fb2d53dc5e8f901675a5312cae', 0, 40, 'no-image-available.png', '2025-11-20 12:10:56'),
(228, '23-0082', 'Haydel Ann', NULL, 'Angeles', 'haydelann@student.com', '94178453a2231706a5011daec1516d94', 0, 26, 'no-image-available.png', '2025-11-20 12:11:06'),
(229, '22-0363', 'Gina Joy', NULL, 'Auxillos', 'ginajoy@student.com', '4ecada40f413702270ae3a2482ce175b', 0, 40, 'no-image-available.png', '2025-11-20 12:11:43'),
(230, '23-0148', 'Kholine Shei', NULL, 'Barnachea', 'kholineshei@student.com', '36bf191afcaec1072f98944a86d967bb', 0, 26, 'no-image-available.png', '2025-11-20 12:12:23'),
(231, '22-0121', 'Christian Martha', NULL, 'Bago', 'christianmartha@student.com', '57652f68ce1f91841fecbd87bf220e83', 0, 40, 'no-image-available.png', '2025-11-20 12:12:30'),
(232, '23-0123', 'Jude Mico', NULL, 'Caberto', 'judemico@student.com', '381dd9253560b706496b516271171f10', 0, 26, 'no-image-available.png', '2025-11-20 12:13:12'),
(233, '22-0220', 'Jenny', NULL, 'Bautista', 'jenny@student.com', 'a2e80aa2ed6e8f87a79188ef1f1b6b08', 0, 40, 'no-image-available.png', '2025-11-20 12:13:13'),
(234, '22-0011', 'Jellie Ann', NULL, 'Briones', 'jellieann@student.com', 'e10df082e702a9600c65f430a8bf8fed', 0, 40, 'no-image-available.png', '2025-11-20 12:13:56'),
(235, '22-0037', 'Mekylla', NULL, 'Cando', 'mekylla@student.com', '925c8571b91ea75eb9b87b83d216d45c', 0, 40, 'no-image-available.png', '2025-11-20 12:14:34'),
(236, '23-0073', 'Christine Fatima Joy', NULL, 'Castillo', 'christinefatimajoy@student.cpm', '6b1c317aab19490ff4d188f202c8b317', 0, 26, 'no-image-available.png', '2025-11-20 12:14:35'),
(237, '22-0156', 'Yhasmine', NULL, 'Corpuz', 'yhasmine@student.com', '8c64f1e10187a99882366235bcecdc46', 0, 40, 'no-image-available.png', '2025-11-20 12:15:17'),
(238, '23-0160', 'Jan Cyrel', NULL, 'Dacanay', 'jancyrel@student.com', 'e6c2be407a751de37c92e1ca03f64776', 0, 26, 'no-image-available.png', '2025-11-20 12:15:26'),
(239, '22-0030', 'Gilina', NULL, 'Dela Cruz', 'gilina@student.com', '84c0acb2587adbcf6e86f388b96f55d7', 0, 40, 'no-image-available.png', '2025-11-20 12:15:52'),
(240, '23-0036', 'Ruth', NULL, 'Garcia', 'ruth@student.com', '01b43d953a41e744e963e27cc6a28eac', 0, 26, 'no-image-available.png', '2025-11-20 12:16:16'),
(241, '22-0066', 'Maureen', NULL, 'Delos Santos', 'maureen@student.com', '253b11adb56e2c33dd59320b820ed7c0', 0, 40, 'no-image-available.png', '2025-11-20 12:16:31'),
(242, '22-0056', 'Arabelle', NULL, 'Dumapay', 'arabelle@student.com', '9b590104513b269c022b8c9c9c4d1f77', 0, 40, 'no-image-available.png', '2025-11-20 12:17:12'),
(243, '23-0075', 'Ashley Nicole ', NULL, 'Justo', 'ashleynicole@student.com', '6bcb28a8bb4ed918ff930ad737229fa5', 0, 26, 'no-image-available.png', '2025-11-20 12:17:33'),
(244, '22-0278', 'Mery Joy', NULL, 'Espiritu', 'meryjoy@student.com', '00dbd91c18dc30e2ec8cfc6e5a1f4415', 0, 40, 'no-image-available.png', '2025-11-20 12:17:51'),
(245, '22-0136', 'Frankie', NULL, 'Evangelista', 'frankie@student.com', '335fd5116b512b6a902d9dc6261fa7cf', 0, 40, 'no-image-available.png', '2025-11-20 12:18:39'),
(246, '23-0362', 'Yexcel Leigel', NULL, 'Lapuz', 'yexcelleigel@student.com', '69e244e18dae501d061217438dab494b', 0, 26, 'no-image-available.png', '2025-11-20 12:18:44'),
(247, '22-0167', 'Jamie Anne', NULL, 'Evangelista', 'jamieanne@student.com', '0b424569f418d227ae0ee931d447f628', 0, 40, 'no-image-available.png', '2025-11-20 12:19:22'),
(248, '23-0142', 'Maricar', NULL, 'Libunao', 'maricar@student.com', '6a14927bb1c42d289769d26b8771f93d', 0, 26, 'no-image-available.png', '2025-11-20 12:19:34'),
(249, '22-0253', 'Kenjelyn', NULL, 'Gabriel', 'kenjelyn@student.com', '16aaa4452fd21d4e4027361973f83f41', 0, 40, 'no-image-available.png', '2025-11-20 12:20:12'),
(250, '23-0040', 'Jan Carl', NULL, 'Nulial', 'jancarl@student.com', 'c76531cd7cf6ceda916cac5c0d1b82ea', 0, 26, 'no-image-available.png', '2025-11-20 12:20:38'),
(251, '22-0003', 'Dannica Mae', NULL, 'Gaddi', 'dannicamae@student.com', '396e7970b19705db5196ae1142605539', 0, 40, 'no-image-available.png', '2025-11-20 12:20:59'),
(252, '22-0232', 'Shiela May', NULL, 'Galang', 'shielamay@student.com', '36dbe192d4283a18d8999ad58b2827fe', 0, 40, 'no-image-available.png', '2025-11-20 12:21:41'),
(253, '23-0156', 'Trixie Jane', NULL, 'Saavedra', 'trixiejane@student.com', '3a6187c0dc491d5a8e7b31c664e9d36c', 0, 26, 'no-image-available.png', '2025-11-20 12:21:52'),
(254, '22-0110', 'Norelie', NULL, 'Gutierrez', 'norelie@student.com', '52741a767a43a18865d31902de14df55', 0, 40, 'no-image-available.png', '2025-11-20 12:22:38'),
(255, '23-0041', 'Zyrell', NULL, 'Turgano', 'zyrell@student.com', '28c212d2ca4e55787a0b3593b36c62d1', 0, 26, 'no-image-available.png', '2025-11-20 12:23:11'),
(256, '22-0164', 'Abegail', NULL, 'Lorenzo', 'abegail1@student.com', 'eb21e635b8c871ecbd66a72d46ccf09b', 0, 40, 'no-image-available.png', '2025-11-20 12:23:27'),
(257, '22-0058', 'Thricia Mae', NULL, 'Lorenzo', 'thriciamae@student.com', '9cc0c898533b38ff0897db621c4b6da8', 0, 40, 'no-image-available.png', '2025-11-20 12:24:15'),
(258, '22-0060', 'Erica', NULL, 'Madrinico', 'erica@student.com', '15c672172cb0ce3486c2bd32a13a7f2a', 0, 40, 'no-image-available.png', '2025-11-20 12:24:55'),
(259, '22-0134', 'Gerin Ace', NULL, 'Medina', 'gerinace@student.com', '2be1f3ad2ab3a703eedc5a18e2ba65f4', 0, 40, 'no-image-available.png', '2025-11-20 12:25:38'),
(260, '22-0131', 'Travis', NULL, 'Orpilla', 'travis@student.com', '59be24ab2f32d77263def372e4789929', 0, 40, 'no-image-available.png', '2025-11-20 12:26:22'),
(261, '22-0252', 'Lae Ann', NULL, 'Quejado', 'laeann@student.com', '181737d804da94e8cbfa6f22ca6663a9', 0, 40, 'no-image-available.png', '2025-11-20 12:27:06'),
(262, '22-0348', 'Pauleen Anne', NULL, 'Rillera', 'pauleenanne@student.com', '2841481a3738d1508256ea63685a50be', 0, 40, 'no-image-available.png', '2025-11-20 12:27:52'),
(263, '22-0215', 'Rizza Mae', NULL, 'Rivera', 'rizzamae@student.com', '5848ee71217e12cbde861d293916aab3', 0, 40, 'no-image-available.png', '2025-11-20 12:28:27'),
(264, '22-0144', 'Jenny Rose', NULL, 'Rubio', 'jennyrose@student.com', 'ab107caf76d8ca162deb6b8c26a8f6d5', 0, 40, 'no-image-available.png', '2025-11-20 12:29:04'),
(265, '25-0392', 'Janelle', NULL, 'Abon', 'janelle@student.com', '81e8e9da3a0d819d93fd65289f07bab4', 0, 13, 'no-image-available.png', '2025-11-20 13:04:03'),
(266, '25-0237', 'Kate Ashley', NULL, 'Agumbay', 'kateashley@student.com', '9a696a9a12afc6f23847396a3d774cff', 0, 13, 'no-image-available.png', '2025-11-20 13:04:57'),
(267, '25-0152', 'Rain', NULL, 'Aquino', 'rain@student.com', 'afa101222855d3072bc884cc6eb3ecfc', 0, 13, 'no-image-available.png', '2025-11-20 13:05:34'),
(268, '23-0046', 'Rosemarie', NULL, 'Advincula', 'rosemarie@student.com', '1f3e9b5e62d15988f89fbfd6c4fc2511', 0, 27, 'no-image-available.png', '2025-11-20 13:05:44'),
(269, '25-0374', 'Kimberly', NULL, 'Balmediano', 'kimberly@student.com', '81f6e4fc8bf23916458be72f444cc81e', 0, 13, 'no-image-available.png', '2025-11-20 13:06:21'),
(270, '23-0044', 'Divine Jane', NULL, 'Antonio', 'divinejane@student.com', '808f9755731d26cb97ddebf132e7d41c', 0, 27, 'no-image-available.png', '2025-11-20 13:06:33'),
(271, '25-0181', 'Romevic', NULL, 'Bohol', 'romevic@student.com', '23ecbf3a2eaa61aeafd564f26c8c1b2f', 0, 13, 'no-image-available.png', '2025-11-20 13:06:56'),
(272, '23-0295', 'Jaimee', NULL, 'Banico', 'jaimee@student.com', '61f4e02257cfe0b56aea439bb54fec77', 0, 27, 'no-image-available.png', '2025-11-20 13:07:34'),
(273, '25-0389', 'Genesis', NULL, 'Cachero', 'genesis@student.com', '0bca1341f01365bdf6b4eebd4be88d23', 0, 13, 'no-image-available.png', '2025-11-20 13:07:37'),
(274, '23-0239', 'Marie Nel', NULL, 'Bernardino', 'marienel@student.com', 'db8fb80562b4a9d9ef49c670ab50d027', 0, 27, 'no-image-available.png', '2025-11-20 13:08:40'),
(275, '25-0242', 'Marella Krishane', NULL, 'Castillo', 'marellakrishane@student.com', '98b70840ecee8d38b26f94f875246e08', 0, 13, 'no-image-available.png', '2025-11-20 13:08:42'),
(276, '25-0228', 'Shane', NULL, 'Cinco', 'shane@student.com', '3fa720554b206b0ba577b229b092b176', 0, 13, 'no-image-available.png', '2025-11-20 13:09:17'),
(277, '25-0164', 'Luis Ann', NULL, 'Cortez', 'luisann@student.com', 'd67f843aa1cb3d3fb559083c09baa30d', 0, 13, 'no-image-available.png', '2025-11-20 13:10:05'),
(278, '23-0397', 'Catherine', NULL, 'Blanco', 'catherine@student.com', '9e3fc0aa10f16d013eb8cf20e6f2d845', 0, 27, 'no-image-available.png', '2025-11-20 13:10:31'),
(279, '25-0220', 'Geimel Angel', NULL, 'Cruz', 'geimelangel@student.com', '13bf28bb2c453a3c891287470bbbafe3', 0, 13, 'no-image-available.png', '2025-11-20 13:10:48'),
(280, '25-0093', 'Crystal', NULL, 'Dayao', 'crystal@student.com', 'f6e09a5a5f3c0483df7c53ccaaa103ec', 0, 13, 'no-image-available.png', '2025-11-20 13:11:24'),
(281, '23-0107', 'Vivian', NULL, 'Castillo', 'vivian@student.com', '65050e9f45dc7cdc4fde29d8ed0eecc1', 0, 27, 'no-image-available.png', '2025-11-20 13:11:29'),
(282, '25-0213', 'Nevie Cyn', NULL, 'Dela Cruz', 'neviecyn@student.com', '0872ad397326a9febd51d3b022d6b533', 0, 13, 'no-image-available.png', '2025-11-20 13:12:11'),
(283, '23-0236', 'Gines', NULL, 'Cayanga', 'gines@student.com', '79c144497e5caef17eb7f042fef77295', 0, 27, 'no-image-available.png', '2025-11-20 13:12:22'),
(284, '25-0189', 'Jenica', NULL, 'Dionisio', 'jenica@student.com', 'e9e6d1ae35817e860080f894d3844a92', 0, 13, 'no-image-available.png', '2025-11-20 13:13:08'),
(285, '23-0019', 'Jhanes', NULL, 'Dela Cruz', 'jhanes@student.com', 'd866f0b6636b6d3a93d2e83ae9bb6431', 0, 27, 'no-image-available.png', '2025-11-20 13:13:36'),
(286, '25-0154', 'Crystal Jane', NULL, 'Espiritu', 'crystaljane@student.com', 'f1a16666f28f23f6bedc2b85525a40b5', 0, 13, 'no-image-available.png', '2025-11-20 13:13:50'),
(287, '25-0241', 'Lorenzo', NULL, 'Eugenio', 'lorenzo1@student.com', 'b74e1ec572dea242b0ff14419e8d39c5', 0, 13, 'no-image-available.png', '2025-11-20 13:14:40'),
(288, '23-0197', 'Melanie', NULL, 'Dela Cruz', 'melanie@student.com', 'f47152e0a107210d010816e1ed7b7034', 0, 27, 'no-image-available.png', '2025-11-20 13:14:48'),
(289, '25-0192', 'Angela', NULL, 'Fernandez', 'angela1@student.com', 'fe96a2179425a979d1427a2e863a1f42', 0, 13, 'no-image-available.png', '2025-11-20 13:15:29'),
(290, '23-0025', 'Rona Lynne', NULL, 'Doronio', 'ronalynne@student.com', '963e6026f54d57fa6a1acf0571e9c366', 0, 27, 'no-image-available.png', '2025-11-20 13:15:54'),
(291, '25-0182', 'John', NULL, 'Ferreol', 'john@student.com', '239ab3a756a973b9ceb68fbf5e0b556a', 0, 13, 'no-image-available.png', '2025-11-20 13:16:05'),
(292, '25-0225', 'Lyra Joy', NULL, 'Francisco', 'lyrajoy@student.com', '165f05fddf1d00d9a94d619a6c6396fa', 0, 0, 'no-image-available.png', '2025-11-20 13:18:19'),
(293, '23-0007', 'Princess Kyla', NULL, 'Fernandez', 'princesskyla@student.com', '65c15f0abd5624a3cf89435f15c5c0d5', 0, 27, 'no-image-available.png', '2025-11-20 13:18:52'),
(294, '25-0138', 'Faith', NULL, 'Galuya', 'faith@student.com', 'd910625b4d43aa4e951a976fdcb938da', 0, 13, 'no-image-available.png', '2025-11-20 13:18:54'),
(295, '25-0358', 'Russel Kieth', NULL, 'Gayla', 'russelkieth@student.com', '45c7546b28b19f4cc2bcc9512927d75e', 0, 13, 'no-image-available.png', '2025-11-20 13:19:38'),
(296, '23-0215', 'Ashley Nicole', NULL, 'Galindo', 'ashleynicole1@student.com', 'da7f74c4620316be8b91f6d0eaed26d7', 0, 27, 'no-image-available.png', '2025-11-20 13:20:10'),
(297, '25-0210', 'King David', NULL, 'Gonzales', 'kingdavid@student.com', '4e7073d3b04e630a878f967f72d459c6', 0, 13, 'no-image-available.png', '2025-11-20 13:20:17'),
(298, '23-0398', 'Ma. Zedrick', NULL, 'Guibani', 'ma.zedrick@student.com', '00e2816a818fce986fc51879d877863c', 0, 27, 'no-image-available.png', '2025-11-20 13:21:19'),
(299, '25-0371', 'Marjorie Marie', NULL, 'Juanani', 'marjoriemarie@student.com', '9fb218d9639f6f2196885483b7243945', 0, 13, 'no-image-available.png', '2025-11-20 13:22:04'),
(300, '25-0355', 'Jazmine', NULL, 'Labios', 'jazmine@student.com', 'c3da89c18db37948034c99ef21da96f7', 0, 13, 'no-image-available.png', '2025-11-20 13:22:49'),
(301, '23-0018', 'Janah May', NULL, 'Luchavez', 'janahmay@student.com', '73d8004991074058d45b22504c2530e9', 0, 27, 'no-image-available.png', '2025-11-20 13:23:09'),
(302, '25-0391', 'Vina', NULL, 'Macaraeg', 'vina@student.com', '1c2f21b3b0c4714bc0fdc7687217b010', 0, 13, 'no-image-available.png', '2025-11-20 13:23:35'),
(303, '23-0175', 'Princess Cherry', NULL, 'Mudlong', 'princesscherry@student.com', '7092c1cd3efc5c4ff5cbb69c2536de30', 0, 27, 'no-image-available.png', '2025-11-20 13:24:25'),
(304, '25-0128', 'Jhayzell', NULL, 'Manalili', 'jhayzell@student.com', '467d5dab2fd7d3aa371757e037c5769c', 0, 13, 'no-image-available.png', '2025-11-20 13:24:28'),
(305, '23-0331', 'Tricia Marie', NULL, 'Onia', 'triciamarie@student.com', '241aff3dad6c737ed148479a3d0f3cd0', 0, 27, 'no-image-available.png', '2025-11-20 13:25:38'),
(306, '25-0158', 'Jelaine', NULL, 'Mejulio', 'jelaine@student.com', 'e4ebdf3bbf347fc3e7e952bc323d62ed', 0, 13, 'no-image-available.png', '2025-11-20 13:25:52'),
(307, '25-0209', 'Kristine Jane', NULL, 'Merin', 'kristinejane@student.com', 'ede8aa3e0b4bee86d5fcf8fc9b0bcb01', 0, 13, 'no-image-available.png', '2025-11-20 13:26:40'),
(308, '23-0274', 'Mark Justine', NULL, 'Santos', 'markjustine@student.com', 'ea5e1a625d1723b4c038d2b361559df9', 0, 27, 'no-image-available.png', '2025-11-20 13:26:42'),
(309, '25-0372', 'Fria Mae', NULL, 'Mingming', 'friamae@student.com', '25e429a0b510ee41b54e045083ad329b', 0, 13, 'no-image-available.png', '2025-11-20 13:27:31'),
(310, '25-0357', 'Jey Ann', NULL, 'Padilla', 'jeyann@student.com', '47ab53593cdd2736d3563a25d79f4a05', 0, 13, 'no-image-available.png', '2025-11-20 13:28:08'),
(311, '23-0229', 'Stella Maris', NULL, 'Simene', 'stellamaris@student.com', '56a99fcaad365bca0308888d45461287', 0, 27, 'no-image-available.png', '2025-11-20 13:28:15'),
(312, '25-0188', 'Aron Charles', NULL, 'Pagaling', 'aroncharles@student.com', 'a0a18f5b8c4d13ea6fe764a968dfd6f0', 0, 13, 'no-image-available.png', '2025-11-20 13:28:54');
INSERT INTO `student_list` (`id`, `school_id`, `firstname`, `middlename`, `lastname`, `username`, `password`, `is_irregular`, `class_id`, `avatar`, `date_created`) VALUES
(313, '25-0205', 'Yla Sheen', NULL, 'Pumzal', 'ylasheen@student.com', 'ea35ecb10a874c19787c8c73942f7ad5', 0, 13, 'no-image-available.png', '2025-11-20 13:30:51'),
(314, '23-0125', 'Nylanna Rica', NULL, 'Sitjar', 'nylannarica@student.com', '856d6c967ed7ed1667f72bd25677b4f3', 0, 27, 'no-image-available.png', '2025-11-20 13:30:53'),
(315, '25-0168', 'Si-Nai Venice', NULL, 'Reguyal', 'sinaivenice@student.com', 'b84004c02b4639770a8151c104d4f0db', 0, 13, 'no-image-available.png', '2025-11-20 13:31:40'),
(316, '23-0038', 'Sheila Mae', NULL, 'Soliman', 'sheilamae@student.com', '840c578ce933c4bfeb0db075a31ca95a', 0, 27, 'no-image-available.png', '2025-11-20 13:32:11'),
(317, '25-0169', 'Milben', NULL, 'Sumagan', 'milben@student.com', '6996b3795e4c80a01ef72e01c4ee8d28', 0, 13, 'no-image-available.png', '2025-11-20 13:32:21'),
(318, '25-0133', 'Catlyn', NULL, 'Tagarro', 'catlyn@student.com', '8ff97a6d3dba633f663379d0d99dcdbe', 0, 13, 'no-image-available.png', '2025-11-20 13:33:03'),
(319, '25-0350', 'Geraldine', NULL, 'Ugali', 'geraldine@student.com', '4e1b7620b876710c14d08f3c3cc3b4dd', 0, 13, 'no-image-available.png', '2025-11-20 13:33:47'),
(320, '25-0375', 'Kathlene', NULL, 'Valdez', 'kathlene@student.com', 'd1a32493acc262e953b27b31c6dbd4db', 0, 13, 'no-image-available.png', '2025-11-20 13:34:25'),
(321, '23-0242', 'Yesha Faith', NULL, 'Tanap', 'yeshafaith@student.com', '3f872102d8912418adddc10f8185a0b3', 0, 27, 'no-image-available.png', '2025-11-20 13:34:34'),
(322, '23-0352', 'Sophia', NULL, 'Valdez', 'sophia@student.com', 'cf0acae8ec158337ae5e1ed74ddbf013', 0, 27, 'no-image-available.png', '2025-11-20 13:35:34'),
(323, '24-0066', 'Jillian Daniel', NULL, 'Alcantara', 'jilliandaniel@student.com', '5ed76e20e7b4fd27feb1ed12c40b83a6', 0, 20, 'no-image-available.png', '2025-11-20 13:39:49'),
(324, '24-0219', 'Mica Jane ', NULL, 'Angeles', 'micajane@student.com', '24f859d22bc005f0cd2f284a784ee3f6', 0, 20, 'no-image-available.png', '2025-11-20 13:40:30'),
(325, '24-0025', 'France Christian', NULL, 'Atienza', 'francechristian@student.com', '2bdd535097e3a292ce014d4038b3a432', 0, 20, 'no-image-available.png', '2025-11-20 13:41:31'),
(326, '23-0382', 'Ashley', NULL, 'Apango', 'ashley@student.com', '602b3c929552dec4ea66bd89bebc49c7', 0, 28, 'no-image-available.png', '2025-11-20 13:41:32'),
(327, '24-0320', 'Bernadeth', NULL, 'Atibo', 'bernadeth1@student.com', 'd2bb2dd0058033b1403ad3ca78cd6ef9', 0, 20, 'no-image-available.png', '2025-11-20 13:42:19'),
(328, '23-0061', 'Andrea Faith Genesis', NULL, 'Arellano', 'andreafaithgenesis@student.com', '39b998ae413916c731157826a5fda213', 0, 28, 'no-image-available.png', '2025-11-20 13:43:05'),
(329, '24-0250', 'Mikka Ella', NULL, 'Baldovi', 'mikkaella@student.com', '6fc9a56b7400155424fa0c687e5f27c5', 0, 20, 'no-image-available.png', '2025-11-20 13:43:12'),
(330, '24-0330', 'Clarizze', NULL, 'Bendillo', 'clarizze@student.com', 'a281be96c665f10849a1db768c8b8a00', 0, 20, 'no-image-available.png', '2025-11-20 13:43:55'),
(331, '23-0389', 'John Raeven', NULL, 'Auxillos', 'johnraeven@student.com', '9fa35b3c0d13855027d2a46f8e301264', 0, 28, 'no-image-available.png', '2025-11-20 13:44:08'),
(332, '24-0080', 'Marianne ', NULL, 'Bernardino', 'marianne@student.com', '759ba64cf08e15e46101433fc087e640', 0, 20, 'no-image-available.png', '2025-11-20 13:44:59'),
(333, '23-0115', 'Kimberly', NULL, 'Barniego', 'kimberly1@student.com', '5a3d3a89d06e418d0190434e0d728817', 0, 28, 'no-image-available.png', '2025-11-20 13:45:07'),
(334, '24-0197', 'Fheia Joy', NULL, 'Cleto', 'fheiajoy@student.com', 'a4f49652016c96fe5bb6b76a881d1780', 0, 20, 'no-image-available.png', '2025-11-20 13:45:42'),
(335, '23-0169', 'Criszel Jane', NULL, 'Bautista', 'criszeljane@student.com', '65e130d75b663099815a52e3a8e45a34', 0, 28, 'no-image-available.png', '2025-11-20 13:46:16'),
(336, '24-0287', 'Baby Elaine', NULL, 'Cortez', 'babyelaine@student.com', '79a402d4eab3ac3275f06eb5886220af', 0, 20, 'no-image-available.png', '2025-11-20 13:46:52'),
(337, '24-0015', 'Cybil', NULL, 'De Guzman', 'cybil@student.com', '46f79c182fae7be3d3b9ff66be8c5cd4', 0, 20, 'no-image-available.png', '2025-11-20 13:47:41'),
(338, '23-0255', 'Coleen Gem', NULL, 'Caballero', 'coleengem@student.com', 'da4e415ab68ffa08225bfe3154f65d92', 0, 28, 'no-image-available.png', '2025-11-20 13:47:57'),
(339, '24-0165', 'Leanne Carla', NULL, 'Dimapilis', 'leannecarla@student.com', '9c795dd8d55d8b09a67bb7687279b4dc', 0, 20, 'no-image-available.png', '2025-11-20 13:48:34'),
(340, '23-0186', 'Rechelle Ann', NULL, 'Dumale', 'rechelleann@student.com', '9bd0fd8bbbabcf6a8d400389b1d9c510', 0, 28, 'no-image-available.png', '2025-11-20 13:49:26'),
(341, '24-0239', 'Reina Mae', NULL, 'Doronio', 'reinamae@student.com', '3a075580ab7c888c69092c06712957ad', 0, 20, 'no-image-available.png', '2025-11-20 13:49:33'),
(342, '24-0195', 'Christian Ron', NULL, 'Gile', 'christianron@student.com', '988f1d97856a933be6b65c5502f27b30', 0, 20, 'no-image-available.png', '2025-11-20 13:50:21'),
(343, '23-0403', 'Efren Jay', NULL, 'Gapasin', 'efrenjay@student.com', '0ebf3b9dc8ec1b1cfcbe49cafd43f0f0', 0, 28, 'no-image-available.png', '2025-11-20 13:50:36'),
(344, '24-0024', 'Crishy Yndira', NULL, 'Gonzales', 'crishyyndira@student.com', '68a66d8e95bf81df24ad7be44515cfa5', 0, 20, 'no-image-available.png', '2025-11-20 13:51:30'),
(345, '23-0178', 'Freddie Nitch', NULL, 'Garcia', 'freddienitch@student.com', '34390733c00e003b621eb321199f14d1', 0, 28, 'no-image-available.png', '2025-11-20 13:52:02'),
(346, '24-0238', 'Josephine', NULL, 'Inocencio', 'josephine@student.com', '5c20d7b29ac280b942e55374941140fc', 0, 20, 'no-image-available.png', '2025-11-20 13:52:21'),
(347, '23-0410', 'Angeline', NULL, 'Gonzales', 'angeline@student.com', '330d2ca51612805dba327facdd3c9b00', 0, 28, 'no-image-available.png', '2025-11-20 13:53:05'),
(348, '24-0055', 'Pia Andrea ', NULL, 'Justo', 'piaandrea@student.com', '6b299c3c3d5fa8b6c3f1ad416fbee485', 0, 20, 'no-image-available.png', '2025-11-20 13:53:05'),
(349, '24-0093', 'Trisha Lyn', NULL, 'Lagasca', 'trishalyn@student.com', '2f188e74b1388fa746f44edb67f858be', 0, 20, 'no-image-available.png', '2025-11-20 13:53:56'),
(350, '23-0003', 'Alex', NULL, 'Llovit', 'alex@student.com', '686ef63ffb6e33f1a1c737aae062775c', 0, 28, 'no-image-available.png', '2025-11-20 13:54:22'),
(351, '24-0304', 'Allen James', NULL, 'Mangamte', 'allenjames@student.com', '2786def425be4d60a479aa5c269832d0', 0, 20, 'no-image-available.png', '2025-11-20 13:54:53'),
(352, '23-0020', 'Mariel Mae', NULL, 'Magno', 'marielmae@student.com', '214ac7b674161d6821e65f72aea81d52', 0, 28, 'no-image-available.png', '2025-11-20 13:55:25'),
(353, '24-0124', 'Mary Jay Rose', NULL, 'Mantile', 'maryjayrose@student.com', 'd45b88cf3ca438bbd0cb9446059a3483', 0, 20, 'no-image-available.png', '2025-11-20 13:55:48'),
(354, '23-0407', 'Jean Leslie', NULL, 'Magtalas', 'jeanleslie@student.com', '7e9120f04e367b3f344391e95e537089', 0, 28, 'no-image-available.png', '2025-11-20 13:56:29'),
(355, '24-0314', 'Mariella', NULL, 'Natividad', 'mariella@student.com', '172cb36796ac57830423370808975ac5', 0, 20, 'no-image-available.png', '2025-11-20 13:56:30'),
(356, '24-0021', 'Ceilovi', NULL, 'Payawal', 'ceilovi@student.com', '4c9ed1bcb47a1b7f2ee12a0e0104f6c0', 0, 20, 'no-image-available.png', '2025-11-20 13:57:05'),
(357, '23-0133', 'Ma. Joana', NULL, 'Manuel', 'ma.joana@student.com', '6e3fd5f2cd152af42525fe0bae5829ea', 0, 28, 'no-image-available.png', '2025-11-20 13:57:35'),
(358, '24-0084', 'Jane Aries', NULL, 'Ramos', 'janearies@student.com', '628822f89947eb04b23c433c46ffae6c', 0, 20, 'no-image-available.png', '2025-11-20 13:57:49'),
(359, '24-0009', 'Maricel', NULL, 'Reyes', 'maricel@student.com', '80703a3747cea274f0012904cc5ddad5', 0, 20, 'no-image-available.png', '2025-11-20 13:58:49'),
(360, '23-0188', 'Jovelyn', NULL, 'Pagtacunan', 'jovelyn@student.com', 'c398ca6fc7e9a2ab1bfea97be54ca7f2', 0, 28, 'no-image-available.png', '2025-11-20 13:58:52'),
(361, '23-0405', 'Sandara', NULL, 'Peralta', 'sandara@student.com', '50857506949af00fa31f7b2ef2a562b2', 0, 28, 'no-image-available.png', '2025-11-20 13:59:57'),
(362, '24-0139', 'Aerous', NULL, 'Lozano', 'aerous@student.com', '7c1af873c217eb784f66ff999a0cf876', 0, 23, 'no-image-available.png', '2025-11-20 14:01:10'),
(363, '24-0364', 'Hero', NULL, 'Rosendo', 'hero@student.com', '621e07ec44cb598fd99b0c7e9d0a5002', 0, 20, 'no-image-available.png', '2025-11-20 14:02:06'),
(364, '23-0402', 'Katlaine', NULL, 'Ramos', 'katlaine@student.com', 'e830920bdc6781a0b65a507445dea555', 0, 28, 'no-image-available.png', '2025-11-20 14:02:29'),
(365, '24-0053', 'Sophia Aizel', NULL, 'Rubio', 'sophiaaizel@student.com', '17776cc104dc66858a5d69f8e429e7f6', 0, 20, 'no-image-available.png', '2025-11-20 14:03:05'),
(366, '23-0389', 'Bea', NULL, 'Rarama', 'bea1@student.com', '9fa35b3c0d13855027d2a46f8e301264', 0, 28, 'no-image-available.png', '2025-11-20 14:03:39'),
(367, '24-0018', 'Ldy Janiene', NULL, 'Valdez', 'ldyjaniene@student.com', 'c7b271cd228127394cf40fa74f7e954c', 0, 20, 'no-image-available.png', '2025-11-20 14:03:52'),
(368, '23-0010', 'Cyrel Mae', NULL, 'Reotutar', 'cyrelmae@student.com', '778a822d7c6ca54f891940a2a640d09d', 0, 28, 'no-image-available.png', '2025-11-20 14:05:03'),
(369, '25-0036', 'Princess Alliah', NULL, 'Abelende', 'princessalliah@student.com', '4727d254dfdf888139fa5f38069ebd24', 0, 8, 'no-image-available.png', '2025-11-20 14:07:23'),
(370, '25-0018', 'Hannah Dominique', NULL, 'Abig', 'hannahdominique@student.com', '0897c07e040cf7aee375f4e59f91c177', 0, 8, 'no-image-available.png', '2025-11-20 14:08:07'),
(371, '25-0141', 'Mia', NULL, 'Adlaon', 'mia@student.com', '855cd7fbe072c1a20b024364c7521d3c', 0, 8, 'no-image-available.png', '2025-11-20 14:08:37'),
(372, '25-0249', 'Gemar', NULL, 'Agunoy', 'gemar@student.com', '1d48e792799b5faacdfe079e9c364551', 0, 8, 'no-image-available.png', '2025-11-20 14:09:17'),
(373, '25-0291', 'Kristel Joy', NULL, 'Bergonia', 'kristeljoy@student.com', 'cb9ddace1afce5cbca0889acb06e5e82', 0, 8, 'no-image-available.png', '2025-11-20 14:10:08'),
(374, '25-0199', 'Ma. Luisa', NULL, 'Cardona', 'maluisa@student.com', '4421c892979622bc63605f1e870fa19c', 0, 8, 'no-image-available.png', '2025-11-20 14:10:56'),
(375, '25-0282', 'Jasmine', NULL, 'Cornella', 'jasmine2@student.com', '497b73aea2eee9cfb495e4c585b93394', 0, 8, 'no-image-available.png', '2025-11-20 14:11:54'),
(376, '25-0131', 'Faith Angel Grace', NULL, 'Dabu', 'faithangelgrace@student.com', '0f39775b53a8db824bf2ee04259c773d', 0, 8, 'no-image-available.png', '2025-11-20 14:12:39'),
(377, '25-0005', 'Angel', NULL, 'Dayao', 'angel3@student.com', '97946ac3338a2a12a7782269b8680209', 0, 8, 'no-image-available.png', '2025-11-20 14:13:21'),
(378, '25-0179', 'Janelle', NULL, 'De Guia', 'janelle1@student.com', '9974e632460e864b80a14943e2bfd301', 0, 8, 'no-image-available.png', '2025-11-20 14:14:15'),
(379, '25-0111', 'Jho-ane', NULL, 'Dela Torre', 'jhoane@student.com', '832d7595f7445f6bef8909ce71a70b99', 0, 8, 'no-image-available.png', '2025-11-20 14:15:08'),
(380, '25-0330', 'John Ernest', NULL, 'Fernandez', 'johnernest@student.com', 'ef75e106a4df3e958b7b1733a65695eb', 0, 8, 'no-image-available.png', '2025-11-20 14:16:05'),
(381, '25-0173', 'Patricia', NULL, 'Justo', 'patricia@student.com', '2267653c55247e994ffd334f33b18ca5', 0, 8, 'no-image-available.png', '2025-11-20 14:16:55'),
(382, '25-0019', 'Babylyn', NULL, 'Layog', 'babylyn@student.com', 'd9d5d0ea7d8dff36540ee89902c2903c', 0, 8, 'no-image-available.png', '2025-11-20 14:17:29'),
(383, '25-0208', 'Jade', NULL, 'Linsangan', 'jade@student.com', 'a27ef583e968ac35bddc8ad389315b47', 0, 8, 'no-image-available.png', '2025-11-20 14:18:03'),
(384, '25-0137', 'Abegail', NULL, 'Macahipay', 'abegail2@student.com', 'fed8fc000de7f6bb9321d1291843e1a0', 0, 8, 'no-image-available.png', '2025-11-20 14:19:02'),
(385, '25-0004', 'John Lynard Glen', NULL, 'Mactal', 'johnlynardglen@student.com', '926b63325d6e47507a4a1912b04b889a', 0, 8, 'no-image-available.png', '2025-11-20 14:20:12'),
(386, '25-0161', 'Cherry Lou', NULL, 'Madronio', 'cherrylou@student.com', '41a8813d6c6e41e65b83074ee6ae9864', 0, 8, 'no-image-available.png', '2025-11-20 14:20:57'),
(387, '25-0189', 'Princess Jahna ', NULL, 'Magtalas', 'princessjahna@student.com', 'e9e6d1ae35817e860080f894d3844a92', 0, 8, 'no-image-available.png', '2025-11-20 14:21:38'),
(388, '25-0354', 'Risk Loren', NULL, 'Mendoza', 'riskloren@student.com', '34d271d83aee2573929b263b0607ece9', 0, 8, 'no-image-available.png', '2025-11-20 14:22:16'),
(389, '25-0115', 'Hyrish Kaye', NULL, 'Menor', 'hyrishkaye@student.com', '29ad267163259fcee9cc91509a7e09d3', 0, 8, 'no-image-available.png', '2025-11-20 14:22:56'),
(390, '25-0234', 'Alyssa ', NULL, 'Monje', 'alyssa@student.com', 'fc009c678811e5abd8e0191893d65e33', 0, 8, 'no-image-available.png', '2025-11-20 14:23:32'),
(391, '25-0075', 'Jileana ', NULL, 'Montero', 'jileana@student.com', '9824f7b08abe4d0e64d88ed955c4d214', 0, 8, 'no-image-available.png', '2025-11-20 14:24:21'),
(392, '25-0186', 'Kate Briel', NULL, 'Nakpil', 'katebriel@student.com', 'b1e487ba56173a1d8d68d2d4821c6269', 0, 8, 'no-image-available.png', '2025-11-20 14:25:11'),
(393, '25-0126', 'Lee Anne', NULL, 'Rivera', 'leeanne@student.com', '2f22bc236cc4c4c07f3f9cff2bdfc737', 0, 8, 'no-image-available.png', '2025-11-20 14:25:59'),
(394, '25-0038', 'Crizialyn', NULL, 'Roda', 'crizialyn@student.com', 'f418c86d3f63c4cd4a21ec97b4f43117', 0, 8, 'no-image-available.png', '2025-11-20 14:26:38'),
(395, '25-0079', 'Jennica Ehra', NULL, 'Ruzo', 'jennicaehra@student.com', '1ed7ae4b6ce160474019fb8deb3570d3', 0, 8, 'no-image-available.png', '2025-11-20 14:27:43'),
(396, '25-0262', 'Brenz ', NULL, 'Saludares', 'brenz@student.com', '3fdc92b6f3fd18d6a4bb4bf019923f4f', 0, 8, 'no-image-available.png', '2025-11-20 14:28:29'),
(397, '25-0202', 'Shiela ', NULL, 'Santos', 'shiela@student.com', '146de403616376c681d90c65bef9abbd', 0, 8, 'no-image-available.png', '2025-11-20 14:29:10'),
(398, '22-0368', 'Jomel', NULL, 'Agbayani', 'jomel@student.com', '0552f6e5be1fc4d728fd7afa7f9ffdbd', 0, 45, 'no-image-available.png', '2025-11-20 14:29:42'),
(399, '25-0147', 'Bea Bianca', NULL, 'Sevilla', 'beabianca@student.com', '1feb85d0164b151bb407e33bfe63f811', 0, 8, 'no-image-available.png', '2025-11-20 14:29:46'),
(400, '25-0245', 'Ethel Rea', NULL, 'Sotes', 'ethelrea@student.com', '836203e8d6b0398f817702ac596f8938', 0, 8, 'no-image-available.png', '2025-11-20 14:30:24'),
(401, '22-0159', 'Ashley', NULL, 'Almario', 'ashley1@student.com', 'fbe003072be835794407d9825a128faa', 0, 45, 'no-image-available.png', '2025-11-20 14:30:45'),
(402, '25-0006', 'Glenn', NULL, 'Uraga', 'glenn@student.com', '9a18e1e3804ae621b95b1998fd60127f', 0, 8, 'no-image-available.png', '2025-11-20 14:31:04'),
(403, '25-0160', 'Louis Charmmel', NULL, 'Valdez', 'louischarmmel@student.com', 'aeb7fe7756d53848e2ab295ba420199d', 0, 8, 'no-image-available.png', '2025-11-20 14:31:49'),
(404, '25-0257', 'Rainier', NULL, 'Velasquez', 'rainier@student.com', '10b6fcd279a39a9a7fd73f3a03342e57', 0, 8, 'no-image-available.png', '2025-11-20 14:32:41'),
(405, '22-0088', 'Alfredo Jr.', NULL, 'Andes', 'alfredo@student.com', '888c9b60a9f4bde83b10aa1b3d4f7fea', 0, 45, 'no-image-available.png', '2025-11-20 14:33:12'),
(406, '25-0149', 'Pauleen', NULL, 'Walleng', 'pauleen@student.com', '58897c401b62e27ad1d6a59e717ab7f1', 0, 8, 'no-image-available.png', '2025-11-20 14:33:30'),
(407, '22-0129', 'Aireanne Michelle', NULL, 'Aquino', 'aireannemichelle@student.com', '9ccaaac0c5bd61754179f18e1ba9e277', 0, 45, 'no-image-available.png', '2025-11-20 14:34:39'),
(408, '22-0039', 'Andrea', NULL, 'Cervantes', 'andrea@student.com', 'cbcb42a7e4c2c204961e4fb05ac3a45a', 0, 45, 'no-image-available.png', '2025-11-20 14:35:42'),
(409, '22-0076', 'Rosiene', NULL, 'Evangelista', 'rosiene@student.com', '2fd02a5a6f3d2208b0f3449589502338', 0, 45, 'no-image-available.png', '2025-11-20 14:36:52'),
(410, '22-0103', 'Ivy Camille', NULL, 'Feliciano', 'ivycamille@student.com', 'ab397249fa24b61fad24097b4ac8fd1a', 0, 45, 'no-image-available.png', '2025-11-20 14:37:57'),
(411, '22-0082', 'Janella', NULL, 'Fulgencio', 'janella@student.com', '4156ddd74ff7a26aba63ed0b6e61c1be', 0, 45, 'no-image-available.png', '2025-11-20 14:38:55'),
(412, '22-0057', 'Alexander', NULL, 'Gabay', 'alexander@student.com', '1f9a3e5bfeb7b1a942e65041b729902e', 0, 45, 'no-image-available.png', '2025-11-20 14:39:57'),
(413, '22-0154', 'Mary Jane', NULL, 'Paitan', 'maryjane@student.com', 'e72cd6e88e3f54b0975c06724640bdab', 0, 45, 'no-image-available.png', '2025-11-20 14:40:50'),
(414, '22-0055', 'Marlon', NULL, 'Pantalunan', 'marlon@student.com', '5a3d8d1c0f6e7c8210c3a9c5c5c3daee', 0, 45, 'no-image-available.png', '2025-11-20 14:41:39'),
(415, '22-0361', 'Vennie', NULL, 'Ramos', 'vennie@student.com', 'd72121af853f5dd608d192ee25837cda', 0, 45, 'no-image-available.png', '2025-11-20 14:42:34'),
(416, '22-0010', 'Precios', NULL, 'Salamat', 'precios@student.com', '299c36fc71bc9ab87b8f268ff2dacb07', 0, 45, 'no-image-available.png', '2025-11-20 14:43:53'),
(417, '22-0146', 'Carolyn', NULL, 'Siringan', 'carolyn@student.com', '12427b2e9fd7c7705b87d40b1a6f9bae', 0, 45, 'no-image-available.png', '2025-11-20 14:44:44'),
(418, '22-0044', 'Katherine', NULL, 'Tangcangco', 'katherine@student.com', '1e6cc00b783698064039bffa382b4ae1', 0, 45, 'no-image-available.png', '2025-11-20 14:45:40'),
(419, '22-0119', 'Honey Gale', NULL, 'Tique', 'honeygale@student.com', 'c356fbf6280d67ef9d63c40c2f855f30', 0, 45, 'no-image-available.png', '2025-11-20 14:46:34'),
(420, '23-0216', 'Renzo', NULL, 'Angeles', 'renzo@student.com', '56409bbfc207aab625a2ca42c40e6978', 0, 29, 'no-image-available.png', '2026-01-31 20:44:23'),
(421, '23-0293', 'Ericka Shane', NULL, 'Bautista', 'erickashane@student.com', '817e4390e74e46179f997c79dfc86f6b', 0, 29, 'no-image-available.png', '2026-01-31 20:45:39'),
(422, '23-0249', 'Laiza Eunice', NULL, 'Bernardo', 'laizaeunice@student.com', '95a81d9525e82b48db4e46deadf3808e', 0, 29, 'no-image-available.png', '2026-01-31 20:46:53'),
(423, '25-0132', 'Ahron Daniel', NULL, 'Cabanig', 'ahrondaniel@student.com', '8693ac6bf704dc5913f9a46dcfd17efc', 0, 29, 'no-image-available.png', '2026-01-31 20:48:28'),
(424, '22-0101', 'Tricia Mel', NULL, 'Canoza', 'triciamel@student.com', 'c010b0eb24c4b6448bc5d59b08ab5246', 0, 29, 'no-image-available.png', '2026-01-31 20:49:23'),
(425, '23-0294', 'Trishia Nicole', NULL, 'Dandan', 'trishianicole@student.com', 'c38fb9c0bbfe1cbf725b48d08def965f', 0, 29, 'no-image-available.png', '2026-01-31 20:51:37'),
(426, '23-0387', 'Joeyreme Zyra', NULL, 'De Leon', 'joeyremezyra@student.com', '77067f7af922c604062edadadc5b3bd8', 0, 29, 'no-image-available.png', '2026-01-31 20:52:52'),
(427, '23-0130', 'Kimberly', NULL, 'Dela Cruz', 'kimberly2@student.com', '3a9cd2e92453de2b5ee3ed17f1c38fea', 0, 29, 'no-image-available.png', '2026-01-31 20:53:53'),
(428, '23-0212', 'Michaella', NULL, 'Dela Cruz', 'michella@student.com', 'b3463801cd2a98533c64d4e3ae046e65', 0, 29, 'no-image-available.png', '2026-01-31 20:54:54'),
(429, '22-0111', 'Jasmaine', NULL, 'Dela Pena', 'jasmaine@student.com', '87028a8520296148506b59cd246d43fe', 0, 29, 'no-image-available.png', '2026-01-31 20:56:55'),
(430, '23-0172', 'Denielle Rose', NULL, 'Dizon', 'deniellerose@student.com', '44423da4c80bd4cf2a77548f3d8c762e', 0, 29, 'no-image-available.png', '2026-01-31 20:57:56'),
(431, '23-0164', 'Roxane', NULL, 'Dumayas', 'roxane@student.com', 'ca72e015801a82ec7fe0ba4afd2e7d54', 0, 29, 'no-image-available.png', '2026-01-31 20:59:15'),
(432, '22-0214', 'Judy Ann', NULL, 'Fajardo', 'judyann@student.com', '94f1bb9db8af24bd5e7597d2f36fdf85', 0, 29, 'no-image-available.png', '2026-01-31 21:00:26'),
(433, '23-0182', 'Shane', NULL, 'Gabayan', 'shane2@student.com', 'dbbb4006da416a89ab5dd53530ed1795', 0, 29, 'no-image-available.png', '2026-01-31 21:01:38'),
(434, '23-0034', 'Ronniel Vincent', NULL, 'Gabuat', 'ronnielvincent@student.com', '64ddc1f364d1652e97b70c5721c66aad', 0, 29, 'no-image-available.png', '2026-01-31 21:02:40'),
(435, '23-0180', 'Marc Xander', NULL, 'Gaspar', 'marcxander@student.com', '0638c63e4856630d501c580226a3df71', 0, 29, 'no-image-available.png', '2026-01-31 21:03:50'),
(436, '23-0167', 'Daniel', NULL, 'Guilang', 'daniel@student.com', 'a1cda662506d49b606ae70846686e3a6', 0, 29, 'no-image-available.png', '2026-01-31 21:04:36'),
(437, '23-0163', 'Christine', NULL, 'Ipurong', 'christine@student.com', 'c235e2285457753f4cbd7c1739ac6ad7', 0, 29, 'no-image-available.png', '2026-01-31 21:05:35'),
(438, '23-0371', 'Glazie Mae', NULL, 'Libid', 'glaziemae@student.com', 'aa96336c0d4389e4fd090d587891f806', 0, 29, 'no-image-available.png', '2026-01-31 21:07:21'),
(439, '23-0127', 'Justine James', NULL, 'Maneclang', 'justinejames@student.com', '56595eef9f023731b735556e4c9a7df0', 0, 29, 'no-image-available.png', '2026-01-31 21:08:31'),
(440, '23-0069', 'Louielyn', NULL, 'Martinez', 'louielyn@student.com', 'aa91b2c3831ba3bb02d7b74b45adf2de', 0, 29, 'no-image-available.png', '2026-01-31 21:10:28'),
(441, '23-0170', 'Ferdie', NULL, 'Miranda', 'ferdie@student.com', 'eb0f0a55a2ee1da7e2952b170133153b', 0, 29, 'no-image-available.png', '2026-01-31 21:11:13'),
(442, '23-0058', 'Reliza', NULL, 'Natividad', 'reliza@student.com', '62b3cdd8001b9e77fd426a016718ab19', 0, 29, 'no-image-available.png', '2026-01-31 21:11:58'),
(443, '23-0354', 'Ivy Charisse', NULL, 'Onera', 'ivycharisse@student.com', '943be8feadbda494b5323ba7cb1fbafb', 0, 29, 'no-image-available.png', '2026-01-31 21:13:06'),
(444, '23-0158', 'Emilou', NULL, 'Oria', 'emilou@student.com', '58f4302e291f1faf8332394bd93dc533', 0, 29, 'no-image-available.png', '2026-01-31 21:14:07'),
(445, '22-0179', 'Angel Nicole', NULL, 'Pabulayan', 'angelnicole@student.com', '8839e42dc1ac011900f14e3beeb57b40', 0, 29, 'no-image-available.png', '2026-01-31 21:15:03'),
(446, '23-0365', 'Princess', NULL, 'Palayon', 'princess@student.com', '19b4c8afdfdc153e2f5a88ec831d39a6', 0, 29, 'no-image-available.png', '2026-01-31 21:16:07'),
(447, '23-0138', 'Janice', NULL, 'Parigdi', 'janice@student.com', 'dd2578c154171a89f2ad507bb0adef78', 0, 29, 'no-image-available.png', '2026-01-31 21:17:09'),
(448, '23-0139', 'Mary Graze', NULL, 'Ramos', 'marygraze@student.com', '5b157aac8ffe17f01a2e50794541b506', 0, 29, 'no-image-available.png', '2026-01-31 21:17:59'),
(449, '23-0012', 'James Michael', NULL, 'Rimando', 'jamesmichael@student.com', 'ce09a8214a1dbc6a14a3e974a746db1f', 0, 29, 'no-image-available.png', '2026-01-31 21:19:29'),
(450, '22-0292', 'Sthefanie', NULL, 'Rivera', 'sthefanie@student.com', '250b72c5ee12644a6df29d71d04429b4', 0, 29, 'no-image-available.png', '2026-01-31 21:20:27'),
(451, '23-0218', 'Lea', NULL, 'Sabado', 'lea1@student.com', 'c892810927c7e277b240d31527431bd0', 0, 29, 'no-image-available.png', '2026-01-31 21:21:41'),
(452, '23-0358', 'King R-V', NULL, 'Sanchez', 'kingr-v@student.com', '747e92132a4e4b350271989933c2e4ab', 0, 29, 'no-image-available.png', '2026-01-31 21:22:46'),
(453, '23-0191', 'Emy Jean', NULL, 'Santos', 'emyjean@student.com', '1f73f8e230f9c6eb9794f75000451550', 0, 29, 'no-image-available.png', '2026-01-31 21:23:41'),
(454, '23-0168', 'Stephanie Rose', NULL, 'Tengco', 'stephanierose@student.com', '46160da95fffb75304c640cca4b28619', 0, 29, 'no-image-available.png', '2026-01-31 21:24:45'),
(455, '22-0072', 'Clark Ivan', NULL, 'Alfaro', 'clarkivan@student.com', 'a4757684c2abfe34023288ff9cbebb34', 0, 39, 'no-image-available.png', '2026-01-31 21:27:00'),
(456, '22-0073', 'Cesar Tristan', NULL, 'Baltazar', 'cesartristan@student.com', '00a7e19c091b38e5d1329c0eeb83626a', 0, 39, 'no-image-available.png', '2026-01-31 21:28:05'),
(457, '21-0232', 'Benald Kyla', NULL, 'Dela Cruz', 'benaldkyla@student.com', 'a23dc7a107a96df3678f9d5f2006cc3b', 0, 39, 'no-image-available.png', '2026-01-31 21:29:12'),
(458, '22-0012', 'Lee Anne', NULL, 'Duque', 'leeanne1@student.com', '0027276dafc05c5355c6481f75612a45', 0, 39, 'no-image-available.png', '2026-01-31 21:30:17'),
(459, '22-0099', 'Kris Aileen', NULL, 'Esguerra', 'krisaileen@student.com', '701fd44a2e4ea05dda4f44cd348fb221', 0, 39, 'no-image-available.png', '2026-01-31 21:31:35'),
(460, '22-0068', 'Chelsea Joy', NULL, 'Francisco', 'chelseajoy@student.com', 'e3a6916a540dda6e44b8e7de964f0d5d', 0, 39, 'no-image-available.png', '2026-01-31 21:32:31'),
(461, '22-0009', 'Jun Danielle', NULL, 'Jacinto', 'jundanielle@student.com', 'c784a5c174db7b45a1c136ed1a1f6dd4', 0, 39, 'no-image-available.png', '2026-01-31 21:33:28'),
(462, '22-0365', 'Keith Jasmine', NULL, 'Joson', 'keithjasmine@student.com', '565e1b3adf3714426237bf09a7955d45', 0, 39, 'no-image-available.png', '2026-01-31 21:34:35'),
(463, '22-0027', 'Johanna', NULL, 'Lanzona', 'johanna@student.com', 'f981733309f7a24bdeb9dc1e3e240330', 0, 39, 'no-image-available.png', '2026-01-31 21:35:25'),
(464, '22-0028', 'Kristel Clarrise', NULL, 'Macapagal', 'kristelclarrise@student.com', '6201516a623eb5445bb0b4867baccc85', 0, 39, 'no-image-available.png', '2026-01-31 21:36:21'),
(465, '22-0188', 'Hannah Zoe', NULL, 'Mongaya', 'hannahzoe@student.com', '58117c9ea2fe0006bf6355bcf39dbcd3', 0, 39, 'no-image-available.png', '2026-01-31 21:37:13'),
(466, '22-0297', 'Reynalyn', NULL, 'Requito', 'reynalyn1@student.com', '3a807c53e7cbd669a6ba71d22f707724', 0, 39, 'no-image-available.png', '2026-01-31 21:38:15'),
(467, '22-0341', 'Mark Denver', NULL, 'Sibayan', 'markdenver@student.com', '577aa290a1ba05365fdf1e27ea2f4cc0', 0, 39, 'no-image-available.png', '2026-01-31 21:39:03'),
(468, '22-0083', 'Carmela', NULL, 'Viernes', 'carmela@student.com', 'b3bbe207bc08013e477cb5fb077723bc', 0, 39, 'no-image-available.png', '2026-01-31 21:39:52'),
(469, '22-0356', 'John Dave Emmel', NULL, 'Vinluan', 'johndaveemmel@student.com', 'bbc2e954b32cf8368ecfdd92ed0ddac4', 0, 39, 'no-image-available.png', '2026-01-31 21:41:17'),
(470, '22-0102', 'Maria Ingrid', NULL, 'Walican', 'mariaingrid@student.com', '8317cf8fd3e91f16b25992393fcc249f', 0, 39, 'no-image-available.png', '2026-01-31 21:42:28'),
(471, '23-0026', 'Jestiny', NULL, 'Alarcon', 'jestiny@student.com', 'd69b27d135f15aa7f8f3ef214a6a8681', 0, 33, 'no-image-available.png', '2026-01-31 21:45:09'),
(472, '23-0292', 'Evelyn', NULL, 'Alarcon', 'evelyn@student.com', '00206c18b35fe55df5e0929c7fcf4855', 0, 33, 'no-image-available.png', '2026-01-31 21:46:14'),
(473, '22-0192', 'Marios', NULL, 'Aurelia', 'marios@student.com', 'a904556d004a2f3d97c7c44ca02cc4b5', 0, 33, 'no-image-available.png', '2026-01-31 21:47:19'),
(474, '22-0362', 'Janica Fae', NULL, 'Balbaguio', 'janicafae@student.com', 'd78991f334c6c7946318869186230130', 0, 33, 'no-image-available.png', '2026-01-31 21:48:30'),
(475, '22-0017', 'Ian Dwight', NULL, 'Balbuena', 'iandwight@student.com', 'be3ff6b55b86a12664c34d08634ea99a', 0, 33, 'no-image-available.png', '2026-01-31 21:49:41'),
(476, '22-0091', 'Meldredge', NULL, 'Barde', 'meldredge@student.com', '6fab67f6041edf3f52647ece22b39f21', 0, 33, 'no-image-available.png', '2026-01-31 21:52:00'),
(477, '22-0354', 'Aljeane', NULL, 'Blazo', 'aljeane@student.com', '2fbff7ff803290c99c0269ed8fe3e589', 0, 33, 'no-image-available.png', '2026-01-31 21:52:58'),
(478, '23-0078', 'Ronna Mae', NULL, 'Constantino', 'ronnamae@student.com', 'a013163f0c4fb3f8d1627e1a1c1217dc', 0, 33, 'no-image-available.png', '2026-01-31 21:54:26'),
(479, '23-0064', 'Christina', NULL, 'Danipog', 'christina@student.com', '9aa8db613409e8f660280e5df1fdcbdf', 0, 33, 'no-image-available.png', '2026-01-31 21:55:34'),
(480, '23-0067', 'Precious', NULL, 'Disameto', 'precious@student.com', 'f76d1b8b00ab6fcc22ed97f94ea02710', 0, 33, 'no-image-available.png', '2026-01-31 21:56:27'),
(481, '23-0024', 'Aileen Rose', NULL, 'Esquivel', 'aileenrose@student.com', 'e06b6ae4b72e73cc73dc786c3bd873c2', 0, 33, 'no-image-available.png', '2026-01-31 21:57:39'),
(482, '22-0036', 'Claudine', NULL, 'Ferrer', 'claudine@student.com', '20a277452e9dc7dc4b18227ba789bad1', 0, 33, 'no-image-available.png', '2026-01-31 21:58:33'),
(483, '23-0060', 'Charlie', NULL, 'Ignacio', 'charlie@student.com', 'f51c3ce2aeafa1eec8cc53e001c44676', 0, 33, 'no-image-available.png', '2026-01-31 21:59:25'),
(484, '23-0238', 'Joyce Ann', NULL, 'Lictawa', 'joyceann@student.com', '127886fb77ed0abd89f224d1586df476', 0, 33, 'no-image-available.png', '2026-01-31 22:00:31'),
(485, '23-0226', 'Berlyn', NULL, 'Mallari', 'berlyn@student.com', '8b3881c08fd54719f830e6072d7dc631', 0, 33, 'no-image-available.png', '2026-01-31 22:01:34'),
(486, '22-0041', 'Rebecca', NULL, 'Manuel', 'rebecca@student.com', '3b3c3e32d83530d119d5871dfc26ef15', 0, 33, 'no-image-available.png', '2026-01-31 22:02:23'),
(487, '23-0017', 'Jenmhar', NULL, 'Naredo', 'jenmhar@student.com', '59c172ba58c92338c61a404570320e75', 0, 33, 'no-image-available.png', '2026-01-31 22:03:21'),
(488, '23-0090', 'Brexann Joy', NULL, 'Nesa', 'brexannjoy@student.com', 'f5ce44705a867c601449af8c4fb19a67', 0, 33, 'no-image-available.png', '2026-01-31 22:04:12'),
(489, '22-0247', 'Ashley', NULL, 'Orizar', 'ashley2@student.com', '4a2fe7472e0b2af7980da4847f304100', 0, 33, 'no-image-available.png', '2026-01-31 22:05:23'),
(490, '22-0288', 'Rizza Jean', NULL, 'Paulino', 'rizzajean@student.com', 'e4d2f27193d8e555016e2e686fd4a639', 0, 33, 'no-image-available.png', '2026-01-31 22:06:17'),
(491, '23-0278', 'Grace', NULL, 'Quiere', 'grace@student.com', 'b69f5314738838b8752d6131d04c3593', 0, 33, 'no-image-available.png', '2026-01-31 22:07:42'),
(492, '23-0102', 'Nelson', NULL, 'Sabado', 'nelson@student.com', '93d36ccef08f96367b2fbba9bd1f6b79', 0, 33, 'no-image-available.png', '2026-01-31 22:08:29'),
(493, '22-0146', 'Carolyn', NULL, 'Siringan', 'carolyn1@student.com', '12427b2e9fd7c7705b87d40b1a6f9bae', 0, 33, 'no-image-available.png', '2026-01-31 22:09:26'),
(494, '23-0052', 'Jeric', NULL, 'Ulic-Ulic', 'jeric@student.com', 'f429d88f7679def823a31dc5a59ebbef', 0, 33, 'no-image-available.png', '2026-01-31 22:10:17'),
(495, '22-0118', 'Erica Danne', NULL, 'Vasquez', 'ericadanne@student.com', 'da0d74dae8279a7413f08a311afcb918', 0, 33, 'no-image-available.png', '2026-01-31 22:11:23'),
(496, '23-0042', 'John Paul', NULL, 'Vegiga', 'johnpaul@student.com', '517567cd88ca6644b745c1a8f9806225', 0, 33, 'no-image-available.png', '2026-01-31 22:12:25'),
(497, '22-0337', 'Kyla', NULL, 'Velasquez', 'kyla@student.com', '8f50e120c2c0b8e4bc051e75ccf839b0', 0, 33, 'no-image-available.png', '2026-01-31 22:13:16'),
(498, '23-0029', 'Babylyn', NULL, 'Zamora', 'babylyn1@student.com', '9696de2f553030528d7381a11371accf', 0, 33, 'no-image-available.png', '2026-01-31 22:14:28'),
(499, '23-0157', 'Nierheyza', NULL, 'Andasan', 'nierheyza@student.com', '7cd14c617a3d04a27e2bd55506d7a6e6', 0, 34, 'no-image-available.png', '2026-01-31 22:21:10'),
(500, '23-0266', 'Mhar June', NULL, 'Barcelo', 'mharjune@student.com', '1c037e15a0f09f7276b43d81d2ff64aa', 0, 34, 'no-image-available.png', '2026-01-31 22:22:00'),
(501, '23-0146', 'Angel Dianne', NULL, 'Castillo', 'angeldianne@student.com', '15c263f98a9dbebafe185b58435e6a5c', 0, 34, 'no-image-available.png', '2026-01-31 22:22:59'),
(502, '23-0193', 'Rhaiza', NULL, 'Diamante', 'rhaiza@student.com', '3de8957d69b0ef669435b7c9e883e55f', 0, 34, 'no-image-available.png', '2026-01-31 22:26:10'),
(503, '23-0200', 'Apple', NULL, 'Galsim', 'apple@student.com', 'd3b75796320fc7d4533ee7bff866fea4', 0, 34, 'no-image-available.png', '2026-01-31 22:27:53'),
(504, '23-0135', 'Ray Phillip', NULL, 'Jorduela', 'rayphillip@student.com', '994d7805025eb6fd88cfc348b39851c8', 0, 34, 'no-image-available.png', '2026-01-31 22:29:03'),
(505, '23-0174', 'Laica', NULL, 'Magno', 'laica@student.com', 'ab0968130013b9573e9a648fce2df5a0', 0, 34, 'no-image-available.png', '2026-01-31 22:30:22'),
(506, '23-0128', 'John Daniele', NULL, 'Manglicmot', 'johndaniele@student.com', '17e11807eb2cf76bef2f4ce14cd99f8c', 0, 34, 'no-image-available.png', '2026-01-31 22:31:32'),
(507, '23-0150', 'Jelly Ann', NULL, 'Marcelo', 'jellyann@student.com', '15a43ce7f1d3390349fa47343f1766cd', 0, 34, 'no-image-available.png', '2026-01-31 22:33:58'),
(508, '23-0126', 'Kaye Cee', NULL, 'Marzo', 'kayecee@student.com', '2c02cf87ef776f560018398dd484582b', 0, 34, 'no-image-available.png', '2026-01-31 22:34:55'),
(509, '23-0140', 'Shiela Mae', NULL, 'Oneza', 'shielamae@student.com', '8e6a7f265e869f34e9d9f8864ceb2aec', 0, 34, 'no-image-available.png', '2026-01-31 22:36:20'),
(510, '23-0176', 'Desiree', NULL, 'Requiña', 'desiree@student.com', '9f467a36902a27c9a735e04b6ffdca98', 0, 34, 'no-image-available.png', '2026-01-31 22:38:37'),
(511, '23-0165', 'Jamaica', NULL, 'Ruelo', 'jamaica@student.com', 'c4c3f5f4f9331de30f395acb3d3aa76a', 0, 34, 'no-image-available.png', '2026-01-31 22:39:46'),
(512, '23-0205', 'Jialei', NULL, 'San Miguel', 'jialei@student.com', 'ad3e807d3845618e4e2e2831b149c4b7', 0, 34, 'no-image-available.png', '2026-01-31 22:40:53'),
(513, '23-0190', 'Sarah', NULL, 'Tablang', 'sarah@student.com', 'a5edb45b4b2615022dd10ff4ebbbd3da', 0, 34, 'no-image-available.png', '2026-01-31 22:42:12'),
(514, '25-0361', 'Kimberly', NULL, 'Agbayani', 'kimberly3@student.com', 'ac3797cb5a314e316f282bf3bcfd1ea9', 0, 12, 'no-image-available.png', '2026-01-31 22:46:52'),
(515, '25-0051', 'Vanessa', NULL, 'Aguilar', 'vanessa@student.com', '43ac98ee98b399354c64733c7170ea42', 0, 12, 'no-image-available.png', '2026-01-31 22:48:15'),
(516, '25-0013', 'April Dawn', NULL, 'Antonio', 'aprildawn@student.com', '4611690d3510630713172ff024fb727d', 0, 12, 'no-image-available.png', '2026-01-31 22:49:05'),
(517, '25-0076', 'Hazel', NULL, 'De Guzman', 'hazel1@student.com', '0cf56c5c639a04b9eea061de751b355b', 0, 12, 'no-image-available.png', '2026-01-31 22:50:43'),
(518, '25-0001', 'Leo Vergel', NULL, 'Eugenio', 'leovergel@student.com', '83e3f402245b8469bf984b4ceaf3b328', 0, 12, 'no-image-available.png', '2026-01-31 22:51:35'),
(519, '25-0046', 'Meagan', NULL, 'Galapate', 'meagan@student.com', '79b10559c9770bbbe98954b7edc50d90', 0, 12, 'no-image-available.png', '2026-01-31 22:52:32'),
(520, '25-0201', 'Cris Lloyd', NULL, 'Gudoy', 'crislloyd@student.com', '55844d127aecdccc4b43cbc130cc2dcd', 0, 12, 'no-image-available.png', '2026-01-31 22:53:50'),
(521, '25-0072', 'Karylle', NULL, 'Landeza', 'karylle@student.com', '78b27c99711035ca9f4a142404aa5606', 0, 12, 'no-image-available.png', '2026-01-31 22:54:41'),
(522, '25-0014', 'Jilliane', NULL, 'Lictawa', 'jilliane@student.com', '1a8283d27e954d63f07f6390a9450645', 0, 12, 'no-image-available.png', '2026-01-31 22:55:37'),
(523, '25-0183', 'Shane', NULL, 'Lina', 'shane1@student.com', '4d8da22b4aa44aa696909c6937ed7def', 0, 12, 'no-image-available.png', '2026-01-31 22:57:06'),
(524, '25-0052', 'Maria Ashley', NULL, 'Manusig', 'mariaashley@student.com', '4815af7ee670a4fdc207fade65201acd', 0, 12, 'no-image-available.png', '2026-01-31 22:58:04'),
(525, '25-0016', 'Jerome', NULL, 'Marigsa', 'jerome@student.com', '5a3c437ef44eb70bfa4a961faf45571c', 0, 12, 'no-image-available.png', '2026-01-31 22:59:07'),
(526, '25-0122', 'Jana Denise', NULL, 'Ramos', 'janadenise@student.com', '39f83f30de48e031c32e2f9332beb8ee', 0, 12, 'no-image-available.png', '2026-01-31 23:00:13'),
(527, '25-0100', 'Jionel', NULL, 'Ramos', 'jionel@student.com', '893394302e370a85d935396ef3fb5f72', 0, 12, 'no-image-available.png', '2026-01-31 23:01:04'),
(528, '25-0082', 'Junelle', NULL, 'Sawit', 'junelle@student.com', '1b5128e32d7a28fc75ca06ee40d6cd7d', 0, 12, 'no-image-available.png', '2026-01-31 23:02:03'),
(529, '25-0098', 'Queen Margaret', NULL, 'Siquig', 'queenmargaret@student.com', '110bd8cb3f83fbe6bd41d684033f508d', 0, 12, 'no-image-available.png', '2026-01-31 23:03:05'),
(530, '25-0074', 'Czarina Jem', NULL, 'Uraga', 'czarinajem@student.com', 'b06a3213475c61546923edb93c5c62c9', 0, 12, 'no-image-available.png', '2026-01-31 23:04:00'),
(531, '23-0350', 'Wilma', NULL, 'Aguilar', 'wilma@student.com', '42f36556864ab6f3c868db16029009c0', 0, 30, 'no-image-available.png', '2026-01-31 23:10:36'),
(532, '23-0162', 'Princess', NULL, 'Agustin', 'princess1@student.com', '132d4be99534b806b20a9ed2d00135d6', 0, 30, 'no-image-available.png', '2026-01-31 23:12:05'),
(533, '23-0092', 'Shinji Rivearth', NULL, 'Aquino', 'shinjirivearth@student.com', '98db13c8614e7c5cf6158292e5128d1c', 0, 30, 'no-image-available.png', '2026-01-31 23:13:23'),
(534, '23-0159', 'Joana Marie', NULL, 'Baltazar', 'joanamarie@student.com', 'c746afcd6648c76442f21bd81f3a248f', 0, 30, 'no-image-available.png', '2026-01-31 23:14:33'),
(535, '23-0014', 'Michelle', NULL, 'Camus', 'michelle@student.com', 'd70ba12008f46557c32cdc2bb4f5c50b', 0, 30, 'no-image-available.png', '2026-01-31 23:15:26'),
(536, '23-0252', 'Melmar', NULL, 'Cortina', 'melmar@student.com', '2615acbb027f705d9468b2d5fec8dbe5', 0, 30, 'no-image-available.png', '2026-01-31 23:16:09'),
(537, '23-0173', 'Jerald', NULL, 'De Guzman', 'jerald@student.com', '8d277229563e1fcc97c52ea8860183e5', 0, 30, 'no-image-available.png', '2026-01-31 23:16:57'),
(538, '23-0349', 'Wincess Tricia', NULL, 'De Guzman', 'wincesstricia@student.com', '3e83a95248c6129066bb19f63b649282', 0, 30, 'no-image-available.png', '2026-01-31 23:17:56'),
(539, '23-0086', 'Joshua Angelo', NULL, 'De Jesus', 'joshuaangelo@student.com', '8df6997bb19331cd3d9efa1f474b8b8b', 0, 30, 'no-image-available.png', '2026-01-31 23:18:53'),
(540, '23-0311', 'Joriz', NULL, 'Dela Cruz', 'joriz@student.com', '0940042fe76867368c3a2aeefdd1b298', 0, 30, 'no-image-available.png', '2026-01-31 23:19:56'),
(541, '23-0091', 'Mary Jane', NULL, 'Dela Cruz', 'maryjane1@student.com', 'fee17d1efa07b5107b44633e6182c09d', 0, 30, 'no-image-available.png', '2026-01-31 23:20:49'),
(542, '23-0016', 'Rachel Joy', NULL, 'Dela Cruz', 'racheljoy@student.com', '1d041d6b1b211e80d4e58be59e567915', 0, 30, 'no-image-available.png', '2026-01-31 23:21:41'),
(543, '22-0346', 'Alona Grace', NULL, 'Dela Vega', 'alonagrace@student.com', 'e0d156a44e87124cf10acd4e55c6b8e7', 0, 30, 'no-image-available.png', '2026-01-31 23:22:35'),
(544, '23-0361', 'Sesinando', NULL, 'Embang', 'sesinando@student.com', 'af285a5333c7bc49982de008b63dcecd', 0, 30, 'no-image-available.png', '2026-01-31 23:23:37'),
(545, '23-0329', 'Miko', NULL, 'Francisco', 'miko@student.com', '7d3f773f0a24948b5597aaee4121657c', 0, 30, 'no-image-available.png', '2026-01-31 23:24:24'),
(546, '23-0290', 'Queenie Franchezka', NULL, 'Garce', 'quenniefranchezka@student.com', 'e141a3dfd7d88104f9b36029adf67da8', 0, 30, 'no-image-available.png', '2026-01-31 23:25:34'),
(547, '23-0348', 'Symon', NULL, 'Jorduela', 'symon@student.com', '88ab458ab336fae8e9d34512fdebfa1d', 0, 30, 'no-image-available.png', '2026-01-31 23:26:26'),
(548, '23-0129', 'Ruffa Eliza', NULL, 'Jumawan', 'ruffaeliza@student.com', '48274b3ff1ca2ff16f2077c894bea374', 0, 30, 'no-image-available.png', '2026-01-31 23:27:45'),
(549, '23-0154', 'Divina Mae', NULL, 'Legaspi', 'divinamae@student.com', 'a34cd1f31da383ad87db502beace0761', 0, 30, 'no-image-available.png', '2026-01-31 23:28:50'),
(550, '23-0145', 'Christine', NULL, 'Malawit', 'christine1@student.com', '31cffb369b603a90f88633943ff9a56d', 0, 30, 'no-image-available.png', '2026-01-31 23:29:46'),
(551, '23-0009', 'Justine', NULL, 'Mariano', 'justine@student.com', '18f5c303289186d4c8eee55f0cd7f76f', 0, 30, 'no-image-available.png', '2026-01-31 23:30:46'),
(552, '23-0050', 'Leslie Ann', NULL, 'Martin', 'leslieann@student.com', '0289145cb0997513f4f9f69207870ff0', 0, 30, 'no-image-available.png', '2026-01-31 23:31:38'),
(553, '22-0276', 'Maricris', NULL, 'Mendoza', 'maricris1@student.com', '650f3655212cb5da7041a54608788086', 0, 30, 'no-image-available.png', '2026-01-31 23:33:26'),
(554, '23-0223', 'Romeo Jr', NULL, 'Nineng', 'romeojr@student.com', '7611723cce3ad6b2815ecc3f180a0f1c', 0, 30, 'no-image-available.png', '2026-01-31 23:34:46'),
(555, '23-0343', 'Catherine', NULL, 'Oracame', 'catherine1@student.com', 'bf5a6505ac49d924c4ef0518fd482607', 0, 30, 'no-image-available.png', '2026-01-31 23:35:41'),
(556, '23-0364', 'Charina Hope', NULL, 'Pequeña', 'charinahope@student.com', '7eec7e2c561be336b4b6722343602a73', 0, 30, 'no-image-available.png', '2026-01-31 23:36:49'),
(557, '23-0208', 'Raymond', NULL, 'Ramos', 'raymond@student.com', 'd2c4328d650c1dd5b7e2203d668839d5', 0, 30, 'no-image-available.png', '2026-01-31 23:37:42'),
(558, '22-0292', 'Sthefanie', NULL, 'Rivera', 'sthefanie1@student.com', '250b72c5ee12644a6df29d71d04429b4', 0, 30, 'no-image-available.png', '2026-01-31 23:38:39'),
(559, '23-0204', 'Charie', NULL, 'Rugayan', 'charie@student.com', '034f1f1a2fefe6d6821f0c07c25db558', 0, 30, 'no-image-available.png', '2026-01-31 23:40:12'),
(560, '23-0074', 'Aldrin', NULL, 'Santiago', 'aldrin@student.com', 'dfac5a232fac046812e6f82ee78ff867', 0, 30, 'no-image-available.png', '2026-01-31 23:41:04'),
(561, '23-0312', 'Irish', NULL, 'Simon', 'irish@student.com', 'ff4e198642cd7270570d21ff3c798850', 0, 30, 'no-image-available.png', '2026-01-31 23:42:01'),
(562, '23-0001', 'Alexander', NULL, 'Talan', 'alexander1@student.com', '0e4f55ee70cf93625f5a53e7ef513750', 0, 30, 'no-image-available.png', '2026-01-31 23:42:52'),
(563, '23-0359', 'Ceejay', NULL, 'Torres', 'ceejay@student.com', '2b25e6abbb1be54bef703dd2698425cd', 0, 30, 'no-image-available.png', '2026-01-31 23:43:52'),
(564, '23-0149', 'John Paul', NULL, 'Verosil', 'johnpaul1@student.com', 'bbf6f96730fd62aa84b2700881eafb93', 0, 30, 'no-image-available.png', '2026-01-31 23:44:54'),
(565, 'SUM2021-123456', 'Test', '', 'Test', 'test1234', '16d7a4fca7442dda3ad93c9a726597e4', 0, 34, 'no-image-available.png', '2026-03-05 17:16:46'),
(566, 'SUM2021-1234567', 'Test', '', 'Test', 'test12345', 'c06db68e819be6ec3d26c6038d8e8d1f', 1, 1, 'no-image-available.png', '2026-03-05 20:02:40'),
(567, 'SUM2021-1234567', 'Test', '', 'Test', 'test123456', 'c06db68e819be6ec3d26c6038d8e8d1f', 1, 1, 'no-image-available.png', '2026-03-05 20:05:32');

-- --------------------------------------------------------

--
-- Table structure for table `subject_course_mapping`
--

CREATE TABLE `subject_course_mapping` (
  `id` int(11) NOT NULL,
  `subject_id` int(11) NOT NULL,
  `curriculum` varchar(100) NOT NULL,
  `level` varchar(50) NOT NULL,
  `created_at` datetime NOT NULL DEFAULT current_timestamp()
) ENGINE=InnoDB DEFAULT CHARSET=utf8mb4 COLLATE=utf8mb4_general_ci;

--
-- Dumping data for table `subject_course_mapping`
--

INSERT INTO `subject_course_mapping` (`id`, `subject_id`, `curriculum`, `level`, `created_at`) VALUES
(1, 5, 'BSA', '1', '2026-01-29 22:11:55'),
(4, 1, 'BSA', '2', '2026-01-29 22:22:04');

-- --------------------------------------------------------

--
-- Table structure for table `subject_list`
--

CREATE TABLE `subject_list` (
  `id` int(30) NOT NULL,
  `code` varchar(50) NOT NULL,
  `subject` text NOT NULL,
  `description` text NOT NULL
) ENGINE=InnoDB DEFAULT CHARSET=utf8mb4 COLLATE=utf8mb4_general_ci;

--
-- Dumping data for table `subject_list`
--

INSERT INTO `subject_list` (`id`, `code`, `subject`, `description`) VALUES
(1, 'GE02', 'Readings in Philippine History', ''),
(2, 'GEEL1', 'English +', ''),
(3, 'GE01', 'Understanding the Self', ''),
(4, 'GE04', 'Mathematics in the Modern World', ''),
(5, 'BEEL1', 'Basic Accounting Review', ''),
(6, 'AEC1', 'Managerial Economics', ''),
(7, 'PATHFIT1 ', 'Movement Competency Training', ''),
(8, 'NSTP1', 'National Service Training Program', ''),
(9, 'TSEM', 'Introduction to Linguistics', ''),
(10, 'GE 7', 'Science, Technology and Society', ''),
(11, 'GE 5', 'Purposive Communication', ''),
(12, 'TEEL 1', 'Introduction to Human Behavior', ''),
(13, 'GE 3', 'The Contemporary World', ''),
(14, 'AIS 1', 'IT Application Tools in Business', ''),
(15, 'GEEL 7', 'English for Business Purposes', ''),
(16, 'BEEL 6', 'Quantitative Technique in Business', ''),
(17, 'BAHR 1', 'Recruitment and Selection', ''),
(18, 'BACC 2', 'Basic Macroeconomics', ''),
(19, 'CBMEC 2', 'Strategic Management', ''),
(20, 'PATHFIT 3', 'Physical Activities Towards Health and Fitness in Dance', ''),
(21, 'AEC 19', 'Accountancy Research', ''),
(22, 'AEC 21', 'Accounting Internship', ''),
(23, 'AEP 5', 'Accounting for Government, Not for Profit and Specialized Industries', ''),
(24, 'BEEL 4', 'Business Policy', ''),
(25, 'BACC 5', 'Feasibility Study', ''),
(26, 'BAFM 8', 'Special Topics in Financial Management', ''),
(27, 'BAFMEL 5', 'Global Finance with Electronic Banking', ''),
(28, 'TEEL 3', 'Research Methodology', ''),
(29, 'TEP 8', 'Assessment of Learning 1', ''),
(30, 'TSMM 14', 'Calculus II', ''),
(31, 'TSMM 15', 'Problem Solving, Mathematical Investigation and Modelling', ''),
(32, 'TSMM 16', 'Principles and Strategies in Teaching Mathematics', ''),
(33, 'TSMM 17', 'Assessment and Evaluation in Mathematics', ''),
(34, 'TSEM-FM 12', 'Technology in Language Education', ''),
(35, 'TSEM 13', 'Language Programs and Policies in Multilingual Societies', ''),
(36, 'TSEM 14', 'Survey of Philippine Literature', ''),
(37, 'TSEM 15', 'Survey of Afro-Asian Literature', ''),
(38, 'TSEM 16', 'Survey of English and American Literature', ''),
(39, 'TSEM 18', 'Campus Journalism', ''),
(40, 'TEFM 1', 'Introduksyon sa Pag aaral ng Wika', ''),
(41, 'CBMEC 1', 'Operations Management and Total Quality Management', ''),
(42, 'AEC 6', 'Intermediate Accounting 1', ''),
(43, 'AEC 7', 'Intermediate Accounting 2', ''),
(44, 'AEC 8', 'Business Law and Regulation', ''),
(45, 'AEC 9', 'Cost Accounting and Control', ''),
(46, 'AEC 20', 'Accounting Information System Research', ''),
(47, 'AISEL 1', 'Business Analytic', ''),
(48, 'AIS 11', 'Information Security & Management', ''),
(49, 'AEC-BA 3', 'International Business Trade', ''),
(50, 'AIS 10', 'Data Warehousing & Management', ''),
(51, 'AISEL 2', 'Updates in Infosystem', ''),
(52, 'AISEL 3', 'Updates in Financial Reporting Standard', ''),
(53, 'TESM 1', 'Astronomy', ''),
(54, 'AEPEL 1', 'Laws on Sales, Mortgage, Pledges, etc', ''),
(55, 'AEP 1', 'Accounting for Special Transactions', ''),
(56, 'AEC 16', 'Strategic Cost Management', ''),
(57, 'AEC 14', 'Financial Markets', ''),
(58, 'AEC-BA 2', 'Income Taxation', ''),
(59, 'AIS 3', 'Statistical Analysis with Software Application', ''),
(60, 'GEEL 8', 'Rhetoric & Discourse Analysis', ''),
(61, 'AEC 15', 'Strategic Business Analysis', ''),
(62, 'AIS 4', 'Managing Information Technology', ''),
(63, 'AIS 5', 'Managing Information Systems', ''),
(64, 'BAMM 1', 'Marketing Management', ''),
(65, 'TEEL 2 ', 'Digital Media', ''),
(66, 'TEP 2', 'Facilitating Learner-Centered Teaching', ''),
(67, 'TEP 3', 'Foundation of Special and Inclusive Education', ''),
(68, 'TSEM 4', 'Principles and Theories of Language Acquisition and Learning', ''),
(69, 'TSEM 5', 'Technical Writing', ''),
(70, 'TSEM 6', 'Teaching and Assessment of Grammar', ''),
(71, 'TSEM 7', 'Mythology and Folklore', ''),
(72, 'GE 8', 'Ethics', ''),
(73, 'GE07', 'Life and Works of Rizal', ''),
(74, 'TETC 2', 'Edukasyong Pantahanan at Pangkabuhayan with Entrepreneurship ', ''),
(75, 'TEP 1', 'The Child and Adolescent Learner and Learning Principles', ''),
(76, 'TEEC 1', 'Teaching English in Elementary Grades', ''),
(77, 'TEMMC 1', ' Content and Pedagogy for the Mother-Tongue', ''),
(78, 'PATHFIT 2', 'Exercise-based Fitness Activities', ''),
(79, 'TEEL 02', 'People and Earth Ecosystem', ''),
(80, 'BAHR 6', 'Labor Relation and Negotiation', ''),
(81, 'BAHR 7', 'Administrative and Office Management', ''),
(82, 'BAHREL 2', 'Managerial Accounting', ''),
(83, 'BAHREL 3', 'Project Management', ''),
(84, 'BAHREL 4', 'Performance Management', ''),
(85, 'TEPEL 1', 'Teaching Multi-Grade Classes', ''),
(86, 'TEMAC 1', 'Teaching Mathematics in the Primary Grades', ''),
(87, 'TESC 1', 'Teaching Science in the Primary Grades (Biology and Chemistry)', ''),
(88, 'TEMUC 1', 'Teaching Music in the Elementary Grades', ''),
(89, 'GE 6', 'Art Appreciation', ''),
(90, 'GEEL 5', 'Philippine Popular Culture', ''),
(91, 'TEP 9 ', 'Assessment of Learning 2', ''),
(92, 'TEP 10', 'The Teacher and the Community, School Culture and Organizational Leadership', ''),
(93, 'TSEM 17', 'Literacy Criticism', ''),
(94, 'TSEM 20', 'Language Learning Materials Development', ''),
(95, 'TSEM 21', 'Language Education Research', ''),
(96, 'GEEL 3', 'Gender and Society', ''),
(97, 'BACC 3', 'Good Governance and Social Responsibility', ''),
(98, 'BACC 4', 'Business Research', ''),
(99, 'BAFM 4', 'Financial Analysis and Reporting', ''),
(100, 'BAFM 5', 'Investment and Portfolio Management', ''),
(101, 'BAFMEL 1', 'Entrepreneurial Management', '');

-- --------------------------------------------------------

--
-- Table structure for table `system_settings`
--

CREATE TABLE `system_settings` (
  `id` int(30) NOT NULL,
  `name` text NOT NULL,
  `email` varchar(200) NOT NULL,
  `contact` varchar(20) NOT NULL,
  `address` text NOT NULL,
  `cover_img` text NOT NULL
) ENGINE=InnoDB DEFAULT CHARSET=utf8mb4 COLLATE=utf8mb4_general_ci;

--
-- Dumping data for table `system_settings`
--

INSERT INTO `system_settings` (`id`, `name`, `email`, `contact`, `address`, `cover_img`) VALUES
(1, 'Faculty Evaluation System', 'info@sample.comm', '+6948 8542 623', '2102  Caldwell Road, Rochester, New York, 14608', '');

-- --------------------------------------------------------

--
-- Table structure for table `users`
--

CREATE TABLE `users` (
  `id` int(30) NOT NULL,
  `firstname` varchar(200) NOT NULL,
  `middlename` varchar(200) NOT NULL DEFAULT '',
  `lastname` varchar(200) NOT NULL,
  `username` varchar(100) NOT NULL,
  `email` varchar(200) NOT NULL,
  `password` text NOT NULL,
  `avatar` text NOT NULL DEFAULT 'no-image-available.png',
  `date_created` datetime NOT NULL DEFAULT current_timestamp()
) ENGINE=InnoDB DEFAULT CHARSET=utf8mb4 COLLATE=utf8mb4_general_ci;

--
-- Dumping data for table `users`
--

INSERT INTO `users` (`id`, `firstname`, `middlename`, `lastname`, `username`, `email`, `password`, `avatar`, `date_created`) VALUES
(1, 'Administrator', '', '', 'admin', 'admin@admin.com', '0192023a7bbd73250516f069df18b500', '1607135820_avatar.jpg', '2020-11-26 10:57:04'),
(2, 'Kayzy', '', 'Oligo', 'kise', 'kayzy@admin.com', '8539c819dc813c35ec18bc874e3a0d8a', 'no-image-available.png', '2025-09-08 11:26:53'),
(3, 'Helen ', '', 'Dela Cruz', 'helenxocute', 'helen@admin.com', '3fe4c917f62e537e040eb6424ef3d304', 'no-image-available.png', '2025-09-08 11:27:34'),
(4, 'Alex', '', 'Ociana', 'alex', 'alex@admin.com', 'b75bd008d5fecb1f50cf026532e8ae67', 'no-image-available.png', '2025-09-09 13:09:48'),
(5, 'test', '', '123', 'test123', 'test123@gmail.com', 'cc03e747a6afbbcbf8be7668acfebee5', 'no-image-available.png', '2025-11-14 19:22:25'),
(6, 'Florentino III', '', 'Acosta', 'Flore', 'flore@admin.com', '7ba1becb0a8c092e7c82c9baa66a8fd8', 'no-image-available.png', '2026-02-02 10:12:48');

--
-- Indexes for dumped tables
--

--
-- Indexes for table `academic_list`
--
ALTER TABLE `academic_list`
  ADD PRIMARY KEY (`id`);

--
-- Indexes for table `activity_logs`
--
ALTER TABLE `activity_logs`
  ADD PRIMARY KEY (`id`),
  ADD KEY `user_type` (`user_type`),
  ADD KEY `user_id` (`user_id`),
  ADD KEY `timestamp` (`timestamp`);

--
-- Indexes for table `additional_feedback`
--
ALTER TABLE `additional_feedback`
  ADD PRIMARY KEY (`id`);

--
-- Indexes for table `class_list`
--
ALTER TABLE `class_list`
  ADD PRIMARY KEY (`id`);

--
-- Indexes for table `criteria_list`
--
ALTER TABLE `criteria_list`
  ADD PRIMARY KEY (`id`);

--
-- Indexes for table `evaluation_list`
--
ALTER TABLE `evaluation_list`
  ADD PRIMARY KEY (`evaluation_id`);

--
-- Indexes for table `faculty_list`
--
ALTER TABLE `faculty_list`
  ADD PRIMARY KEY (`id`);

--
-- Indexes for table `irregular_student_subjects`
--
ALTER TABLE `irregular_student_subjects`
  ADD PRIMARY KEY (`id`),
  ADD UNIQUE KEY `unique_irregular_subject` (`student_id`,`subject_id`),
  ADD KEY `student_id` (`student_id`),
  ADD KEY `subject_id` (`subject_id`);

--
-- Indexes for table `question_list`
--
ALTER TABLE `question_list`
  ADD PRIMARY KEY (`id`);

--
-- Indexes for table `restriction_list`
--
ALTER TABLE `restriction_list`
  ADD PRIMARY KEY (`id`);

--
-- Indexes for table `student_list`
--
ALTER TABLE `student_list`
  ADD PRIMARY KEY (`id`);

--
-- Indexes for table `subject_course_mapping`
--
ALTER TABLE `subject_course_mapping`
  ADD PRIMARY KEY (`id`),
  ADD UNIQUE KEY `unique_mapping` (`subject_id`,`curriculum`,`level`),
  ADD KEY `subject_id` (`subject_id`),
  ADD KEY `curriculum` (`curriculum`),
  ADD KEY `level` (`level`);

--
-- Indexes for table `subject_list`
--
ALTER TABLE `subject_list`
  ADD PRIMARY KEY (`id`);

--
-- Indexes for table `system_settings`
--
ALTER TABLE `system_settings`
  ADD PRIMARY KEY (`id`);

--
-- Indexes for table `users`
--
ALTER TABLE `users`
  ADD PRIMARY KEY (`id`);

--
-- AUTO_INCREMENT for dumped tables
--

--
-- AUTO_INCREMENT for table `academic_list`
--
ALTER TABLE `academic_list`
  MODIFY `id` int(30) NOT NULL AUTO_INCREMENT, AUTO_INCREMENT=6;

--
-- AUTO_INCREMENT for table `activity_logs`
--
ALTER TABLE `activity_logs`
  MODIFY `id` int(11) NOT NULL AUTO_INCREMENT, AUTO_INCREMENT=214;

--
-- AUTO_INCREMENT for table `additional_feedback`
--
ALTER TABLE `additional_feedback`
  MODIFY `id` int(11) NOT NULL AUTO_INCREMENT, AUTO_INCREMENT=522;

--
-- AUTO_INCREMENT for table `class_list`
--
ALTER TABLE `class_list`
  MODIFY `id` int(30) NOT NULL AUTO_INCREMENT, AUTO_INCREMENT=51;

--
-- AUTO_INCREMENT for table `criteria_list`
--
ALTER TABLE `criteria_list`
  MODIFY `id` int(30) NOT NULL AUTO_INCREMENT, AUTO_INCREMENT=8;

--
-- AUTO_INCREMENT for table `evaluation_list`
--
ALTER TABLE `evaluation_list`
  MODIFY `evaluation_id` int(30) NOT NULL AUTO_INCREMENT, AUTO_INCREMENT=525;

--
-- AUTO_INCREMENT for table `faculty_list`
--
ALTER TABLE `faculty_list`
  MODIFY `id` int(30) NOT NULL AUTO_INCREMENT, AUTO_INCREMENT=46;

--
-- AUTO_INCREMENT for table `irregular_student_subjects`
--
ALTER TABLE `irregular_student_subjects`
  MODIFY `id` int(11) NOT NULL AUTO_INCREMENT, AUTO_INCREMENT=10;

--
-- AUTO_INCREMENT for table `question_list`
--
ALTER TABLE `question_list`
  MODIFY `id` int(30) NOT NULL AUTO_INCREMENT, AUTO_INCREMENT=29;

--
-- AUTO_INCREMENT for table `restriction_list`
--
ALTER TABLE `restriction_list`
  MODIFY `id` int(30) NOT NULL AUTO_INCREMENT, AUTO_INCREMENT=243;

--
-- AUTO_INCREMENT for table `student_list`
--
ALTER TABLE `student_list`
  MODIFY `id` int(30) NOT NULL AUTO_INCREMENT, AUTO_INCREMENT=568;

--
-- AUTO_INCREMENT for table `subject_course_mapping`
--
ALTER TABLE `subject_course_mapping`
  MODIFY `id` int(11) NOT NULL AUTO_INCREMENT, AUTO_INCREMENT=5;

--
-- AUTO_INCREMENT for table `subject_list`
--
ALTER TABLE `subject_list`
  MODIFY `id` int(30) NOT NULL AUTO_INCREMENT, AUTO_INCREMENT=102;

--
-- AUTO_INCREMENT for table `system_settings`
--
ALTER TABLE `system_settings`
  MODIFY `id` int(30) NOT NULL AUTO_INCREMENT, AUTO_INCREMENT=2;

--
-- AUTO_INCREMENT for table `users`
--
ALTER TABLE `users`
  MODIFY `id` int(30) NOT NULL AUTO_INCREMENT, AUTO_INCREMENT=7;
COMMIT;

/*!40101 SET CHARACTER_SET_CLIENT=@OLD_CHARACTER_SET_CLIENT */;
/*!40101 SET CHARACTER_SET_RESULTS=@OLD_CHARACTER_SET_RESULTS */;
/*!40101 SET COLLATION_CONNECTION=@OLD_COLLATION_CONNECTION */;
